INSERT INTO GLOBALSETTINGS (GLOBALSETTINGS_ID, EMERGENCY_DESTINATION, LAST_UPDATE_TIMESTAMP) VALUES (1, '9999', SYSDATE);
INSERT INTO HOLIDAYSLIST (HOLIDAYSLIST_ID,DESCRIPTION,LAST_UPDATE_TIMESTAMP,NAME) VALUES (1,'Brazil National Holidays',SYSDATE,'Brazil Holidays');
INSERT INTO SEGMENTION_VARIABLE (SEGMENTATIONVAR_ID,NAME) VALUES (1,'OPERACAO');
INSERT INTO SEGMENTION_VARIABLE (SEGMENTATIONVAR_ID,NAME) VALUES (2,'CLIENTE');
INSERT INTO SEGMENTION_VARIABLE (SEGMENTATIONVAR_ID,NAME) VALUES (3,'IVR_GROUP');
INSERT INTO SEGMENTION_VARIABLE (SEGMENTATIONVAR_ID,NAME) VALUES (4,'POSSUI_OI_FIXO');
INSERT INTO SEGMENTION_VARIABLE (SEGMENTATIONVAR_ID,NAME) VALUES (5,'NDA');
INSERT INTO SEGMENTION_VARIABLE (SEGMENTATIONVAR_ID,NAME) VALUES (6,'DDD');
INSERT INTO SEGMENTION_VARIABLE (SEGMENTATIONVAR_ID,NAME) VALUES (7,'PRODUTO');
INSERT INTO SEGMENTION_VARIABLE (SEGMENTATIONVAR_ID,NAME) VALUES (8,'COMBINADO_COM');
INSERT INTO SEGMENTION_VARIABLE (SEGMENTATIONVAR_ID,NAME) VALUES (9,'ERRO');
INSERT INTO SEGMENTION_VARIABLE (SEGMENTATIONVAR_ID,NAME) VALUES (10,'POSSUI_PRODUTO');
INSERT INTO SEGMENTION_VARIABLE (SEGMENTATIONVAR_ID,NAME) VALUES (11,'ORIGEM');
INSERT INTO CALLCENTER (CALLCENTER_ID,CALL_LIMIT,CALL_LIMIT_PERIOD,DESCRIPTION,EMERGENCY,LAST_UPDATE_TIMESTAMP,NAME,HOLIDAYSLIST_ID) VALUES (1,35000,0,'Operacao BRTCC (Curitiba)',0,SYSDATE,'Operacao BRTCC (Curitiba)',1);
INSERT INTO SITE (SITE_ID,CALLLIMIT,CALLLIMIT_PERIOD,DESCRIPTION,EMERGENCY,IS_OVERWRITE_CALLLIMIT,IS_OVERWRITE_WEEKHOURCONFIG,IS_OVERWRITE_HOLIDAYLIST,LAST_UPDATE_TIMESTAMP,NAME,CALLCENTER_ID,HOLIDAYSLIST_ID) VALUES (1,1000,0,'Prado A - Callcenter 1',0,0,0,0,SYSDATE,'Prado A - Callcenter 1',1,1);
INSERT INTO DESTINATION (DESTINATION_ID,AUDIO_ID,DESCRIPTION,DESTINATION_NUMBER,LAST_UPDATE_TIMESTAMP,NAME,HOLIDAYSLIST_ID,SITE_ID,IS_OVERWRITE_WEEKHOURCONFIG,IS_OVERWRITE_HOLIDAYLIST) VALUES (1,'audio','21401','21401',SYSDATE,'21401',1,1,1,1);
INSERT INTO WEEKHOURCONFIG (WKCONFIG_ID,ENDTIME,IS_CLOSED,STARTTIME,WEEKDAY,CALLCENTER_ID,DESTINATION_ID,SITE_ID) VALUES (1,TO_DATE('2100-12-31 23:59:59','YYYY-MM-DD HH24:MI:SS'),0,TO_DATE('1970-01-01 00:00:00','YYYY-MM-DD HH24:MI:SS'),0,1,1,1);
INSERT INTO SITE_WEEKHOURCONFIG (SITE_SITE_ID,WEEKCONFIGS_WKCONFIG_ID) VALUES (1, 1);
INSERT INTO WEEKHOURCONFIG (WKCONFIG_ID,ENDTIME,IS_CLOSED,STARTTIME,WEEKDAY,CALLCENTER_ID,DESTINATION_ID,SITE_ID) VALUES (2,TO_DATE('2100-12-31 23:59:59','YYYY-MM-DD HH24:MI:SS'),0,TO_DATE('1970-01-01 00:00:00','YYYY-MM-DD HH24:MI:SS'),1,1,1,1);
INSERT INTO SITE_WEEKHOURCONFIG (SITE_SITE_ID,WEEKCONFIGS_WKCONFIG_ID) VALUES (1, 2);
INSERT INTO WEEKHOURCONFIG (WKCONFIG_ID,ENDTIME,IS_CLOSED,STARTTIME,WEEKDAY,CALLCENTER_ID,DESTINATION_ID,SITE_ID) VALUES (3,TO_DATE('2100-12-31 23:59:59','YYYY-MM-DD HH24:MI:SS'),0,TO_DATE('1970-01-01 00:00:00','YYYY-MM-DD HH24:MI:SS'),2,1,1,1);
INSERT INTO SITE_WEEKHOURCONFIG (SITE_SITE_ID,WEEKCONFIGS_WKCONFIG_ID) VALUES (1, 3);
INSERT INTO WEEKHOURCONFIG (WKCONFIG_ID,ENDTIME,IS_CLOSED,STARTTIME,WEEKDAY,CALLCENTER_ID,DESTINATION_ID,SITE_ID) VALUES (4,TO_DATE('2100-12-31 23:59:59','YYYY-MM-DD HH24:MI:SS'),0,TO_DATE('1970-01-01 00:00:00','YYYY-MM-DD HH24:MI:SS'),3,1,1,1);
INSERT INTO SITE_WEEKHOURCONFIG (SITE_SITE_ID,WEEKCONFIGS_WKCONFIG_ID) VALUES (1, 4);
INSERT INTO WEEKHOURCONFIG (WKCONFIG_ID,ENDTIME,IS_CLOSED,STARTTIME,WEEKDAY,CALLCENTER_ID,DESTINATION_ID,SITE_ID) VALUES (5,TO_DATE('2100-12-31 23:59:59','YYYY-MM-DD HH24:MI:SS'),0,TO_DATE('1970-01-01 00:00:00','YYYY-MM-DD HH24:MI:SS'),4,1,1,1);
INSERT INTO SITE_WEEKHOURCONFIG (SITE_SITE_ID,WEEKCONFIGS_WKCONFIG_ID) VALUES (1, 5);
INSERT INTO WEEKHOURCONFIG (WKCONFIG_ID,ENDTIME,IS_CLOSED,STARTTIME,WEEKDAY,CALLCENTER_ID,DESTINATION_ID,SITE_ID) VALUES (6,TO_DATE('2100-12-31 23:59:59','YYYY-MM-DD HH24:MI:SS'),0,TO_DATE('1970-01-01 00:00:00','YYYY-MM-DD HH24:MI:SS'),5,1,1,1);
INSERT INTO SITE_WEEKHOURCONFIG (SITE_SITE_ID,WEEKCONFIGS_WKCONFIG_ID) VALUES (1, 6);
INSERT INTO WEEKHOURCONFIG (WKCONFIG_ID,ENDTIME,IS_CLOSED,STARTTIME,WEEKDAY,CALLCENTER_ID,DESTINATION_ID,SITE_ID) VALUES (7,TO_DATE('2100-12-31 23:59:59','YYYY-MM-DD HH24:MI:SS'),0,TO_DATE('1970-01-01 00:00:00','YYYY-MM-DD HH24:MI:SS'),6,1,1,1);
INSERT INTO SITE_WEEKHOURCONFIG (SITE_SITE_ID,WEEKCONFIGS_WKCONFIG_ID) VALUES (1, 7);
INSERT INTO DESTINATION (DESTINATION_ID,AUDIO_ID,DESCRIPTION,DESTINATION_NUMBER,LAST_UPDATE_TIMESTAMP,NAME,HOLIDAYSLIST_ID,SITE_ID,IS_OVERWRITE_WEEKHOURCONFIG,IS_OVERWRITE_HOLIDAYLIST) VALUES (2,'audio','75336','75336',SYSDATE,'75336',1,1,1,1);
INSERT INTO WEEKHOURCONFIG (WKCONFIG_ID,ENDTIME,IS_CLOSED,STARTTIME,WEEKDAY,CALLCENTER_ID,DESTINATION_ID,SITE_ID) VALUES (8,TO_DATE('2100-12-31 23:59:59','YYYY-MM-DD HH24:MI:SS'),0,TO_DATE('1970-01-01 00:00:00','YYYY-MM-DD HH24:MI:SS'),0,1,2,1);
INSERT INTO SITE_WEEKHOURCONFIG (SITE_SITE_ID,WEEKCONFIGS_WKCONFIG_ID) VALUES (1, 8);
INSERT INTO WEEKHOURCONFIG (WKCONFIG_ID,ENDTIME,IS_CLOSED,STARTTIME,WEEKDAY,CALLCENTER_ID,DESTINATION_ID,SITE_ID) VALUES (9,TO_DATE('2100-12-31 23:59:59','YYYY-MM-DD HH24:MI:SS'),0,TO_DATE('1970-01-01 00:00:00','YYYY-MM-DD HH24:MI:SS'),1,1,2,1);
INSERT INTO SITE_WEEKHOURCONFIG (SITE_SITE_ID,WEEKCONFIGS_WKCONFIG_ID) VALUES (1, 9);
INSERT INTO WEEKHOURCONFIG (WKCONFIG_ID,ENDTIME,IS_CLOSED,STARTTIME,WEEKDAY,CALLCENTER_ID,DESTINATION_ID,SITE_ID) VALUES (10,TO_DATE('2100-12-31 23:59:59','YYYY-MM-DD HH24:MI:SS'),0,TO_DATE('1970-01-01 00:00:00','YYYY-MM-DD HH24:MI:SS'),2,1,2,1);
INSERT INTO SITE_WEEKHOURCONFIG (SITE_SITE_ID,WEEKCONFIGS_WKCONFIG_ID) VALUES (1, 10);
INSERT INTO WEEKHOURCONFIG (WKCONFIG_ID,ENDTIME,IS_CLOSED,STARTTIME,WEEKDAY,CALLCENTER_ID,DESTINATION_ID,SITE_ID) VALUES (11,TO_DATE('2100-12-31 23:59:59','YYYY-MM-DD HH24:MI:SS'),0,TO_DATE('1970-01-01 00:00:00','YYYY-MM-DD HH24:MI:SS'),3,1,2,1);
INSERT INTO SITE_WEEKHOURCONFIG (SITE_SITE_ID,WEEKCONFIGS_WKCONFIG_ID) VALUES (1, 11);
INSERT INTO WEEKHOURCONFIG (WKCONFIG_ID,ENDTIME,IS_CLOSED,STARTTIME,WEEKDAY,CALLCENTER_ID,DESTINATION_ID,SITE_ID) VALUES (12,TO_DATE('2100-12-31 23:59:59','YYYY-MM-DD HH24:MI:SS'),0,TO_DATE('1970-01-01 00:00:00','YYYY-MM-DD HH24:MI:SS'),4,1,2,1);
INSERT INTO SITE_WEEKHOURCONFIG (SITE_SITE_ID,WEEKCONFIGS_WKCONFIG_ID) VALUES (1, 12);
INSERT INTO WEEKHOURCONFIG (WKCONFIG_ID,ENDTIME,IS_CLOSED,STARTTIME,WEEKDAY,CALLCENTER_ID,DESTINATION_ID,SITE_ID) VALUES (13,TO_DATE('2100-12-31 23:59:59','YYYY-MM-DD HH24:MI:SS'),0,TO_DATE('1970-01-01 00:00:00','YYYY-MM-DD HH24:MI:SS'),5,1,2,1);
INSERT INTO SITE_WEEKHOURCONFIG (SITE_SITE_ID,WEEKCONFIGS_WKCONFIG_ID) VALUES (1, 13);
INSERT INTO WEEKHOURCONFIG (WKCONFIG_ID,ENDTIME,IS_CLOSED,STARTTIME,WEEKDAY,CALLCENTER_ID,DESTINATION_ID,SITE_ID) VALUES (14,TO_DATE('2100-12-31 23:59:59','YYYY-MM-DD HH24:MI:SS'),0,TO_DATE('1970-01-01 00:00:00','YYYY-MM-DD HH24:MI:SS'),6,1,2,1);
INSERT INTO SITE_WEEKHOURCONFIG (SITE_SITE_ID,WEEKCONFIGS_WKCONFIG_ID) VALUES (1, 14);
INSERT INTO DESTINATION (DESTINATION_ID,AUDIO_ID,DESCRIPTION,DESTINATION_NUMBER,LAST_UPDATE_TIMESTAMP,NAME,HOLIDAYSLIST_ID,SITE_ID,IS_OVERWRITE_WEEKHOURCONFIG,IS_OVERWRITE_HOLIDAYLIST) VALUES (3,'audio','75651','75651',SYSDATE,'75651',1,1,1,1);
INSERT INTO WEEKHOURCONFIG (WKCONFIG_ID,ENDTIME,IS_CLOSED,STARTTIME,WEEKDAY,CALLCENTER_ID,DESTINATION_ID,SITE_ID) VALUES (15,TO_DATE('2100-12-31 23:59:59','YYYY-MM-DD HH24:MI:SS'),0,TO_DATE('1970-01-01 00:00:00','YYYY-MM-DD HH24:MI:SS'),0,1,3,1);
INSERT INTO SITE_WEEKHOURCONFIG (SITE_SITE_ID,WEEKCONFIGS_WKCONFIG_ID) VALUES (1, 15);
INSERT INTO WEEKHOURCONFIG (WKCONFIG_ID,ENDTIME,IS_CLOSED,STARTTIME,WEEKDAY,CALLCENTER_ID,DESTINATION_ID,SITE_ID) VALUES (16,TO_DATE('2100-12-31 23:59:59','YYYY-MM-DD HH24:MI:SS'),0,TO_DATE('1970-01-01 00:00:00','YYYY-MM-DD HH24:MI:SS'),1,1,3,1);
INSERT INTO SITE_WEEKHOURCONFIG (SITE_SITE_ID,WEEKCONFIGS_WKCONFIG_ID) VALUES (1, 16);
INSERT INTO WEEKHOURCONFIG (WKCONFIG_ID,ENDTIME,IS_CLOSED,STARTTIME,WEEKDAY,CALLCENTER_ID,DESTINATION_ID,SITE_ID) VALUES (17,TO_DATE('2100-12-31 23:59:59','YYYY-MM-DD HH24:MI:SS'),0,TO_DATE('1970-01-01 00:00:00','YYYY-MM-DD HH24:MI:SS'),2,1,3,1);
INSERT INTO SITE_WEEKHOURCONFIG (SITE_SITE_ID,WEEKCONFIGS_WKCONFIG_ID) VALUES (1, 17);
INSERT INTO WEEKHOURCONFIG (WKCONFIG_ID,ENDTIME,IS_CLOSED,STARTTIME,WEEKDAY,CALLCENTER_ID,DESTINATION_ID,SITE_ID) VALUES (18,TO_DATE('2100-12-31 23:59:59','YYYY-MM-DD HH24:MI:SS'),0,TO_DATE('1970-01-01 00:00:00','YYYY-MM-DD HH24:MI:SS'),3,1,3,1);
INSERT INTO SITE_WEEKHOURCONFIG (SITE_SITE_ID,WEEKCONFIGS_WKCONFIG_ID) VALUES (1, 18);
INSERT INTO WEEKHOURCONFIG (WKCONFIG_ID,ENDTIME,IS_CLOSED,STARTTIME,WEEKDAY,CALLCENTER_ID,DESTINATION_ID,SITE_ID) VALUES (19,TO_DATE('2100-12-31 23:59:59','YYYY-MM-DD HH24:MI:SS'),0,TO_DATE('1970-01-01 00:00:00','YYYY-MM-DD HH24:MI:SS'),4,1,3,1);
INSERT INTO SITE_WEEKHOURCONFIG (SITE_SITE_ID,WEEKCONFIGS_WKCONFIG_ID) VALUES (1, 19);
INSERT INTO WEEKHOURCONFIG (WKCONFIG_ID,ENDTIME,IS_CLOSED,STARTTIME,WEEKDAY,CALLCENTER_ID,DESTINATION_ID,SITE_ID) VALUES (20,TO_DATE('2100-12-31 23:59:59','YYYY-MM-DD HH24:MI:SS'),0,TO_DATE('1970-01-01 00:00:00','YYYY-MM-DD HH24:MI:SS'),5,1,3,1);
INSERT INTO SITE_WEEKHOURCONFIG (SITE_SITE_ID,WEEKCONFIGS_WKCONFIG_ID) VALUES (1, 20);
INSERT INTO WEEKHOURCONFIG (WKCONFIG_ID,ENDTIME,IS_CLOSED,STARTTIME,WEEKDAY,CALLCENTER_ID,DESTINATION_ID,SITE_ID) VALUES (21,TO_DATE('2100-12-31 23:59:59','YYYY-MM-DD HH24:MI:SS'),0,TO_DATE('1970-01-01 00:00:00','YYYY-MM-DD HH24:MI:SS'),6,1,3,1);
INSERT INTO SITE_WEEKHOURCONFIG (SITE_SITE_ID,WEEKCONFIGS_WKCONFIG_ID) VALUES (1, 21);
INSERT INTO DESTINATION (DESTINATION_ID,AUDIO_ID,DESCRIPTION,DESTINATION_NUMBER,LAST_UPDATE_TIMESTAMP,NAME,HOLIDAYSLIST_ID,SITE_ID,IS_OVERWRITE_WEEKHOURCONFIG,IS_OVERWRITE_HOLIDAYLIST) VALUES (4,'audio','75879','75879',SYSDATE,'75879',1,1,1,1);
INSERT INTO WEEKHOURCONFIG (WKCONFIG_ID,ENDTIME,IS_CLOSED,STARTTIME,WEEKDAY,CALLCENTER_ID,DESTINATION_ID,SITE_ID) VALUES (22,TO_DATE('2100-12-31 23:59:59','YYYY-MM-DD HH24:MI:SS'),0,TO_DATE('1970-01-01 00:00:00','YYYY-MM-DD HH24:MI:SS'),0,1,4,1);
INSERT INTO SITE_WEEKHOURCONFIG (SITE_SITE_ID,WEEKCONFIGS_WKCONFIG_ID) VALUES (1, 22);
INSERT INTO WEEKHOURCONFIG (WKCONFIG_ID,ENDTIME,IS_CLOSED,STARTTIME,WEEKDAY,CALLCENTER_ID,DESTINATION_ID,SITE_ID) VALUES (23,TO_DATE('2100-12-31 23:59:59','YYYY-MM-DD HH24:MI:SS'),0,TO_DATE('1970-01-01 00:00:00','YYYY-MM-DD HH24:MI:SS'),1,1,4,1);
INSERT INTO SITE_WEEKHOURCONFIG (SITE_SITE_ID,WEEKCONFIGS_WKCONFIG_ID) VALUES (1, 23);
INSERT INTO WEEKHOURCONFIG (WKCONFIG_ID,ENDTIME,IS_CLOSED,STARTTIME,WEEKDAY,CALLCENTER_ID,DESTINATION_ID,SITE_ID) VALUES (24,TO_DATE('2100-12-31 23:59:59','YYYY-MM-DD HH24:MI:SS'),0,TO_DATE('1970-01-01 00:00:00','YYYY-MM-DD HH24:MI:SS'),2,1,4,1);
INSERT INTO SITE_WEEKHOURCONFIG (SITE_SITE_ID,WEEKCONFIGS_WKCONFIG_ID) VALUES (1, 24);
INSERT INTO WEEKHOURCONFIG (WKCONFIG_ID,ENDTIME,IS_CLOSED,STARTTIME,WEEKDAY,CALLCENTER_ID,DESTINATION_ID,SITE_ID) VALUES (25,TO_DATE('2100-12-31 23:59:59','YYYY-MM-DD HH24:MI:SS'),0,TO_DATE('1970-01-01 00:00:00','YYYY-MM-DD HH24:MI:SS'),3,1,4,1);
INSERT INTO SITE_WEEKHOURCONFIG (SITE_SITE_ID,WEEKCONFIGS_WKCONFIG_ID) VALUES (1, 25);
INSERT INTO WEEKHOURCONFIG (WKCONFIG_ID,ENDTIME,IS_CLOSED,STARTTIME,WEEKDAY,CALLCENTER_ID,DESTINATION_ID,SITE_ID) VALUES (26,TO_DATE('2100-12-31 23:59:59','YYYY-MM-DD HH24:MI:SS'),0,TO_DATE('1970-01-01 00:00:00','YYYY-MM-DD HH24:MI:SS'),4,1,4,1);
INSERT INTO SITE_WEEKHOURCONFIG (SITE_SITE_ID,WEEKCONFIGS_WKCONFIG_ID) VALUES (1, 26);
INSERT INTO WEEKHOURCONFIG (WKCONFIG_ID,ENDTIME,IS_CLOSED,STARTTIME,WEEKDAY,CALLCENTER_ID,DESTINATION_ID,SITE_ID) VALUES (27,TO_DATE('2100-12-31 23:59:59','YYYY-MM-DD HH24:MI:SS'),0,TO_DATE('1970-01-01 00:00:00','YYYY-MM-DD HH24:MI:SS'),5,1,4,1);
INSERT INTO SITE_WEEKHOURCONFIG (SITE_SITE_ID,WEEKCONFIGS_WKCONFIG_ID) VALUES (1, 27);
INSERT INTO WEEKHOURCONFIG (WKCONFIG_ID,ENDTIME,IS_CLOSED,STARTTIME,WEEKDAY,CALLCENTER_ID,DESTINATION_ID,SITE_ID) VALUES (28,TO_DATE('2100-12-31 23:59:59','YYYY-MM-DD HH24:MI:SS'),0,TO_DATE('1970-01-01 00:00:00','YYYY-MM-DD HH24:MI:SS'),6,1,4,1);
INSERT INTO SITE_WEEKHOURCONFIG (SITE_SITE_ID,WEEKCONFIGS_WKCONFIG_ID) VALUES (1, 28);
INSERT INTO DESTINATION (DESTINATION_ID,AUDIO_ID,DESCRIPTION,DESTINATION_NUMBER,LAST_UPDATE_TIMESTAMP,NAME,HOLIDAYSLIST_ID,SITE_ID,IS_OVERWRITE_WEEKHOURCONFIG,IS_OVERWRITE_HOLIDAYLIST) VALUES (5,'audio','75819','75819',SYSDATE,'75819',1,1,1,1);
INSERT INTO WEEKHOURCONFIG (WKCONFIG_ID,ENDTIME,IS_CLOSED,STARTTIME,WEEKDAY,CALLCENTER_ID,DESTINATION_ID,SITE_ID) VALUES (29,TO_DATE('2100-12-31 23:59:59','YYYY-MM-DD HH24:MI:SS'),0,TO_DATE('1970-01-01 00:00:00','YYYY-MM-DD HH24:MI:SS'),0,1,5,1);
INSERT INTO SITE_WEEKHOURCONFIG (SITE_SITE_ID,WEEKCONFIGS_WKCONFIG_ID) VALUES (1, 29);
INSERT INTO WEEKHOURCONFIG (WKCONFIG_ID,ENDTIME,IS_CLOSED,STARTTIME,WEEKDAY,CALLCENTER_ID,DESTINATION_ID,SITE_ID) VALUES (30,TO_DATE('2100-12-31 23:59:59','YYYY-MM-DD HH24:MI:SS'),0,TO_DATE('1970-01-01 00:00:00','YYYY-MM-DD HH24:MI:SS'),1,1,5,1);
INSERT INTO SITE_WEEKHOURCONFIG (SITE_SITE_ID,WEEKCONFIGS_WKCONFIG_ID) VALUES (1, 30);
INSERT INTO WEEKHOURCONFIG (WKCONFIG_ID,ENDTIME,IS_CLOSED,STARTTIME,WEEKDAY,CALLCENTER_ID,DESTINATION_ID,SITE_ID) VALUES (31,TO_DATE('2100-12-31 23:59:59','YYYY-MM-DD HH24:MI:SS'),0,TO_DATE('1970-01-01 00:00:00','YYYY-MM-DD HH24:MI:SS'),2,1,5,1);
INSERT INTO SITE_WEEKHOURCONFIG (SITE_SITE_ID,WEEKCONFIGS_WKCONFIG_ID) VALUES (1, 31);
INSERT INTO WEEKHOURCONFIG (WKCONFIG_ID,ENDTIME,IS_CLOSED,STARTTIME,WEEKDAY,CALLCENTER_ID,DESTINATION_ID,SITE_ID) VALUES (32,TO_DATE('2100-12-31 23:59:59','YYYY-MM-DD HH24:MI:SS'),0,TO_DATE('1970-01-01 00:00:00','YYYY-MM-DD HH24:MI:SS'),3,1,5,1);
INSERT INTO SITE_WEEKHOURCONFIG (SITE_SITE_ID,WEEKCONFIGS_WKCONFIG_ID) VALUES (1, 32);
INSERT INTO WEEKHOURCONFIG (WKCONFIG_ID,ENDTIME,IS_CLOSED,STARTTIME,WEEKDAY,CALLCENTER_ID,DESTINATION_ID,SITE_ID) VALUES (33,TO_DATE('2100-12-31 23:59:59','YYYY-MM-DD HH24:MI:SS'),0,TO_DATE('1970-01-01 00:00:00','YYYY-MM-DD HH24:MI:SS'),4,1,5,1);
INSERT INTO SITE_WEEKHOURCONFIG (SITE_SITE_ID,WEEKCONFIGS_WKCONFIG_ID) VALUES (1, 33);
INSERT INTO WEEKHOURCONFIG (WKCONFIG_ID,ENDTIME,IS_CLOSED,STARTTIME,WEEKDAY,CALLCENTER_ID,DESTINATION_ID,SITE_ID) VALUES (34,TO_DATE('2100-12-31 23:59:59','YYYY-MM-DD HH24:MI:SS'),0,TO_DATE('1970-01-01 00:00:00','YYYY-MM-DD HH24:MI:SS'),5,1,5,1);
INSERT INTO SITE_WEEKHOURCONFIG (SITE_SITE_ID,WEEKCONFIGS_WKCONFIG_ID) VALUES (1, 34);
INSERT INTO WEEKHOURCONFIG (WKCONFIG_ID,ENDTIME,IS_CLOSED,STARTTIME,WEEKDAY,CALLCENTER_ID,DESTINATION_ID,SITE_ID) VALUES (35,TO_DATE('2100-12-31 23:59:59','YYYY-MM-DD HH24:MI:SS'),0,TO_DATE('1970-01-01 00:00:00','YYYY-MM-DD HH24:MI:SS'),6,1,5,1);
INSERT INTO SITE_WEEKHOURCONFIG (SITE_SITE_ID,WEEKCONFIGS_WKCONFIG_ID) VALUES (1, 35);
INSERT INTO DESTINATION (DESTINATION_ID,AUDIO_ID,DESCRIPTION,DESTINATION_NUMBER,LAST_UPDATE_TIMESTAMP,NAME,HOLIDAYSLIST_ID,SITE_ID,IS_OVERWRITE_WEEKHOURCONFIG,IS_OVERWRITE_HOLIDAYLIST) VALUES (6,'audio','75839','75839',SYSDATE,'75839',1,1,1,1);
INSERT INTO WEEKHOURCONFIG (WKCONFIG_ID,ENDTIME,IS_CLOSED,STARTTIME,WEEKDAY,CALLCENTER_ID,DESTINATION_ID,SITE_ID) VALUES (36,TO_DATE('2100-12-31 23:59:59','YYYY-MM-DD HH24:MI:SS'),0,TO_DATE('1970-01-01 00:00:00','YYYY-MM-DD HH24:MI:SS'),0,1,6,1);
INSERT INTO SITE_WEEKHOURCONFIG (SITE_SITE_ID,WEEKCONFIGS_WKCONFIG_ID) VALUES (1, 36);
INSERT INTO WEEKHOURCONFIG (WKCONFIG_ID,ENDTIME,IS_CLOSED,STARTTIME,WEEKDAY,CALLCENTER_ID,DESTINATION_ID,SITE_ID) VALUES (37,TO_DATE('2100-12-31 23:59:59','YYYY-MM-DD HH24:MI:SS'),0,TO_DATE('1970-01-01 00:00:00','YYYY-MM-DD HH24:MI:SS'),1,1,6,1);
INSERT INTO SITE_WEEKHOURCONFIG (SITE_SITE_ID,WEEKCONFIGS_WKCONFIG_ID) VALUES (1, 37);
INSERT INTO WEEKHOURCONFIG (WKCONFIG_ID,ENDTIME,IS_CLOSED,STARTTIME,WEEKDAY,CALLCENTER_ID,DESTINATION_ID,SITE_ID) VALUES (38,TO_DATE('2100-12-31 23:59:59','YYYY-MM-DD HH24:MI:SS'),0,TO_DATE('1970-01-01 00:00:00','YYYY-MM-DD HH24:MI:SS'),2,1,6,1);
INSERT INTO SITE_WEEKHOURCONFIG (SITE_SITE_ID,WEEKCONFIGS_WKCONFIG_ID) VALUES (1, 38);
INSERT INTO WEEKHOURCONFIG (WKCONFIG_ID,ENDTIME,IS_CLOSED,STARTTIME,WEEKDAY,CALLCENTER_ID,DESTINATION_ID,SITE_ID) VALUES (39,TO_DATE('2100-12-31 23:59:59','YYYY-MM-DD HH24:MI:SS'),0,TO_DATE('1970-01-01 00:00:00','YYYY-MM-DD HH24:MI:SS'),3,1,6,1);
INSERT INTO SITE_WEEKHOURCONFIG (SITE_SITE_ID,WEEKCONFIGS_WKCONFIG_ID) VALUES (1, 39);
INSERT INTO WEEKHOURCONFIG (WKCONFIG_ID,ENDTIME,IS_CLOSED,STARTTIME,WEEKDAY,CALLCENTER_ID,DESTINATION_ID,SITE_ID) VALUES (40,TO_DATE('2100-12-31 23:59:59','YYYY-MM-DD HH24:MI:SS'),0,TO_DATE('1970-01-01 00:00:00','YYYY-MM-DD HH24:MI:SS'),4,1,6,1);
INSERT INTO SITE_WEEKHOURCONFIG (SITE_SITE_ID,WEEKCONFIGS_WKCONFIG_ID) VALUES (1, 40);
INSERT INTO WEEKHOURCONFIG (WKCONFIG_ID,ENDTIME,IS_CLOSED,STARTTIME,WEEKDAY,CALLCENTER_ID,DESTINATION_ID,SITE_ID) VALUES (41,TO_DATE('2100-12-31 23:59:59','YYYY-MM-DD HH24:MI:SS'),0,TO_DATE('1970-01-01 00:00:00','YYYY-MM-DD HH24:MI:SS'),5,1,6,1);
INSERT INTO SITE_WEEKHOURCONFIG (SITE_SITE_ID,WEEKCONFIGS_WKCONFIG_ID) VALUES (1, 41);
INSERT INTO WEEKHOURCONFIG (WKCONFIG_ID,ENDTIME,IS_CLOSED,STARTTIME,WEEKDAY,CALLCENTER_ID,DESTINATION_ID,SITE_ID) VALUES (42,TO_DATE('2100-12-31 23:59:59','YYYY-MM-DD HH24:MI:SS'),0,TO_DATE('1970-01-01 00:00:00','YYYY-MM-DD HH24:MI:SS'),6,1,6,1);
INSERT INTO SITE_WEEKHOURCONFIG (SITE_SITE_ID,WEEKCONFIGS_WKCONFIG_ID) VALUES (1, 42);
INSERT INTO DESTINATION (DESTINATION_ID,AUDIO_ID,DESCRIPTION,DESTINATION_NUMBER,LAST_UPDATE_TIMESTAMP,NAME,HOLIDAYSLIST_ID,SITE_ID,IS_OVERWRITE_WEEKHOURCONFIG,IS_OVERWRITE_HOLIDAYLIST) VALUES (7,'audio','75339','75339',SYSDATE,'75339',1,1,1,1);
INSERT INTO WEEKHOURCONFIG (WKCONFIG_ID,ENDTIME,IS_CLOSED,STARTTIME,WEEKDAY,CALLCENTER_ID,DESTINATION_ID,SITE_ID) VALUES (43,TO_DATE('2100-12-31 23:59:59','YYYY-MM-DD HH24:MI:SS'),0,TO_DATE('1970-01-01 00:00:00','YYYY-MM-DD HH24:MI:SS'),0,1,7,1);
INSERT INTO SITE_WEEKHOURCONFIG (SITE_SITE_ID,WEEKCONFIGS_WKCONFIG_ID) VALUES (1, 43);
INSERT INTO WEEKHOURCONFIG (WKCONFIG_ID,ENDTIME,IS_CLOSED,STARTTIME,WEEKDAY,CALLCENTER_ID,DESTINATION_ID,SITE_ID) VALUES (44,TO_DATE('2100-12-31 23:59:59','YYYY-MM-DD HH24:MI:SS'),0,TO_DATE('1970-01-01 00:00:00','YYYY-MM-DD HH24:MI:SS'),1,1,7,1);
INSERT INTO SITE_WEEKHOURCONFIG (SITE_SITE_ID,WEEKCONFIGS_WKCONFIG_ID) VALUES (1, 44);
INSERT INTO WEEKHOURCONFIG (WKCONFIG_ID,ENDTIME,IS_CLOSED,STARTTIME,WEEKDAY,CALLCENTER_ID,DESTINATION_ID,SITE_ID) VALUES (45,TO_DATE('2100-12-31 23:59:59','YYYY-MM-DD HH24:MI:SS'),0,TO_DATE('1970-01-01 00:00:00','YYYY-MM-DD HH24:MI:SS'),2,1,7,1);
INSERT INTO SITE_WEEKHOURCONFIG (SITE_SITE_ID,WEEKCONFIGS_WKCONFIG_ID) VALUES (1, 45);
INSERT INTO WEEKHOURCONFIG (WKCONFIG_ID,ENDTIME,IS_CLOSED,STARTTIME,WEEKDAY,CALLCENTER_ID,DESTINATION_ID,SITE_ID) VALUES (46,TO_DATE('2100-12-31 23:59:59','YYYY-MM-DD HH24:MI:SS'),0,TO_DATE('1970-01-01 00:00:00','YYYY-MM-DD HH24:MI:SS'),3,1,7,1);
INSERT INTO SITE_WEEKHOURCONFIG (SITE_SITE_ID,WEEKCONFIGS_WKCONFIG_ID) VALUES (1, 46);
INSERT INTO WEEKHOURCONFIG (WKCONFIG_ID,ENDTIME,IS_CLOSED,STARTTIME,WEEKDAY,CALLCENTER_ID,DESTINATION_ID,SITE_ID) VALUES (47,TO_DATE('2100-12-31 23:59:59','YYYY-MM-DD HH24:MI:SS'),0,TO_DATE('1970-01-01 00:00:00','YYYY-MM-DD HH24:MI:SS'),4,1,7,1);
INSERT INTO SITE_WEEKHOURCONFIG (SITE_SITE_ID,WEEKCONFIGS_WKCONFIG_ID) VALUES (1, 47);
INSERT INTO WEEKHOURCONFIG (WKCONFIG_ID,ENDTIME,IS_CLOSED,STARTTIME,WEEKDAY,CALLCENTER_ID,DESTINATION_ID,SITE_ID) VALUES (48,TO_DATE('2100-12-31 23:59:59','YYYY-MM-DD HH24:MI:SS'),0,TO_DATE('1970-01-01 00:00:00','YYYY-MM-DD HH24:MI:SS'),5,1,7,1);
INSERT INTO SITE_WEEKHOURCONFIG (SITE_SITE_ID,WEEKCONFIGS_WKCONFIG_ID) VALUES (1, 48);
INSERT INTO WEEKHOURCONFIG (WKCONFIG_ID,ENDTIME,IS_CLOSED,STARTTIME,WEEKDAY,CALLCENTER_ID,DESTINATION_ID,SITE_ID) VALUES (49,TO_DATE('2100-12-31 23:59:59','YYYY-MM-DD HH24:MI:SS'),0,TO_DATE('1970-01-01 00:00:00','YYYY-MM-DD HH24:MI:SS'),6,1,7,1);
INSERT INTO SITE_WEEKHOURCONFIG (SITE_SITE_ID,WEEKCONFIGS_WKCONFIG_ID) VALUES (1, 49);
INSERT INTO DESTINATION (DESTINATION_ID,AUDIO_ID,DESCRIPTION,DESTINATION_NUMBER,LAST_UPDATE_TIMESTAMP,NAME,HOLIDAYSLIST_ID,SITE_ID,IS_OVERWRITE_WEEKHOURCONFIG,IS_OVERWRITE_HOLIDAYLIST) VALUES (8,'audio','75360','75360',SYSDATE,'75360',1,1,1,1);
INSERT INTO WEEKHOURCONFIG (WKCONFIG_ID,ENDTIME,IS_CLOSED,STARTTIME,WEEKDAY,CALLCENTER_ID,DESTINATION_ID,SITE_ID) VALUES (50,TO_DATE('2100-12-31 23:59:59','YYYY-MM-DD HH24:MI:SS'),0,TO_DATE('1970-01-01 00:00:00','YYYY-MM-DD HH24:MI:SS'),0,1,8,1);
INSERT INTO SITE_WEEKHOURCONFIG (SITE_SITE_ID,WEEKCONFIGS_WKCONFIG_ID) VALUES (1, 50);
INSERT INTO WEEKHOURCONFIG (WKCONFIG_ID,ENDTIME,IS_CLOSED,STARTTIME,WEEKDAY,CALLCENTER_ID,DESTINATION_ID,SITE_ID) VALUES (51,TO_DATE('2100-12-31 23:59:59','YYYY-MM-DD HH24:MI:SS'),0,TO_DATE('1970-01-01 00:00:00','YYYY-MM-DD HH24:MI:SS'),1,1,8,1);
INSERT INTO SITE_WEEKHOURCONFIG (SITE_SITE_ID,WEEKCONFIGS_WKCONFIG_ID) VALUES (1, 51);
INSERT INTO WEEKHOURCONFIG (WKCONFIG_ID,ENDTIME,IS_CLOSED,STARTTIME,WEEKDAY,CALLCENTER_ID,DESTINATION_ID,SITE_ID) VALUES (52,TO_DATE('2100-12-31 23:59:59','YYYY-MM-DD HH24:MI:SS'),0,TO_DATE('1970-01-01 00:00:00','YYYY-MM-DD HH24:MI:SS'),2,1,8,1);
INSERT INTO SITE_WEEKHOURCONFIG (SITE_SITE_ID,WEEKCONFIGS_WKCONFIG_ID) VALUES (1, 52);
INSERT INTO WEEKHOURCONFIG (WKCONFIG_ID,ENDTIME,IS_CLOSED,STARTTIME,WEEKDAY,CALLCENTER_ID,DESTINATION_ID,SITE_ID) VALUES (53,TO_DATE('2100-12-31 23:59:59','YYYY-MM-DD HH24:MI:SS'),0,TO_DATE('1970-01-01 00:00:00','YYYY-MM-DD HH24:MI:SS'),3,1,8,1);
INSERT INTO SITE_WEEKHOURCONFIG (SITE_SITE_ID,WEEKCONFIGS_WKCONFIG_ID) VALUES (1, 53);
INSERT INTO WEEKHOURCONFIG (WKCONFIG_ID,ENDTIME,IS_CLOSED,STARTTIME,WEEKDAY,CALLCENTER_ID,DESTINATION_ID,SITE_ID) VALUES (54,TO_DATE('2100-12-31 23:59:59','YYYY-MM-DD HH24:MI:SS'),0,TO_DATE('1970-01-01 00:00:00','YYYY-MM-DD HH24:MI:SS'),4,1,8,1);
INSERT INTO SITE_WEEKHOURCONFIG (SITE_SITE_ID,WEEKCONFIGS_WKCONFIG_ID) VALUES (1, 54);
INSERT INTO WEEKHOURCONFIG (WKCONFIG_ID,ENDTIME,IS_CLOSED,STARTTIME,WEEKDAY,CALLCENTER_ID,DESTINATION_ID,SITE_ID) VALUES (55,TO_DATE('2100-12-31 23:59:59','YYYY-MM-DD HH24:MI:SS'),0,TO_DATE('1970-01-01 00:00:00','YYYY-MM-DD HH24:MI:SS'),5,1,8,1);
INSERT INTO SITE_WEEKHOURCONFIG (SITE_SITE_ID,WEEKCONFIGS_WKCONFIG_ID) VALUES (1, 55);
INSERT INTO WEEKHOURCONFIG (WKCONFIG_ID,ENDTIME,IS_CLOSED,STARTTIME,WEEKDAY,CALLCENTER_ID,DESTINATION_ID,SITE_ID) VALUES (56,TO_DATE('2100-12-31 23:59:59','YYYY-MM-DD HH24:MI:SS'),0,TO_DATE('1970-01-01 00:00:00','YYYY-MM-DD HH24:MI:SS'),6,1,8,1);
INSERT INTO SITE_WEEKHOURCONFIG (SITE_SITE_ID,WEEKCONFIGS_WKCONFIG_ID) VALUES (1, 56);
INSERT INTO CALLCENTER (CALLCENTER_ID,CALL_LIMIT,CALL_LIMIT_PERIOD,DESCRIPTION,EMERGENCY,LAST_UPDATE_TIMESTAMP,NAME,HOLIDAYSLIST_ID) VALUES (2,35000,0,'Operacao Contax',0,SYSDATE,'Operacao Contax',1);
INSERT INTO SITE (SITE_ID,CALLLIMIT,CALLLIMIT_PERIOD,DESCRIPTION,EMERGENCY,IS_OVERWRITE_CALLLIMIT,IS_OVERWRITE_WEEKHOURCONFIG,IS_OVERWRITE_HOLIDAYLIST,LAST_UPDATE_TIMESTAMP,NAME,CALLCENTER_ID,HOLIDAYSLIST_ID) VALUES (2,1000,0,'Prado A - Callcenter 2',0,0,0,0,SYSDATE,'Prado A - Callcenter 2',2,1);
INSERT INTO DESTINATION (DESTINATION_ID,AUDIO_ID,DESCRIPTION,DESTINATION_NUMBER,LAST_UPDATE_TIMESTAMP,NAME,HOLIDAYSLIST_ID,SITE_ID,IS_OVERWRITE_WEEKHOURCONFIG,IS_OVERWRITE_HOLIDAYLIST) VALUES (9,'audio','27274','27274',SYSDATE,'27274',1,2,1,1);
INSERT INTO WEEKHOURCONFIG (WKCONFIG_ID,ENDTIME,IS_CLOSED,STARTTIME,WEEKDAY,CALLCENTER_ID,DESTINATION_ID,SITE_ID) VALUES (57,TO_DATE('2100-12-31 23:59:59','YYYY-MM-DD HH24:MI:SS'),0,TO_DATE('1970-01-01 00:00:00','YYYY-MM-DD HH24:MI:SS'),0,2,9,2);
INSERT INTO SITE_WEEKHOURCONFIG (SITE_SITE_ID,WEEKCONFIGS_WKCONFIG_ID) VALUES (2, 57);
INSERT INTO WEEKHOURCONFIG (WKCONFIG_ID,ENDTIME,IS_CLOSED,STARTTIME,WEEKDAY,CALLCENTER_ID,DESTINATION_ID,SITE_ID) VALUES (58,TO_DATE('2100-12-31 23:59:59','YYYY-MM-DD HH24:MI:SS'),0,TO_DATE('1970-01-01 00:00:00','YYYY-MM-DD HH24:MI:SS'),1,2,9,2);
INSERT INTO SITE_WEEKHOURCONFIG (SITE_SITE_ID,WEEKCONFIGS_WKCONFIG_ID) VALUES (2, 58);
INSERT INTO WEEKHOURCONFIG (WKCONFIG_ID,ENDTIME,IS_CLOSED,STARTTIME,WEEKDAY,CALLCENTER_ID,DESTINATION_ID,SITE_ID) VALUES (59,TO_DATE('2100-12-31 23:59:59','YYYY-MM-DD HH24:MI:SS'),0,TO_DATE('1970-01-01 00:00:00','YYYY-MM-DD HH24:MI:SS'),2,2,9,2);
INSERT INTO SITE_WEEKHOURCONFIG (SITE_SITE_ID,WEEKCONFIGS_WKCONFIG_ID) VALUES (2, 59);
INSERT INTO WEEKHOURCONFIG (WKCONFIG_ID,ENDTIME,IS_CLOSED,STARTTIME,WEEKDAY,CALLCENTER_ID,DESTINATION_ID,SITE_ID) VALUES (60,TO_DATE('2100-12-31 23:59:59','YYYY-MM-DD HH24:MI:SS'),0,TO_DATE('1970-01-01 00:00:00','YYYY-MM-DD HH24:MI:SS'),3,2,9,2);
INSERT INTO SITE_WEEKHOURCONFIG (SITE_SITE_ID,WEEKCONFIGS_WKCONFIG_ID) VALUES (2, 60);
INSERT INTO WEEKHOURCONFIG (WKCONFIG_ID,ENDTIME,IS_CLOSED,STARTTIME,WEEKDAY,CALLCENTER_ID,DESTINATION_ID,SITE_ID) VALUES (61,TO_DATE('2100-12-31 23:59:59','YYYY-MM-DD HH24:MI:SS'),0,TO_DATE('1970-01-01 00:00:00','YYYY-MM-DD HH24:MI:SS'),4,2,9,2);
INSERT INTO SITE_WEEKHOURCONFIG (SITE_SITE_ID,WEEKCONFIGS_WKCONFIG_ID) VALUES (2, 61);
INSERT INTO WEEKHOURCONFIG (WKCONFIG_ID,ENDTIME,IS_CLOSED,STARTTIME,WEEKDAY,CALLCENTER_ID,DESTINATION_ID,SITE_ID) VALUES (62,TO_DATE('2100-12-31 23:59:59','YYYY-MM-DD HH24:MI:SS'),0,TO_DATE('1970-01-01 00:00:00','YYYY-MM-DD HH24:MI:SS'),5,2,9,2);
INSERT INTO SITE_WEEKHOURCONFIG (SITE_SITE_ID,WEEKCONFIGS_WKCONFIG_ID) VALUES (2, 62);
INSERT INTO WEEKHOURCONFIG (WKCONFIG_ID,ENDTIME,IS_CLOSED,STARTTIME,WEEKDAY,CALLCENTER_ID,DESTINATION_ID,SITE_ID) VALUES (63,TO_DATE('2100-12-31 23:59:59','YYYY-MM-DD HH24:MI:SS'),0,TO_DATE('1970-01-01 00:00:00','YYYY-MM-DD HH24:MI:SS'),6,2,9,2);
INSERT INTO SITE_WEEKHOURCONFIG (SITE_SITE_ID,WEEKCONFIGS_WKCONFIG_ID) VALUES (2, 63);
INSERT INTO DESTINATION (DESTINATION_ID,AUDIO_ID,DESCRIPTION,DESTINATION_NUMBER,LAST_UPDATE_TIMESTAMP,NAME,HOLIDAYSLIST_ID,SITE_ID,IS_OVERWRITE_WEEKHOURCONFIG,IS_OVERWRITE_HOLIDAYLIST) VALUES (10,'audio','20958','20958',SYSDATE,'20958',1,2,1,1);
INSERT INTO WEEKHOURCONFIG (WKCONFIG_ID,ENDTIME,IS_CLOSED,STARTTIME,WEEKDAY,CALLCENTER_ID,DESTINATION_ID,SITE_ID) VALUES (64,TO_DATE('2100-12-31 23:59:59','YYYY-MM-DD HH24:MI:SS'),0,TO_DATE('1970-01-01 00:00:00','YYYY-MM-DD HH24:MI:SS'),0,2,10,2);
INSERT INTO SITE_WEEKHOURCONFIG (SITE_SITE_ID,WEEKCONFIGS_WKCONFIG_ID) VALUES (2, 64);
INSERT INTO WEEKHOURCONFIG (WKCONFIG_ID,ENDTIME,IS_CLOSED,STARTTIME,WEEKDAY,CALLCENTER_ID,DESTINATION_ID,SITE_ID) VALUES (65,TO_DATE('2100-12-31 23:59:59','YYYY-MM-DD HH24:MI:SS'),0,TO_DATE('1970-01-01 00:00:00','YYYY-MM-DD HH24:MI:SS'),1,2,10,2);
INSERT INTO SITE_WEEKHOURCONFIG (SITE_SITE_ID,WEEKCONFIGS_WKCONFIG_ID) VALUES (2, 65);
INSERT INTO WEEKHOURCONFIG (WKCONFIG_ID,ENDTIME,IS_CLOSED,STARTTIME,WEEKDAY,CALLCENTER_ID,DESTINATION_ID,SITE_ID) VALUES (66,TO_DATE('2100-12-31 23:59:59','YYYY-MM-DD HH24:MI:SS'),0,TO_DATE('1970-01-01 00:00:00','YYYY-MM-DD HH24:MI:SS'),2,2,10,2);
INSERT INTO SITE_WEEKHOURCONFIG (SITE_SITE_ID,WEEKCONFIGS_WKCONFIG_ID) VALUES (2, 66);
INSERT INTO WEEKHOURCONFIG (WKCONFIG_ID,ENDTIME,IS_CLOSED,STARTTIME,WEEKDAY,CALLCENTER_ID,DESTINATION_ID,SITE_ID) VALUES (67,TO_DATE('2100-12-31 23:59:59','YYYY-MM-DD HH24:MI:SS'),0,TO_DATE('1970-01-01 00:00:00','YYYY-MM-DD HH24:MI:SS'),3,2,10,2);
INSERT INTO SITE_WEEKHOURCONFIG (SITE_SITE_ID,WEEKCONFIGS_WKCONFIG_ID) VALUES (2, 67);
INSERT INTO WEEKHOURCONFIG (WKCONFIG_ID,ENDTIME,IS_CLOSED,STARTTIME,WEEKDAY,CALLCENTER_ID,DESTINATION_ID,SITE_ID) VALUES (68,TO_DATE('2100-12-31 23:59:59','YYYY-MM-DD HH24:MI:SS'),0,TO_DATE('1970-01-01 00:00:00','YYYY-MM-DD HH24:MI:SS'),4,2,10,2);
INSERT INTO SITE_WEEKHOURCONFIG (SITE_SITE_ID,WEEKCONFIGS_WKCONFIG_ID) VALUES (2, 68);
INSERT INTO WEEKHOURCONFIG (WKCONFIG_ID,ENDTIME,IS_CLOSED,STARTTIME,WEEKDAY,CALLCENTER_ID,DESTINATION_ID,SITE_ID) VALUES (69,TO_DATE('2100-12-31 23:59:59','YYYY-MM-DD HH24:MI:SS'),0,TO_DATE('1970-01-01 00:00:00','YYYY-MM-DD HH24:MI:SS'),5,2,10,2);
INSERT INTO SITE_WEEKHOURCONFIG (SITE_SITE_ID,WEEKCONFIGS_WKCONFIG_ID) VALUES (2, 69);
INSERT INTO WEEKHOURCONFIG (WKCONFIG_ID,ENDTIME,IS_CLOSED,STARTTIME,WEEKDAY,CALLCENTER_ID,DESTINATION_ID,SITE_ID) VALUES (70,TO_DATE('2100-12-31 23:59:59','YYYY-MM-DD HH24:MI:SS'),0,TO_DATE('1970-01-01 00:00:00','YYYY-MM-DD HH24:MI:SS'),6,2,10,2);
INSERT INTO SITE_WEEKHOURCONFIG (SITE_SITE_ID,WEEKCONFIGS_WKCONFIG_ID) VALUES (2, 70);
INSERT INTO DESTINATION (DESTINATION_ID,AUDIO_ID,DESCRIPTION,DESTINATION_NUMBER,LAST_UPDATE_TIMESTAMP,NAME,HOLIDAYSLIST_ID,SITE_ID,IS_OVERWRITE_WEEKHOURCONFIG,IS_OVERWRITE_HOLIDAYLIST) VALUES (11,'audio','20956','20956',SYSDATE,'20956',1,2,1,1);
INSERT INTO WEEKHOURCONFIG (WKCONFIG_ID,ENDTIME,IS_CLOSED,STARTTIME,WEEKDAY,CALLCENTER_ID,DESTINATION_ID,SITE_ID) VALUES (71,TO_DATE('2100-12-31 23:59:59','YYYY-MM-DD HH24:MI:SS'),0,TO_DATE('1970-01-01 00:00:00','YYYY-MM-DD HH24:MI:SS'),0,2,11,2);
INSERT INTO SITE_WEEKHOURCONFIG (SITE_SITE_ID,WEEKCONFIGS_WKCONFIG_ID) VALUES (2, 71);
INSERT INTO WEEKHOURCONFIG (WKCONFIG_ID,ENDTIME,IS_CLOSED,STARTTIME,WEEKDAY,CALLCENTER_ID,DESTINATION_ID,SITE_ID) VALUES (72,TO_DATE('2100-12-31 23:59:59','YYYY-MM-DD HH24:MI:SS'),0,TO_DATE('1970-01-01 00:00:00','YYYY-MM-DD HH24:MI:SS'),1,2,11,2);
INSERT INTO SITE_WEEKHOURCONFIG (SITE_SITE_ID,WEEKCONFIGS_WKCONFIG_ID) VALUES (2, 72);
INSERT INTO WEEKHOURCONFIG (WKCONFIG_ID,ENDTIME,IS_CLOSED,STARTTIME,WEEKDAY,CALLCENTER_ID,DESTINATION_ID,SITE_ID) VALUES (73,TO_DATE('2100-12-31 23:59:59','YYYY-MM-DD HH24:MI:SS'),0,TO_DATE('1970-01-01 00:00:00','YYYY-MM-DD HH24:MI:SS'),2,2,11,2);
INSERT INTO SITE_WEEKHOURCONFIG (SITE_SITE_ID,WEEKCONFIGS_WKCONFIG_ID) VALUES (2, 73);
INSERT INTO WEEKHOURCONFIG (WKCONFIG_ID,ENDTIME,IS_CLOSED,STARTTIME,WEEKDAY,CALLCENTER_ID,DESTINATION_ID,SITE_ID) VALUES (74,TO_DATE('2100-12-31 23:59:59','YYYY-MM-DD HH24:MI:SS'),0,TO_DATE('1970-01-01 00:00:00','YYYY-MM-DD HH24:MI:SS'),3,2,11,2);
INSERT INTO SITE_WEEKHOURCONFIG (SITE_SITE_ID,WEEKCONFIGS_WKCONFIG_ID) VALUES (2, 74);
INSERT INTO WEEKHOURCONFIG (WKCONFIG_ID,ENDTIME,IS_CLOSED,STARTTIME,WEEKDAY,CALLCENTER_ID,DESTINATION_ID,SITE_ID) VALUES (75,TO_DATE('2100-12-31 23:59:59','YYYY-MM-DD HH24:MI:SS'),0,TO_DATE('1970-01-01 00:00:00','YYYY-MM-DD HH24:MI:SS'),4,2,11,2);
INSERT INTO SITE_WEEKHOURCONFIG (SITE_SITE_ID,WEEKCONFIGS_WKCONFIG_ID) VALUES (2, 75);
INSERT INTO WEEKHOURCONFIG (WKCONFIG_ID,ENDTIME,IS_CLOSED,STARTTIME,WEEKDAY,CALLCENTER_ID,DESTINATION_ID,SITE_ID) VALUES (76,TO_DATE('2100-12-31 23:59:59','YYYY-MM-DD HH24:MI:SS'),0,TO_DATE('1970-01-01 00:00:00','YYYY-MM-DD HH24:MI:SS'),5,2,11,2);
INSERT INTO SITE_WEEKHOURCONFIG (SITE_SITE_ID,WEEKCONFIGS_WKCONFIG_ID) VALUES (2, 76);
INSERT INTO WEEKHOURCONFIG (WKCONFIG_ID,ENDTIME,IS_CLOSED,STARTTIME,WEEKDAY,CALLCENTER_ID,DESTINATION_ID,SITE_ID) VALUES (77,TO_DATE('2100-12-31 23:59:59','YYYY-MM-DD HH24:MI:SS'),0,TO_DATE('1970-01-01 00:00:00','YYYY-MM-DD HH24:MI:SS'),6,2,11,2);
INSERT INTO SITE_WEEKHOURCONFIG (SITE_SITE_ID,WEEKCONFIGS_WKCONFIG_ID) VALUES (2, 77);
INSERT INTO DESTINATION (DESTINATION_ID,AUDIO_ID,DESCRIPTION,DESTINATION_NUMBER,LAST_UPDATE_TIMESTAMP,NAME,HOLIDAYSLIST_ID,SITE_ID,IS_OVERWRITE_WEEKHOURCONFIG,IS_OVERWRITE_HOLIDAYLIST) VALUES (12,'audio','20957','20957',SYSDATE,'20957',1,2,1,1);
INSERT INTO WEEKHOURCONFIG (WKCONFIG_ID,ENDTIME,IS_CLOSED,STARTTIME,WEEKDAY,CALLCENTER_ID,DESTINATION_ID,SITE_ID) VALUES (78,TO_DATE('2100-12-31 23:59:59','YYYY-MM-DD HH24:MI:SS'),0,TO_DATE('1970-01-01 00:00:00','YYYY-MM-DD HH24:MI:SS'),0,2,12,2);
INSERT INTO SITE_WEEKHOURCONFIG (SITE_SITE_ID,WEEKCONFIGS_WKCONFIG_ID) VALUES (2, 78);
INSERT INTO WEEKHOURCONFIG (WKCONFIG_ID,ENDTIME,IS_CLOSED,STARTTIME,WEEKDAY,CALLCENTER_ID,DESTINATION_ID,SITE_ID) VALUES (79,TO_DATE('2100-12-31 23:59:59','YYYY-MM-DD HH24:MI:SS'),0,TO_DATE('1970-01-01 00:00:00','YYYY-MM-DD HH24:MI:SS'),1,2,12,2);
INSERT INTO SITE_WEEKHOURCONFIG (SITE_SITE_ID,WEEKCONFIGS_WKCONFIG_ID) VALUES (2, 79);
INSERT INTO WEEKHOURCONFIG (WKCONFIG_ID,ENDTIME,IS_CLOSED,STARTTIME,WEEKDAY,CALLCENTER_ID,DESTINATION_ID,SITE_ID) VALUES (80,TO_DATE('2100-12-31 23:59:59','YYYY-MM-DD HH24:MI:SS'),0,TO_DATE('1970-01-01 00:00:00','YYYY-MM-DD HH24:MI:SS'),2,2,12,2);
INSERT INTO SITE_WEEKHOURCONFIG (SITE_SITE_ID,WEEKCONFIGS_WKCONFIG_ID) VALUES (2, 80);
INSERT INTO WEEKHOURCONFIG (WKCONFIG_ID,ENDTIME,IS_CLOSED,STARTTIME,WEEKDAY,CALLCENTER_ID,DESTINATION_ID,SITE_ID) VALUES (81,TO_DATE('2100-12-31 23:59:59','YYYY-MM-DD HH24:MI:SS'),0,TO_DATE('1970-01-01 00:00:00','YYYY-MM-DD HH24:MI:SS'),3,2,12,2);
INSERT INTO SITE_WEEKHOURCONFIG (SITE_SITE_ID,WEEKCONFIGS_WKCONFIG_ID) VALUES (2, 81);
INSERT INTO WEEKHOURCONFIG (WKCONFIG_ID,ENDTIME,IS_CLOSED,STARTTIME,WEEKDAY,CALLCENTER_ID,DESTINATION_ID,SITE_ID) VALUES (82,TO_DATE('2100-12-31 23:59:59','YYYY-MM-DD HH24:MI:SS'),0,TO_DATE('1970-01-01 00:00:00','YYYY-MM-DD HH24:MI:SS'),4,2,12,2);
INSERT INTO SITE_WEEKHOURCONFIG (SITE_SITE_ID,WEEKCONFIGS_WKCONFIG_ID) VALUES (2, 82);
INSERT INTO WEEKHOURCONFIG (WKCONFIG_ID,ENDTIME,IS_CLOSED,STARTTIME,WEEKDAY,CALLCENTER_ID,DESTINATION_ID,SITE_ID) VALUES (83,TO_DATE('2100-12-31 23:59:59','YYYY-MM-DD HH24:MI:SS'),0,TO_DATE('1970-01-01 00:00:00','YYYY-MM-DD HH24:MI:SS'),5,2,12,2);
INSERT INTO SITE_WEEKHOURCONFIG (SITE_SITE_ID,WEEKCONFIGS_WKCONFIG_ID) VALUES (2, 83);
INSERT INTO WEEKHOURCONFIG (WKCONFIG_ID,ENDTIME,IS_CLOSED,STARTTIME,WEEKDAY,CALLCENTER_ID,DESTINATION_ID,SITE_ID) VALUES (84,TO_DATE('2100-12-31 23:59:59','YYYY-MM-DD HH24:MI:SS'),0,TO_DATE('1970-01-01 00:00:00','YYYY-MM-DD HH24:MI:SS'),6,2,12,2);
INSERT INTO SITE_WEEKHOURCONFIG (SITE_SITE_ID,WEEKCONFIGS_WKCONFIG_ID) VALUES (2, 84);
INSERT INTO DESTINATION (DESTINATION_ID,AUDIO_ID,DESCRIPTION,DESTINATION_NUMBER,LAST_UPDATE_TIMESTAMP,NAME,HOLIDAYSLIST_ID,SITE_ID,IS_OVERWRITE_WEEKHOURCONFIG,IS_OVERWRITE_HOLIDAYLIST) VALUES (13,'audio','20954','20954',SYSDATE,'20954',1,2,1,1);
INSERT INTO WEEKHOURCONFIG (WKCONFIG_ID,ENDTIME,IS_CLOSED,STARTTIME,WEEKDAY,CALLCENTER_ID,DESTINATION_ID,SITE_ID) VALUES (85,TO_DATE('2100-12-31 23:59:59','YYYY-MM-DD HH24:MI:SS'),0,TO_DATE('1970-01-01 00:00:00','YYYY-MM-DD HH24:MI:SS'),0,2,13,2);
INSERT INTO SITE_WEEKHOURCONFIG (SITE_SITE_ID,WEEKCONFIGS_WKCONFIG_ID) VALUES (2, 85);
INSERT INTO WEEKHOURCONFIG (WKCONFIG_ID,ENDTIME,IS_CLOSED,STARTTIME,WEEKDAY,CALLCENTER_ID,DESTINATION_ID,SITE_ID) VALUES (86,TO_DATE('2100-12-31 23:59:59','YYYY-MM-DD HH24:MI:SS'),0,TO_DATE('1970-01-01 00:00:00','YYYY-MM-DD HH24:MI:SS'),1,2,13,2);
INSERT INTO SITE_WEEKHOURCONFIG (SITE_SITE_ID,WEEKCONFIGS_WKCONFIG_ID) VALUES (2, 86);
INSERT INTO WEEKHOURCONFIG (WKCONFIG_ID,ENDTIME,IS_CLOSED,STARTTIME,WEEKDAY,CALLCENTER_ID,DESTINATION_ID,SITE_ID) VALUES (87,TO_DATE('2100-12-31 23:59:59','YYYY-MM-DD HH24:MI:SS'),0,TO_DATE('1970-01-01 00:00:00','YYYY-MM-DD HH24:MI:SS'),2,2,13,2);
INSERT INTO SITE_WEEKHOURCONFIG (SITE_SITE_ID,WEEKCONFIGS_WKCONFIG_ID) VALUES (2, 87);
INSERT INTO WEEKHOURCONFIG (WKCONFIG_ID,ENDTIME,IS_CLOSED,STARTTIME,WEEKDAY,CALLCENTER_ID,DESTINATION_ID,SITE_ID) VALUES (88,TO_DATE('2100-12-31 23:59:59','YYYY-MM-DD HH24:MI:SS'),0,TO_DATE('1970-01-01 00:00:00','YYYY-MM-DD HH24:MI:SS'),3,2,13,2);
INSERT INTO SITE_WEEKHOURCONFIG (SITE_SITE_ID,WEEKCONFIGS_WKCONFIG_ID) VALUES (2, 88);
INSERT INTO WEEKHOURCONFIG (WKCONFIG_ID,ENDTIME,IS_CLOSED,STARTTIME,WEEKDAY,CALLCENTER_ID,DESTINATION_ID,SITE_ID) VALUES (89,TO_DATE('2100-12-31 23:59:59','YYYY-MM-DD HH24:MI:SS'),0,TO_DATE('1970-01-01 00:00:00','YYYY-MM-DD HH24:MI:SS'),4,2,13,2);
INSERT INTO SITE_WEEKHOURCONFIG (SITE_SITE_ID,WEEKCONFIGS_WKCONFIG_ID) VALUES (2, 89);
INSERT INTO WEEKHOURCONFIG (WKCONFIG_ID,ENDTIME,IS_CLOSED,STARTTIME,WEEKDAY,CALLCENTER_ID,DESTINATION_ID,SITE_ID) VALUES (90,TO_DATE('2100-12-31 23:59:59','YYYY-MM-DD HH24:MI:SS'),0,TO_DATE('1970-01-01 00:00:00','YYYY-MM-DD HH24:MI:SS'),5,2,13,2);
INSERT INTO SITE_WEEKHOURCONFIG (SITE_SITE_ID,WEEKCONFIGS_WKCONFIG_ID) VALUES (2, 90);
INSERT INTO WEEKHOURCONFIG (WKCONFIG_ID,ENDTIME,IS_CLOSED,STARTTIME,WEEKDAY,CALLCENTER_ID,DESTINATION_ID,SITE_ID) VALUES (91,TO_DATE('2100-12-31 23:59:59','YYYY-MM-DD HH24:MI:SS'),0,TO_DATE('1970-01-01 00:00:00','YYYY-MM-DD HH24:MI:SS'),6,2,13,2);
INSERT INTO SITE_WEEKHOURCONFIG (SITE_SITE_ID,WEEKCONFIGS_WKCONFIG_ID) VALUES (2, 91);
INSERT INTO DESTINATION (DESTINATION_ID,AUDIO_ID,DESCRIPTION,DESTINATION_NUMBER,LAST_UPDATE_TIMESTAMP,NAME,HOLIDAYSLIST_ID,SITE_ID,IS_OVERWRITE_WEEKHOURCONFIG,IS_OVERWRITE_HOLIDAYLIST) VALUES (14,'audio','20955','20955',SYSDATE,'20955',1,2,1,1);
INSERT INTO WEEKHOURCONFIG (WKCONFIG_ID,ENDTIME,IS_CLOSED,STARTTIME,WEEKDAY,CALLCENTER_ID,DESTINATION_ID,SITE_ID) VALUES (92,TO_DATE('2100-12-31 23:59:59','YYYY-MM-DD HH24:MI:SS'),0,TO_DATE('1970-01-01 00:00:00','YYYY-MM-DD HH24:MI:SS'),0,2,14,2);
INSERT INTO SITE_WEEKHOURCONFIG (SITE_SITE_ID,WEEKCONFIGS_WKCONFIG_ID) VALUES (2, 92);
INSERT INTO WEEKHOURCONFIG (WKCONFIG_ID,ENDTIME,IS_CLOSED,STARTTIME,WEEKDAY,CALLCENTER_ID,DESTINATION_ID,SITE_ID) VALUES (93,TO_DATE('2100-12-31 23:59:59','YYYY-MM-DD HH24:MI:SS'),0,TO_DATE('1970-01-01 00:00:00','YYYY-MM-DD HH24:MI:SS'),1,2,14,2);
INSERT INTO SITE_WEEKHOURCONFIG (SITE_SITE_ID,WEEKCONFIGS_WKCONFIG_ID) VALUES (2, 93);
INSERT INTO WEEKHOURCONFIG (WKCONFIG_ID,ENDTIME,IS_CLOSED,STARTTIME,WEEKDAY,CALLCENTER_ID,DESTINATION_ID,SITE_ID) VALUES (94,TO_DATE('2100-12-31 23:59:59','YYYY-MM-DD HH24:MI:SS'),0,TO_DATE('1970-01-01 00:00:00','YYYY-MM-DD HH24:MI:SS'),2,2,14,2);
INSERT INTO SITE_WEEKHOURCONFIG (SITE_SITE_ID,WEEKCONFIGS_WKCONFIG_ID) VALUES (2, 94);
INSERT INTO WEEKHOURCONFIG (WKCONFIG_ID,ENDTIME,IS_CLOSED,STARTTIME,WEEKDAY,CALLCENTER_ID,DESTINATION_ID,SITE_ID) VALUES (95,TO_DATE('2100-12-31 23:59:59','YYYY-MM-DD HH24:MI:SS'),0,TO_DATE('1970-01-01 00:00:00','YYYY-MM-DD HH24:MI:SS'),3,2,14,2);
INSERT INTO SITE_WEEKHOURCONFIG (SITE_SITE_ID,WEEKCONFIGS_WKCONFIG_ID) VALUES (2, 95);
INSERT INTO WEEKHOURCONFIG (WKCONFIG_ID,ENDTIME,IS_CLOSED,STARTTIME,WEEKDAY,CALLCENTER_ID,DESTINATION_ID,SITE_ID) VALUES (96,TO_DATE('2100-12-31 23:59:59','YYYY-MM-DD HH24:MI:SS'),0,TO_DATE('1970-01-01 00:00:00','YYYY-MM-DD HH24:MI:SS'),4,2,14,2);
INSERT INTO SITE_WEEKHOURCONFIG (SITE_SITE_ID,WEEKCONFIGS_WKCONFIG_ID) VALUES (2, 96);
INSERT INTO WEEKHOURCONFIG (WKCONFIG_ID,ENDTIME,IS_CLOSED,STARTTIME,WEEKDAY,CALLCENTER_ID,DESTINATION_ID,SITE_ID) VALUES (97,TO_DATE('2100-12-31 23:59:59','YYYY-MM-DD HH24:MI:SS'),0,TO_DATE('1970-01-01 00:00:00','YYYY-MM-DD HH24:MI:SS'),5,2,14,2);
INSERT INTO SITE_WEEKHOURCONFIG (SITE_SITE_ID,WEEKCONFIGS_WKCONFIG_ID) VALUES (2, 97);
INSERT INTO WEEKHOURCONFIG (WKCONFIG_ID,ENDTIME,IS_CLOSED,STARTTIME,WEEKDAY,CALLCENTER_ID,DESTINATION_ID,SITE_ID) VALUES (98,TO_DATE('2100-12-31 23:59:59','YYYY-MM-DD HH24:MI:SS'),0,TO_DATE('1970-01-01 00:00:00','YYYY-MM-DD HH24:MI:SS'),6,2,14,2);
INSERT INTO SITE_WEEKHOURCONFIG (SITE_SITE_ID,WEEKCONFIGS_WKCONFIG_ID) VALUES (2, 98);
INSERT INTO DESTINATION (DESTINATION_ID,AUDIO_ID,DESCRIPTION,DESTINATION_NUMBER,LAST_UPDATE_TIMESTAMP,NAME,HOLIDAYSLIST_ID,SITE_ID,IS_OVERWRITE_WEEKHOURCONFIG,IS_OVERWRITE_HOLIDAYLIST) VALUES (15,'audio','27278','27278',SYSDATE,'27278',1,2,1,1);
INSERT INTO WEEKHOURCONFIG (WKCONFIG_ID,ENDTIME,IS_CLOSED,STARTTIME,WEEKDAY,CALLCENTER_ID,DESTINATION_ID,SITE_ID) VALUES (99,TO_DATE('2100-12-31 23:59:59','YYYY-MM-DD HH24:MI:SS'),0,TO_DATE('1970-01-01 00:00:00','YYYY-MM-DD HH24:MI:SS'),0,2,15,2);
INSERT INTO SITE_WEEKHOURCONFIG (SITE_SITE_ID,WEEKCONFIGS_WKCONFIG_ID) VALUES (2, 99);
INSERT INTO WEEKHOURCONFIG (WKCONFIG_ID,ENDTIME,IS_CLOSED,STARTTIME,WEEKDAY,CALLCENTER_ID,DESTINATION_ID,SITE_ID) VALUES (100,TO_DATE('2100-12-31 23:59:59','YYYY-MM-DD HH24:MI:SS'),0,TO_DATE('1970-01-01 00:00:00','YYYY-MM-DD HH24:MI:SS'),1,2,15,2);
INSERT INTO SITE_WEEKHOURCONFIG (SITE_SITE_ID,WEEKCONFIGS_WKCONFIG_ID) VALUES (2, 100);
INSERT INTO WEEKHOURCONFIG (WKCONFIG_ID,ENDTIME,IS_CLOSED,STARTTIME,WEEKDAY,CALLCENTER_ID,DESTINATION_ID,SITE_ID) VALUES (101,TO_DATE('2100-12-31 23:59:59','YYYY-MM-DD HH24:MI:SS'),0,TO_DATE('1970-01-01 00:00:00','YYYY-MM-DD HH24:MI:SS'),2,2,15,2);
INSERT INTO SITE_WEEKHOURCONFIG (SITE_SITE_ID,WEEKCONFIGS_WKCONFIG_ID) VALUES (2, 101);
INSERT INTO WEEKHOURCONFIG (WKCONFIG_ID,ENDTIME,IS_CLOSED,STARTTIME,WEEKDAY,CALLCENTER_ID,DESTINATION_ID,SITE_ID) VALUES (102,TO_DATE('2100-12-31 23:59:59','YYYY-MM-DD HH24:MI:SS'),0,TO_DATE('1970-01-01 00:00:00','YYYY-MM-DD HH24:MI:SS'),3,2,15,2);
INSERT INTO SITE_WEEKHOURCONFIG (SITE_SITE_ID,WEEKCONFIGS_WKCONFIG_ID) VALUES (2, 102);
INSERT INTO WEEKHOURCONFIG (WKCONFIG_ID,ENDTIME,IS_CLOSED,STARTTIME,WEEKDAY,CALLCENTER_ID,DESTINATION_ID,SITE_ID) VALUES (103,TO_DATE('2100-12-31 23:59:59','YYYY-MM-DD HH24:MI:SS'),0,TO_DATE('1970-01-01 00:00:00','YYYY-MM-DD HH24:MI:SS'),4,2,15,2);
INSERT INTO SITE_WEEKHOURCONFIG (SITE_SITE_ID,WEEKCONFIGS_WKCONFIG_ID) VALUES (2, 103);
INSERT INTO WEEKHOURCONFIG (WKCONFIG_ID,ENDTIME,IS_CLOSED,STARTTIME,WEEKDAY,CALLCENTER_ID,DESTINATION_ID,SITE_ID) VALUES (104,TO_DATE('2100-12-31 23:59:59','YYYY-MM-DD HH24:MI:SS'),0,TO_DATE('1970-01-01 00:00:00','YYYY-MM-DD HH24:MI:SS'),5,2,15,2);
INSERT INTO SITE_WEEKHOURCONFIG (SITE_SITE_ID,WEEKCONFIGS_WKCONFIG_ID) VALUES (2, 104);
INSERT INTO WEEKHOURCONFIG (WKCONFIG_ID,ENDTIME,IS_CLOSED,STARTTIME,WEEKDAY,CALLCENTER_ID,DESTINATION_ID,SITE_ID) VALUES (105,TO_DATE('2100-12-31 23:59:59','YYYY-MM-DD HH24:MI:SS'),0,TO_DATE('1970-01-01 00:00:00','YYYY-MM-DD HH24:MI:SS'),6,2,15,2);
INSERT INTO SITE_WEEKHOURCONFIG (SITE_SITE_ID,WEEKCONFIGS_WKCONFIG_ID) VALUES (2, 105);
INSERT INTO DESTINATION (DESTINATION_ID,AUDIO_ID,DESCRIPTION,DESTINATION_NUMBER,LAST_UPDATE_TIMESTAMP,NAME,HOLIDAYSLIST_ID,SITE_ID,IS_OVERWRITE_WEEKHOURCONFIG,IS_OVERWRITE_HOLIDAYLIST) VALUES (16,'audio','20951','20951',SYSDATE,'20951',1,2,1,1);
INSERT INTO WEEKHOURCONFIG (WKCONFIG_ID,ENDTIME,IS_CLOSED,STARTTIME,WEEKDAY,CALLCENTER_ID,DESTINATION_ID,SITE_ID) VALUES (106,TO_DATE('2100-12-31 23:59:59','YYYY-MM-DD HH24:MI:SS'),0,TO_DATE('1970-01-01 00:00:00','YYYY-MM-DD HH24:MI:SS'),0,2,16,2);
INSERT INTO SITE_WEEKHOURCONFIG (SITE_SITE_ID,WEEKCONFIGS_WKCONFIG_ID) VALUES (2, 106);
INSERT INTO WEEKHOURCONFIG (WKCONFIG_ID,ENDTIME,IS_CLOSED,STARTTIME,WEEKDAY,CALLCENTER_ID,DESTINATION_ID,SITE_ID) VALUES (107,TO_DATE('2100-12-31 23:59:59','YYYY-MM-DD HH24:MI:SS'),0,TO_DATE('1970-01-01 00:00:00','YYYY-MM-DD HH24:MI:SS'),1,2,16,2);
INSERT INTO SITE_WEEKHOURCONFIG (SITE_SITE_ID,WEEKCONFIGS_WKCONFIG_ID) VALUES (2, 107);
INSERT INTO WEEKHOURCONFIG (WKCONFIG_ID,ENDTIME,IS_CLOSED,STARTTIME,WEEKDAY,CALLCENTER_ID,DESTINATION_ID,SITE_ID) VALUES (108,TO_DATE('2100-12-31 23:59:59','YYYY-MM-DD HH24:MI:SS'),0,TO_DATE('1970-01-01 00:00:00','YYYY-MM-DD HH24:MI:SS'),2,2,16,2);
INSERT INTO SITE_WEEKHOURCONFIG (SITE_SITE_ID,WEEKCONFIGS_WKCONFIG_ID) VALUES (2, 108);
INSERT INTO WEEKHOURCONFIG (WKCONFIG_ID,ENDTIME,IS_CLOSED,STARTTIME,WEEKDAY,CALLCENTER_ID,DESTINATION_ID,SITE_ID) VALUES (109,TO_DATE('2100-12-31 23:59:59','YYYY-MM-DD HH24:MI:SS'),0,TO_DATE('1970-01-01 00:00:00','YYYY-MM-DD HH24:MI:SS'),3,2,16,2);
INSERT INTO SITE_WEEKHOURCONFIG (SITE_SITE_ID,WEEKCONFIGS_WKCONFIG_ID) VALUES (2, 109);
INSERT INTO WEEKHOURCONFIG (WKCONFIG_ID,ENDTIME,IS_CLOSED,STARTTIME,WEEKDAY,CALLCENTER_ID,DESTINATION_ID,SITE_ID) VALUES (110,TO_DATE('2100-12-31 23:59:59','YYYY-MM-DD HH24:MI:SS'),0,TO_DATE('1970-01-01 00:00:00','YYYY-MM-DD HH24:MI:SS'),4,2,16,2);
INSERT INTO SITE_WEEKHOURCONFIG (SITE_SITE_ID,WEEKCONFIGS_WKCONFIG_ID) VALUES (2, 110);
INSERT INTO WEEKHOURCONFIG (WKCONFIG_ID,ENDTIME,IS_CLOSED,STARTTIME,WEEKDAY,CALLCENTER_ID,DESTINATION_ID,SITE_ID) VALUES (111,TO_DATE('2100-12-31 23:59:59','YYYY-MM-DD HH24:MI:SS'),0,TO_DATE('1970-01-01 00:00:00','YYYY-MM-DD HH24:MI:SS'),5,2,16,2);
INSERT INTO SITE_WEEKHOURCONFIG (SITE_SITE_ID,WEEKCONFIGS_WKCONFIG_ID) VALUES (2, 111);
INSERT INTO WEEKHOURCONFIG (WKCONFIG_ID,ENDTIME,IS_CLOSED,STARTTIME,WEEKDAY,CALLCENTER_ID,DESTINATION_ID,SITE_ID) VALUES (112,TO_DATE('2100-12-31 23:59:59','YYYY-MM-DD HH24:MI:SS'),0,TO_DATE('1970-01-01 00:00:00','YYYY-MM-DD HH24:MI:SS'),6,2,16,2);
INSERT INTO SITE_WEEKHOURCONFIG (SITE_SITE_ID,WEEKCONFIGS_WKCONFIG_ID) VALUES (2, 112);
INSERT INTO DESTINATION (DESTINATION_ID,AUDIO_ID,DESCRIPTION,DESTINATION_NUMBER,LAST_UPDATE_TIMESTAMP,NAME,HOLIDAYSLIST_ID,SITE_ID,IS_OVERWRITE_WEEKHOURCONFIG,IS_OVERWRITE_HOLIDAYLIST) VALUES (17,'audio','27520','27520',SYSDATE,'27520',1,2,1,1);
INSERT INTO WEEKHOURCONFIG (WKCONFIG_ID,ENDTIME,IS_CLOSED,STARTTIME,WEEKDAY,CALLCENTER_ID,DESTINATION_ID,SITE_ID) VALUES (113,TO_DATE('2100-12-31 23:59:59','YYYY-MM-DD HH24:MI:SS'),0,TO_DATE('1970-01-01 00:00:00','YYYY-MM-DD HH24:MI:SS'),0,2,17,2);
INSERT INTO SITE_WEEKHOURCONFIG (SITE_SITE_ID,WEEKCONFIGS_WKCONFIG_ID) VALUES (2, 113);
INSERT INTO WEEKHOURCONFIG (WKCONFIG_ID,ENDTIME,IS_CLOSED,STARTTIME,WEEKDAY,CALLCENTER_ID,DESTINATION_ID,SITE_ID) VALUES (114,TO_DATE('2100-12-31 23:59:59','YYYY-MM-DD HH24:MI:SS'),0,TO_DATE('1970-01-01 00:00:00','YYYY-MM-DD HH24:MI:SS'),1,2,17,2);
INSERT INTO SITE_WEEKHOURCONFIG (SITE_SITE_ID,WEEKCONFIGS_WKCONFIG_ID) VALUES (2, 114);
INSERT INTO WEEKHOURCONFIG (WKCONFIG_ID,ENDTIME,IS_CLOSED,STARTTIME,WEEKDAY,CALLCENTER_ID,DESTINATION_ID,SITE_ID) VALUES (115,TO_DATE('2100-12-31 23:59:59','YYYY-MM-DD HH24:MI:SS'),0,TO_DATE('1970-01-01 00:00:00','YYYY-MM-DD HH24:MI:SS'),2,2,17,2);
INSERT INTO SITE_WEEKHOURCONFIG (SITE_SITE_ID,WEEKCONFIGS_WKCONFIG_ID) VALUES (2, 115);
INSERT INTO WEEKHOURCONFIG (WKCONFIG_ID,ENDTIME,IS_CLOSED,STARTTIME,WEEKDAY,CALLCENTER_ID,DESTINATION_ID,SITE_ID) VALUES (116,TO_DATE('2100-12-31 23:59:59','YYYY-MM-DD HH24:MI:SS'),0,TO_DATE('1970-01-01 00:00:00','YYYY-MM-DD HH24:MI:SS'),3,2,17,2);
INSERT INTO SITE_WEEKHOURCONFIG (SITE_SITE_ID,WEEKCONFIGS_WKCONFIG_ID) VALUES (2, 116);
INSERT INTO WEEKHOURCONFIG (WKCONFIG_ID,ENDTIME,IS_CLOSED,STARTTIME,WEEKDAY,CALLCENTER_ID,DESTINATION_ID,SITE_ID) VALUES (117,TO_DATE('2100-12-31 23:59:59','YYYY-MM-DD HH24:MI:SS'),0,TO_DATE('1970-01-01 00:00:00','YYYY-MM-DD HH24:MI:SS'),4,2,17,2);
INSERT INTO SITE_WEEKHOURCONFIG (SITE_SITE_ID,WEEKCONFIGS_WKCONFIG_ID) VALUES (2, 117);
INSERT INTO WEEKHOURCONFIG (WKCONFIG_ID,ENDTIME,IS_CLOSED,STARTTIME,WEEKDAY,CALLCENTER_ID,DESTINATION_ID,SITE_ID) VALUES (118,TO_DATE('2100-12-31 23:59:59','YYYY-MM-DD HH24:MI:SS'),0,TO_DATE('1970-01-01 00:00:00','YYYY-MM-DD HH24:MI:SS'),5,2,17,2);
INSERT INTO SITE_WEEKHOURCONFIG (SITE_SITE_ID,WEEKCONFIGS_WKCONFIG_ID) VALUES (2, 118);
INSERT INTO WEEKHOURCONFIG (WKCONFIG_ID,ENDTIME,IS_CLOSED,STARTTIME,WEEKDAY,CALLCENTER_ID,DESTINATION_ID,SITE_ID) VALUES (119,TO_DATE('2100-12-31 23:59:59','YYYY-MM-DD HH24:MI:SS'),0,TO_DATE('1970-01-01 00:00:00','YYYY-MM-DD HH24:MI:SS'),6,2,17,2);
INSERT INTO SITE_WEEKHOURCONFIG (SITE_SITE_ID,WEEKCONFIGS_WKCONFIG_ID) VALUES (2, 119);
INSERT INTO DESTINATION (DESTINATION_ID,AUDIO_ID,DESCRIPTION,DESTINATION_NUMBER,LAST_UPDATE_TIMESTAMP,NAME,HOLIDAYSLIST_ID,SITE_ID,IS_OVERWRITE_WEEKHOURCONFIG,IS_OVERWRITE_HOLIDAYLIST) VALUES (18,'audio','24987','24987',SYSDATE,'24987',1,2,1,1);
INSERT INTO WEEKHOURCONFIG (WKCONFIG_ID,ENDTIME,IS_CLOSED,STARTTIME,WEEKDAY,CALLCENTER_ID,DESTINATION_ID,SITE_ID) VALUES (120,TO_DATE('2100-12-31 23:59:59','YYYY-MM-DD HH24:MI:SS'),0,TO_DATE('1970-01-01 00:00:00','YYYY-MM-DD HH24:MI:SS'),0,2,18,2);
INSERT INTO SITE_WEEKHOURCONFIG (SITE_SITE_ID,WEEKCONFIGS_WKCONFIG_ID) VALUES (2, 120);
INSERT INTO WEEKHOURCONFIG (WKCONFIG_ID,ENDTIME,IS_CLOSED,STARTTIME,WEEKDAY,CALLCENTER_ID,DESTINATION_ID,SITE_ID) VALUES (121,TO_DATE('2100-12-31 23:59:59','YYYY-MM-DD HH24:MI:SS'),0,TO_DATE('1970-01-01 00:00:00','YYYY-MM-DD HH24:MI:SS'),1,2,18,2);
INSERT INTO SITE_WEEKHOURCONFIG (SITE_SITE_ID,WEEKCONFIGS_WKCONFIG_ID) VALUES (2, 121);
INSERT INTO WEEKHOURCONFIG (WKCONFIG_ID,ENDTIME,IS_CLOSED,STARTTIME,WEEKDAY,CALLCENTER_ID,DESTINATION_ID,SITE_ID) VALUES (122,TO_DATE('2100-12-31 23:59:59','YYYY-MM-DD HH24:MI:SS'),0,TO_DATE('1970-01-01 00:00:00','YYYY-MM-DD HH24:MI:SS'),2,2,18,2);
INSERT INTO SITE_WEEKHOURCONFIG (SITE_SITE_ID,WEEKCONFIGS_WKCONFIG_ID) VALUES (2, 122);
INSERT INTO WEEKHOURCONFIG (WKCONFIG_ID,ENDTIME,IS_CLOSED,STARTTIME,WEEKDAY,CALLCENTER_ID,DESTINATION_ID,SITE_ID) VALUES (123,TO_DATE('2100-12-31 23:59:59','YYYY-MM-DD HH24:MI:SS'),0,TO_DATE('1970-01-01 00:00:00','YYYY-MM-DD HH24:MI:SS'),3,2,18,2);
INSERT INTO SITE_WEEKHOURCONFIG (SITE_SITE_ID,WEEKCONFIGS_WKCONFIG_ID) VALUES (2, 123);
INSERT INTO WEEKHOURCONFIG (WKCONFIG_ID,ENDTIME,IS_CLOSED,STARTTIME,WEEKDAY,CALLCENTER_ID,DESTINATION_ID,SITE_ID) VALUES (124,TO_DATE('2100-12-31 23:59:59','YYYY-MM-DD HH24:MI:SS'),0,TO_DATE('1970-01-01 00:00:00','YYYY-MM-DD HH24:MI:SS'),4,2,18,2);
INSERT INTO SITE_WEEKHOURCONFIG (SITE_SITE_ID,WEEKCONFIGS_WKCONFIG_ID) VALUES (2, 124);
INSERT INTO WEEKHOURCONFIG (WKCONFIG_ID,ENDTIME,IS_CLOSED,STARTTIME,WEEKDAY,CALLCENTER_ID,DESTINATION_ID,SITE_ID) VALUES (125,TO_DATE('2100-12-31 23:59:59','YYYY-MM-DD HH24:MI:SS'),0,TO_DATE('1970-01-01 00:00:00','YYYY-MM-DD HH24:MI:SS'),5,2,18,2);
INSERT INTO SITE_WEEKHOURCONFIG (SITE_SITE_ID,WEEKCONFIGS_WKCONFIG_ID) VALUES (2, 125);
INSERT INTO WEEKHOURCONFIG (WKCONFIG_ID,ENDTIME,IS_CLOSED,STARTTIME,WEEKDAY,CALLCENTER_ID,DESTINATION_ID,SITE_ID) VALUES (126,TO_DATE('2100-12-31 23:59:59','YYYY-MM-DD HH24:MI:SS'),0,TO_DATE('1970-01-01 00:00:00','YYYY-MM-DD HH24:MI:SS'),6,2,18,2);
INSERT INTO SITE_WEEKHOURCONFIG (SITE_SITE_ID,WEEKCONFIGS_WKCONFIG_ID) VALUES (2, 126);
INSERT INTO DESTINATION (DESTINATION_ID,AUDIO_ID,DESCRIPTION,DESTINATION_NUMBER,LAST_UPDATE_TIMESTAMP,NAME,HOLIDAYSLIST_ID,SITE_ID,IS_OVERWRITE_WEEKHOURCONFIG,IS_OVERWRITE_HOLIDAYLIST) VALUES (19,'audio','24986','24986',SYSDATE,'24986',1,2,1,1);
INSERT INTO WEEKHOURCONFIG (WKCONFIG_ID,ENDTIME,IS_CLOSED,STARTTIME,WEEKDAY,CALLCENTER_ID,DESTINATION_ID,SITE_ID) VALUES (127,TO_DATE('2100-12-31 23:59:59','YYYY-MM-DD HH24:MI:SS'),0,TO_DATE('1970-01-01 00:00:00','YYYY-MM-DD HH24:MI:SS'),0,2,19,2);
INSERT INTO SITE_WEEKHOURCONFIG (SITE_SITE_ID,WEEKCONFIGS_WKCONFIG_ID) VALUES (2, 127);
INSERT INTO WEEKHOURCONFIG (WKCONFIG_ID,ENDTIME,IS_CLOSED,STARTTIME,WEEKDAY,CALLCENTER_ID,DESTINATION_ID,SITE_ID) VALUES (128,TO_DATE('2100-12-31 23:59:59','YYYY-MM-DD HH24:MI:SS'),0,TO_DATE('1970-01-01 00:00:00','YYYY-MM-DD HH24:MI:SS'),1,2,19,2);
INSERT INTO SITE_WEEKHOURCONFIG (SITE_SITE_ID,WEEKCONFIGS_WKCONFIG_ID) VALUES (2, 128);
INSERT INTO WEEKHOURCONFIG (WKCONFIG_ID,ENDTIME,IS_CLOSED,STARTTIME,WEEKDAY,CALLCENTER_ID,DESTINATION_ID,SITE_ID) VALUES (129,TO_DATE('2100-12-31 23:59:59','YYYY-MM-DD HH24:MI:SS'),0,TO_DATE('1970-01-01 00:00:00','YYYY-MM-DD HH24:MI:SS'),2,2,19,2);
INSERT INTO SITE_WEEKHOURCONFIG (SITE_SITE_ID,WEEKCONFIGS_WKCONFIG_ID) VALUES (2, 129);
INSERT INTO WEEKHOURCONFIG (WKCONFIG_ID,ENDTIME,IS_CLOSED,STARTTIME,WEEKDAY,CALLCENTER_ID,DESTINATION_ID,SITE_ID) VALUES (130,TO_DATE('2100-12-31 23:59:59','YYYY-MM-DD HH24:MI:SS'),0,TO_DATE('1970-01-01 00:00:00','YYYY-MM-DD HH24:MI:SS'),3,2,19,2);
INSERT INTO SITE_WEEKHOURCONFIG (SITE_SITE_ID,WEEKCONFIGS_WKCONFIG_ID) VALUES (2, 130);
INSERT INTO WEEKHOURCONFIG (WKCONFIG_ID,ENDTIME,IS_CLOSED,STARTTIME,WEEKDAY,CALLCENTER_ID,DESTINATION_ID,SITE_ID) VALUES (131,TO_DATE('2100-12-31 23:59:59','YYYY-MM-DD HH24:MI:SS'),0,TO_DATE('1970-01-01 00:00:00','YYYY-MM-DD HH24:MI:SS'),4,2,19,2);
INSERT INTO SITE_WEEKHOURCONFIG (SITE_SITE_ID,WEEKCONFIGS_WKCONFIG_ID) VALUES (2, 131);
INSERT INTO WEEKHOURCONFIG (WKCONFIG_ID,ENDTIME,IS_CLOSED,STARTTIME,WEEKDAY,CALLCENTER_ID,DESTINATION_ID,SITE_ID) VALUES (132,TO_DATE('2100-12-31 23:59:59','YYYY-MM-DD HH24:MI:SS'),0,TO_DATE('1970-01-01 00:00:00','YYYY-MM-DD HH24:MI:SS'),5,2,19,2);
INSERT INTO SITE_WEEKHOURCONFIG (SITE_SITE_ID,WEEKCONFIGS_WKCONFIG_ID) VALUES (2, 132);
INSERT INTO WEEKHOURCONFIG (WKCONFIG_ID,ENDTIME,IS_CLOSED,STARTTIME,WEEKDAY,CALLCENTER_ID,DESTINATION_ID,SITE_ID) VALUES (133,TO_DATE('2100-12-31 23:59:59','YYYY-MM-DD HH24:MI:SS'),0,TO_DATE('1970-01-01 00:00:00','YYYY-MM-DD HH24:MI:SS'),6,2,19,2);
INSERT INTO SITE_WEEKHOURCONFIG (SITE_SITE_ID,WEEKCONFIGS_WKCONFIG_ID) VALUES (2, 133);
INSERT INTO DESTINATION (DESTINATION_ID,AUDIO_ID,DESCRIPTION,DESTINATION_NUMBER,LAST_UPDATE_TIMESTAMP,NAME,HOLIDAYSLIST_ID,SITE_ID,IS_OVERWRITE_WEEKHOURCONFIG,IS_OVERWRITE_HOLIDAYLIST) VALUES (20,'audio','24989','24989',SYSDATE,'24989',1,2,1,1);
INSERT INTO WEEKHOURCONFIG (WKCONFIG_ID,ENDTIME,IS_CLOSED,STARTTIME,WEEKDAY,CALLCENTER_ID,DESTINATION_ID,SITE_ID) VALUES (134,TO_DATE('2100-12-31 23:59:59','YYYY-MM-DD HH24:MI:SS'),0,TO_DATE('1970-01-01 00:00:00','YYYY-MM-DD HH24:MI:SS'),0,2,20,2);
INSERT INTO SITE_WEEKHOURCONFIG (SITE_SITE_ID,WEEKCONFIGS_WKCONFIG_ID) VALUES (2, 134);
INSERT INTO WEEKHOURCONFIG (WKCONFIG_ID,ENDTIME,IS_CLOSED,STARTTIME,WEEKDAY,CALLCENTER_ID,DESTINATION_ID,SITE_ID) VALUES (135,TO_DATE('2100-12-31 23:59:59','YYYY-MM-DD HH24:MI:SS'),0,TO_DATE('1970-01-01 00:00:00','YYYY-MM-DD HH24:MI:SS'),1,2,20,2);
INSERT INTO SITE_WEEKHOURCONFIG (SITE_SITE_ID,WEEKCONFIGS_WKCONFIG_ID) VALUES (2, 135);
INSERT INTO WEEKHOURCONFIG (WKCONFIG_ID,ENDTIME,IS_CLOSED,STARTTIME,WEEKDAY,CALLCENTER_ID,DESTINATION_ID,SITE_ID) VALUES (136,TO_DATE('2100-12-31 23:59:59','YYYY-MM-DD HH24:MI:SS'),0,TO_DATE('1970-01-01 00:00:00','YYYY-MM-DD HH24:MI:SS'),2,2,20,2);
INSERT INTO SITE_WEEKHOURCONFIG (SITE_SITE_ID,WEEKCONFIGS_WKCONFIG_ID) VALUES (2, 136);
INSERT INTO WEEKHOURCONFIG (WKCONFIG_ID,ENDTIME,IS_CLOSED,STARTTIME,WEEKDAY,CALLCENTER_ID,DESTINATION_ID,SITE_ID) VALUES (137,TO_DATE('2100-12-31 23:59:59','YYYY-MM-DD HH24:MI:SS'),0,TO_DATE('1970-01-01 00:00:00','YYYY-MM-DD HH24:MI:SS'),3,2,20,2);
INSERT INTO SITE_WEEKHOURCONFIG (SITE_SITE_ID,WEEKCONFIGS_WKCONFIG_ID) VALUES (2, 137);
INSERT INTO WEEKHOURCONFIG (WKCONFIG_ID,ENDTIME,IS_CLOSED,STARTTIME,WEEKDAY,CALLCENTER_ID,DESTINATION_ID,SITE_ID) VALUES (138,TO_DATE('2100-12-31 23:59:59','YYYY-MM-DD HH24:MI:SS'),0,TO_DATE('1970-01-01 00:00:00','YYYY-MM-DD HH24:MI:SS'),4,2,20,2);
INSERT INTO SITE_WEEKHOURCONFIG (SITE_SITE_ID,WEEKCONFIGS_WKCONFIG_ID) VALUES (2, 138);
INSERT INTO WEEKHOURCONFIG (WKCONFIG_ID,ENDTIME,IS_CLOSED,STARTTIME,WEEKDAY,CALLCENTER_ID,DESTINATION_ID,SITE_ID) VALUES (139,TO_DATE('2100-12-31 23:59:59','YYYY-MM-DD HH24:MI:SS'),0,TO_DATE('1970-01-01 00:00:00','YYYY-MM-DD HH24:MI:SS'),5,2,20,2);
INSERT INTO SITE_WEEKHOURCONFIG (SITE_SITE_ID,WEEKCONFIGS_WKCONFIG_ID) VALUES (2, 139);
INSERT INTO WEEKHOURCONFIG (WKCONFIG_ID,ENDTIME,IS_CLOSED,STARTTIME,WEEKDAY,CALLCENTER_ID,DESTINATION_ID,SITE_ID) VALUES (140,TO_DATE('2100-12-31 23:59:59','YYYY-MM-DD HH24:MI:SS'),0,TO_DATE('1970-01-01 00:00:00','YYYY-MM-DD HH24:MI:SS'),6,2,20,2);
INSERT INTO SITE_WEEKHOURCONFIG (SITE_SITE_ID,WEEKCONFIGS_WKCONFIG_ID) VALUES (2, 140);
INSERT INTO DESTINATION (DESTINATION_ID,AUDIO_ID,DESCRIPTION,DESTINATION_NUMBER,LAST_UPDATE_TIMESTAMP,NAME,HOLIDAYSLIST_ID,SITE_ID,IS_OVERWRITE_WEEKHOURCONFIG,IS_OVERWRITE_HOLIDAYLIST) VALUES (21,'audio','24988','24988',SYSDATE,'24988',1,2,1,1);
INSERT INTO WEEKHOURCONFIG (WKCONFIG_ID,ENDTIME,IS_CLOSED,STARTTIME,WEEKDAY,CALLCENTER_ID,DESTINATION_ID,SITE_ID) VALUES (141,TO_DATE('2100-12-31 23:59:59','YYYY-MM-DD HH24:MI:SS'),0,TO_DATE('1970-01-01 00:00:00','YYYY-MM-DD HH24:MI:SS'),0,2,21,2);
INSERT INTO SITE_WEEKHOURCONFIG (SITE_SITE_ID,WEEKCONFIGS_WKCONFIG_ID) VALUES (2, 141);
INSERT INTO WEEKHOURCONFIG (WKCONFIG_ID,ENDTIME,IS_CLOSED,STARTTIME,WEEKDAY,CALLCENTER_ID,DESTINATION_ID,SITE_ID) VALUES (142,TO_DATE('2100-12-31 23:59:59','YYYY-MM-DD HH24:MI:SS'),0,TO_DATE('1970-01-01 00:00:00','YYYY-MM-DD HH24:MI:SS'),1,2,21,2);
INSERT INTO SITE_WEEKHOURCONFIG (SITE_SITE_ID,WEEKCONFIGS_WKCONFIG_ID) VALUES (2, 142);
INSERT INTO WEEKHOURCONFIG (WKCONFIG_ID,ENDTIME,IS_CLOSED,STARTTIME,WEEKDAY,CALLCENTER_ID,DESTINATION_ID,SITE_ID) VALUES (143,TO_DATE('2100-12-31 23:59:59','YYYY-MM-DD HH24:MI:SS'),0,TO_DATE('1970-01-01 00:00:00','YYYY-MM-DD HH24:MI:SS'),2,2,21,2);
INSERT INTO SITE_WEEKHOURCONFIG (SITE_SITE_ID,WEEKCONFIGS_WKCONFIG_ID) VALUES (2, 143);
INSERT INTO WEEKHOURCONFIG (WKCONFIG_ID,ENDTIME,IS_CLOSED,STARTTIME,WEEKDAY,CALLCENTER_ID,DESTINATION_ID,SITE_ID) VALUES (144,TO_DATE('2100-12-31 23:59:59','YYYY-MM-DD HH24:MI:SS'),0,TO_DATE('1970-01-01 00:00:00','YYYY-MM-DD HH24:MI:SS'),3,2,21,2);
INSERT INTO SITE_WEEKHOURCONFIG (SITE_SITE_ID,WEEKCONFIGS_WKCONFIG_ID) VALUES (2, 144);
INSERT INTO WEEKHOURCONFIG (WKCONFIG_ID,ENDTIME,IS_CLOSED,STARTTIME,WEEKDAY,CALLCENTER_ID,DESTINATION_ID,SITE_ID) VALUES (145,TO_DATE('2100-12-31 23:59:59','YYYY-MM-DD HH24:MI:SS'),0,TO_DATE('1970-01-01 00:00:00','YYYY-MM-DD HH24:MI:SS'),4,2,21,2);
INSERT INTO SITE_WEEKHOURCONFIG (SITE_SITE_ID,WEEKCONFIGS_WKCONFIG_ID) VALUES (2, 145);
INSERT INTO WEEKHOURCONFIG (WKCONFIG_ID,ENDTIME,IS_CLOSED,STARTTIME,WEEKDAY,CALLCENTER_ID,DESTINATION_ID,SITE_ID) VALUES (146,TO_DATE('2100-12-31 23:59:59','YYYY-MM-DD HH24:MI:SS'),0,TO_DATE('1970-01-01 00:00:00','YYYY-MM-DD HH24:MI:SS'),5,2,21,2);
INSERT INTO SITE_WEEKHOURCONFIG (SITE_SITE_ID,WEEKCONFIGS_WKCONFIG_ID) VALUES (2, 146);
INSERT INTO WEEKHOURCONFIG (WKCONFIG_ID,ENDTIME,IS_CLOSED,STARTTIME,WEEKDAY,CALLCENTER_ID,DESTINATION_ID,SITE_ID) VALUES (147,TO_DATE('2100-12-31 23:59:59','YYYY-MM-DD HH24:MI:SS'),0,TO_DATE('1970-01-01 00:00:00','YYYY-MM-DD HH24:MI:SS'),6,2,21,2);
INSERT INTO SITE_WEEKHOURCONFIG (SITE_SITE_ID,WEEKCONFIGS_WKCONFIG_ID) VALUES (2, 147);
INSERT INTO DESTINATION (DESTINATION_ID,AUDIO_ID,DESCRIPTION,DESTINATION_NUMBER,LAST_UPDATE_TIMESTAMP,NAME,HOLIDAYSLIST_ID,SITE_ID,IS_OVERWRITE_WEEKHOURCONFIG,IS_OVERWRITE_HOLIDAYLIST) VALUES (22,'audio','20938','20938',SYSDATE,'20938',1,2,1,1);
INSERT INTO WEEKHOURCONFIG (WKCONFIG_ID,ENDTIME,IS_CLOSED,STARTTIME,WEEKDAY,CALLCENTER_ID,DESTINATION_ID,SITE_ID) VALUES (148,TO_DATE('2100-12-31 23:59:59','YYYY-MM-DD HH24:MI:SS'),0,TO_DATE('1970-01-01 00:00:00','YYYY-MM-DD HH24:MI:SS'),0,2,22,2);
INSERT INTO SITE_WEEKHOURCONFIG (SITE_SITE_ID,WEEKCONFIGS_WKCONFIG_ID) VALUES (2, 148);
INSERT INTO WEEKHOURCONFIG (WKCONFIG_ID,ENDTIME,IS_CLOSED,STARTTIME,WEEKDAY,CALLCENTER_ID,DESTINATION_ID,SITE_ID) VALUES (149,TO_DATE('2100-12-31 23:59:59','YYYY-MM-DD HH24:MI:SS'),0,TO_DATE('1970-01-01 00:00:00','YYYY-MM-DD HH24:MI:SS'),1,2,22,2);
INSERT INTO SITE_WEEKHOURCONFIG (SITE_SITE_ID,WEEKCONFIGS_WKCONFIG_ID) VALUES (2, 149);
INSERT INTO WEEKHOURCONFIG (WKCONFIG_ID,ENDTIME,IS_CLOSED,STARTTIME,WEEKDAY,CALLCENTER_ID,DESTINATION_ID,SITE_ID) VALUES (150,TO_DATE('2100-12-31 23:59:59','YYYY-MM-DD HH24:MI:SS'),0,TO_DATE('1970-01-01 00:00:00','YYYY-MM-DD HH24:MI:SS'),2,2,22,2);
INSERT INTO SITE_WEEKHOURCONFIG (SITE_SITE_ID,WEEKCONFIGS_WKCONFIG_ID) VALUES (2, 150);
INSERT INTO WEEKHOURCONFIG (WKCONFIG_ID,ENDTIME,IS_CLOSED,STARTTIME,WEEKDAY,CALLCENTER_ID,DESTINATION_ID,SITE_ID) VALUES (151,TO_DATE('2100-12-31 23:59:59','YYYY-MM-DD HH24:MI:SS'),0,TO_DATE('1970-01-01 00:00:00','YYYY-MM-DD HH24:MI:SS'),3,2,22,2);
INSERT INTO SITE_WEEKHOURCONFIG (SITE_SITE_ID,WEEKCONFIGS_WKCONFIG_ID) VALUES (2, 151);
INSERT INTO WEEKHOURCONFIG (WKCONFIG_ID,ENDTIME,IS_CLOSED,STARTTIME,WEEKDAY,CALLCENTER_ID,DESTINATION_ID,SITE_ID) VALUES (152,TO_DATE('2100-12-31 23:59:59','YYYY-MM-DD HH24:MI:SS'),0,TO_DATE('1970-01-01 00:00:00','YYYY-MM-DD HH24:MI:SS'),4,2,22,2);
INSERT INTO SITE_WEEKHOURCONFIG (SITE_SITE_ID,WEEKCONFIGS_WKCONFIG_ID) VALUES (2, 152);
INSERT INTO WEEKHOURCONFIG (WKCONFIG_ID,ENDTIME,IS_CLOSED,STARTTIME,WEEKDAY,CALLCENTER_ID,DESTINATION_ID,SITE_ID) VALUES (153,TO_DATE('2100-12-31 23:59:59','YYYY-MM-DD HH24:MI:SS'),0,TO_DATE('1970-01-01 00:00:00','YYYY-MM-DD HH24:MI:SS'),5,2,22,2);
INSERT INTO SITE_WEEKHOURCONFIG (SITE_SITE_ID,WEEKCONFIGS_WKCONFIG_ID) VALUES (2, 153);
INSERT INTO WEEKHOURCONFIG (WKCONFIG_ID,ENDTIME,IS_CLOSED,STARTTIME,WEEKDAY,CALLCENTER_ID,DESTINATION_ID,SITE_ID) VALUES (154,TO_DATE('2100-12-31 23:59:59','YYYY-MM-DD HH24:MI:SS'),0,TO_DATE('1970-01-01 00:00:00','YYYY-MM-DD HH24:MI:SS'),6,2,22,2);
INSERT INTO SITE_WEEKHOURCONFIG (SITE_SITE_ID,WEEKCONFIGS_WKCONFIG_ID) VALUES (2, 154);
INSERT INTO DESTINATION (DESTINATION_ID,AUDIO_ID,DESCRIPTION,DESTINATION_NUMBER,LAST_UPDATE_TIMESTAMP,NAME,HOLIDAYSLIST_ID,SITE_ID,IS_OVERWRITE_WEEKHOURCONFIG,IS_OVERWRITE_HOLIDAYLIST) VALUES (23,'audio','20939','20939',SYSDATE,'20939',1,2,1,1);
INSERT INTO WEEKHOURCONFIG (WKCONFIG_ID,ENDTIME,IS_CLOSED,STARTTIME,WEEKDAY,CALLCENTER_ID,DESTINATION_ID,SITE_ID) VALUES (155,TO_DATE('2100-12-31 23:59:59','YYYY-MM-DD HH24:MI:SS'),0,TO_DATE('1970-01-01 00:00:00','YYYY-MM-DD HH24:MI:SS'),0,2,23,2);
INSERT INTO SITE_WEEKHOURCONFIG (SITE_SITE_ID,WEEKCONFIGS_WKCONFIG_ID) VALUES (2, 155);
INSERT INTO WEEKHOURCONFIG (WKCONFIG_ID,ENDTIME,IS_CLOSED,STARTTIME,WEEKDAY,CALLCENTER_ID,DESTINATION_ID,SITE_ID) VALUES (156,TO_DATE('2100-12-31 23:59:59','YYYY-MM-DD HH24:MI:SS'),0,TO_DATE('1970-01-01 00:00:00','YYYY-MM-DD HH24:MI:SS'),1,2,23,2);
INSERT INTO SITE_WEEKHOURCONFIG (SITE_SITE_ID,WEEKCONFIGS_WKCONFIG_ID) VALUES (2, 156);
INSERT INTO WEEKHOURCONFIG (WKCONFIG_ID,ENDTIME,IS_CLOSED,STARTTIME,WEEKDAY,CALLCENTER_ID,DESTINATION_ID,SITE_ID) VALUES (157,TO_DATE('2100-12-31 23:59:59','YYYY-MM-DD HH24:MI:SS'),0,TO_DATE('1970-01-01 00:00:00','YYYY-MM-DD HH24:MI:SS'),2,2,23,2);
INSERT INTO SITE_WEEKHOURCONFIG (SITE_SITE_ID,WEEKCONFIGS_WKCONFIG_ID) VALUES (2, 157);
INSERT INTO WEEKHOURCONFIG (WKCONFIG_ID,ENDTIME,IS_CLOSED,STARTTIME,WEEKDAY,CALLCENTER_ID,DESTINATION_ID,SITE_ID) VALUES (158,TO_DATE('2100-12-31 23:59:59','YYYY-MM-DD HH24:MI:SS'),0,TO_DATE('1970-01-01 00:00:00','YYYY-MM-DD HH24:MI:SS'),3,2,23,2);
INSERT INTO SITE_WEEKHOURCONFIG (SITE_SITE_ID,WEEKCONFIGS_WKCONFIG_ID) VALUES (2, 158);
INSERT INTO WEEKHOURCONFIG (WKCONFIG_ID,ENDTIME,IS_CLOSED,STARTTIME,WEEKDAY,CALLCENTER_ID,DESTINATION_ID,SITE_ID) VALUES (159,TO_DATE('2100-12-31 23:59:59','YYYY-MM-DD HH24:MI:SS'),0,TO_DATE('1970-01-01 00:00:00','YYYY-MM-DD HH24:MI:SS'),4,2,23,2);
INSERT INTO SITE_WEEKHOURCONFIG (SITE_SITE_ID,WEEKCONFIGS_WKCONFIG_ID) VALUES (2, 159);
INSERT INTO WEEKHOURCONFIG (WKCONFIG_ID,ENDTIME,IS_CLOSED,STARTTIME,WEEKDAY,CALLCENTER_ID,DESTINATION_ID,SITE_ID) VALUES (160,TO_DATE('2100-12-31 23:59:59','YYYY-MM-DD HH24:MI:SS'),0,TO_DATE('1970-01-01 00:00:00','YYYY-MM-DD HH24:MI:SS'),5,2,23,2);
INSERT INTO SITE_WEEKHOURCONFIG (SITE_SITE_ID,WEEKCONFIGS_WKCONFIG_ID) VALUES (2, 160);
INSERT INTO WEEKHOURCONFIG (WKCONFIG_ID,ENDTIME,IS_CLOSED,STARTTIME,WEEKDAY,CALLCENTER_ID,DESTINATION_ID,SITE_ID) VALUES (161,TO_DATE('2100-12-31 23:59:59','YYYY-MM-DD HH24:MI:SS'),0,TO_DATE('1970-01-01 00:00:00','YYYY-MM-DD HH24:MI:SS'),6,2,23,2);
INSERT INTO SITE_WEEKHOURCONFIG (SITE_SITE_ID,WEEKCONFIGS_WKCONFIG_ID) VALUES (2, 161);
INSERT INTO DESTINATION (DESTINATION_ID,AUDIO_ID,DESCRIPTION,DESTINATION_NUMBER,LAST_UPDATE_TIMESTAMP,NAME,HOLIDAYSLIST_ID,SITE_ID,IS_OVERWRITE_WEEKHOURCONFIG,IS_OVERWRITE_HOLIDAYLIST) VALUES (24,'audio','20930','20930',SYSDATE,'20930',1,2,1,1);
INSERT INTO WEEKHOURCONFIG (WKCONFIG_ID,ENDTIME,IS_CLOSED,STARTTIME,WEEKDAY,CALLCENTER_ID,DESTINATION_ID,SITE_ID) VALUES (162,TO_DATE('2100-12-31 23:59:59','YYYY-MM-DD HH24:MI:SS'),0,TO_DATE('1970-01-01 00:00:00','YYYY-MM-DD HH24:MI:SS'),0,2,24,2);
INSERT INTO SITE_WEEKHOURCONFIG (SITE_SITE_ID,WEEKCONFIGS_WKCONFIG_ID) VALUES (2, 162);
INSERT INTO WEEKHOURCONFIG (WKCONFIG_ID,ENDTIME,IS_CLOSED,STARTTIME,WEEKDAY,CALLCENTER_ID,DESTINATION_ID,SITE_ID) VALUES (163,TO_DATE('2100-12-31 23:59:59','YYYY-MM-DD HH24:MI:SS'),0,TO_DATE('1970-01-01 00:00:00','YYYY-MM-DD HH24:MI:SS'),1,2,24,2);
INSERT INTO SITE_WEEKHOURCONFIG (SITE_SITE_ID,WEEKCONFIGS_WKCONFIG_ID) VALUES (2, 163);
INSERT INTO WEEKHOURCONFIG (WKCONFIG_ID,ENDTIME,IS_CLOSED,STARTTIME,WEEKDAY,CALLCENTER_ID,DESTINATION_ID,SITE_ID) VALUES (164,TO_DATE('2100-12-31 23:59:59','YYYY-MM-DD HH24:MI:SS'),0,TO_DATE('1970-01-01 00:00:00','YYYY-MM-DD HH24:MI:SS'),2,2,24,2);
INSERT INTO SITE_WEEKHOURCONFIG (SITE_SITE_ID,WEEKCONFIGS_WKCONFIG_ID) VALUES (2, 164);
INSERT INTO WEEKHOURCONFIG (WKCONFIG_ID,ENDTIME,IS_CLOSED,STARTTIME,WEEKDAY,CALLCENTER_ID,DESTINATION_ID,SITE_ID) VALUES (165,TO_DATE('2100-12-31 23:59:59','YYYY-MM-DD HH24:MI:SS'),0,TO_DATE('1970-01-01 00:00:00','YYYY-MM-DD HH24:MI:SS'),3,2,24,2);
INSERT INTO SITE_WEEKHOURCONFIG (SITE_SITE_ID,WEEKCONFIGS_WKCONFIG_ID) VALUES (2, 165);
INSERT INTO WEEKHOURCONFIG (WKCONFIG_ID,ENDTIME,IS_CLOSED,STARTTIME,WEEKDAY,CALLCENTER_ID,DESTINATION_ID,SITE_ID) VALUES (166,TO_DATE('2100-12-31 23:59:59','YYYY-MM-DD HH24:MI:SS'),0,TO_DATE('1970-01-01 00:00:00','YYYY-MM-DD HH24:MI:SS'),4,2,24,2);
INSERT INTO SITE_WEEKHOURCONFIG (SITE_SITE_ID,WEEKCONFIGS_WKCONFIG_ID) VALUES (2, 166);
INSERT INTO WEEKHOURCONFIG (WKCONFIG_ID,ENDTIME,IS_CLOSED,STARTTIME,WEEKDAY,CALLCENTER_ID,DESTINATION_ID,SITE_ID) VALUES (167,TO_DATE('2100-12-31 23:59:59','YYYY-MM-DD HH24:MI:SS'),0,TO_DATE('1970-01-01 00:00:00','YYYY-MM-DD HH24:MI:SS'),5,2,24,2);
INSERT INTO SITE_WEEKHOURCONFIG (SITE_SITE_ID,WEEKCONFIGS_WKCONFIG_ID) VALUES (2, 167);
INSERT INTO WEEKHOURCONFIG (WKCONFIG_ID,ENDTIME,IS_CLOSED,STARTTIME,WEEKDAY,CALLCENTER_ID,DESTINATION_ID,SITE_ID) VALUES (168,TO_DATE('2100-12-31 23:59:59','YYYY-MM-DD HH24:MI:SS'),0,TO_DATE('1970-01-01 00:00:00','YYYY-MM-DD HH24:MI:SS'),6,2,24,2);
INSERT INTO SITE_WEEKHOURCONFIG (SITE_SITE_ID,WEEKCONFIGS_WKCONFIG_ID) VALUES (2, 168);
INSERT INTO DESTINATION (DESTINATION_ID,AUDIO_ID,DESCRIPTION,DESTINATION_NUMBER,LAST_UPDATE_TIMESTAMP,NAME,HOLIDAYSLIST_ID,SITE_ID,IS_OVERWRITE_WEEKHOURCONFIG,IS_OVERWRITE_HOLIDAYLIST) VALUES (25,'audio','20931','20931',SYSDATE,'20931',1,2,1,1);
INSERT INTO WEEKHOURCONFIG (WKCONFIG_ID,ENDTIME,IS_CLOSED,STARTTIME,WEEKDAY,CALLCENTER_ID,DESTINATION_ID,SITE_ID) VALUES (169,TO_DATE('2100-12-31 23:59:59','YYYY-MM-DD HH24:MI:SS'),0,TO_DATE('1970-01-01 00:00:00','YYYY-MM-DD HH24:MI:SS'),0,2,25,2);
INSERT INTO SITE_WEEKHOURCONFIG (SITE_SITE_ID,WEEKCONFIGS_WKCONFIG_ID) VALUES (2, 169);
INSERT INTO WEEKHOURCONFIG (WKCONFIG_ID,ENDTIME,IS_CLOSED,STARTTIME,WEEKDAY,CALLCENTER_ID,DESTINATION_ID,SITE_ID) VALUES (170,TO_DATE('2100-12-31 23:59:59','YYYY-MM-DD HH24:MI:SS'),0,TO_DATE('1970-01-01 00:00:00','YYYY-MM-DD HH24:MI:SS'),1,2,25,2);
INSERT INTO SITE_WEEKHOURCONFIG (SITE_SITE_ID,WEEKCONFIGS_WKCONFIG_ID) VALUES (2, 170);
INSERT INTO WEEKHOURCONFIG (WKCONFIG_ID,ENDTIME,IS_CLOSED,STARTTIME,WEEKDAY,CALLCENTER_ID,DESTINATION_ID,SITE_ID) VALUES (171,TO_DATE('2100-12-31 23:59:59','YYYY-MM-DD HH24:MI:SS'),0,TO_DATE('1970-01-01 00:00:00','YYYY-MM-DD HH24:MI:SS'),2,2,25,2);
INSERT INTO SITE_WEEKHOURCONFIG (SITE_SITE_ID,WEEKCONFIGS_WKCONFIG_ID) VALUES (2, 171);
INSERT INTO WEEKHOURCONFIG (WKCONFIG_ID,ENDTIME,IS_CLOSED,STARTTIME,WEEKDAY,CALLCENTER_ID,DESTINATION_ID,SITE_ID) VALUES (172,TO_DATE('2100-12-31 23:59:59','YYYY-MM-DD HH24:MI:SS'),0,TO_DATE('1970-01-01 00:00:00','YYYY-MM-DD HH24:MI:SS'),3,2,25,2);
INSERT INTO SITE_WEEKHOURCONFIG (SITE_SITE_ID,WEEKCONFIGS_WKCONFIG_ID) VALUES (2, 172);
INSERT INTO WEEKHOURCONFIG (WKCONFIG_ID,ENDTIME,IS_CLOSED,STARTTIME,WEEKDAY,CALLCENTER_ID,DESTINATION_ID,SITE_ID) VALUES (173,TO_DATE('2100-12-31 23:59:59','YYYY-MM-DD HH24:MI:SS'),0,TO_DATE('1970-01-01 00:00:00','YYYY-MM-DD HH24:MI:SS'),4,2,25,2);
INSERT INTO SITE_WEEKHOURCONFIG (SITE_SITE_ID,WEEKCONFIGS_WKCONFIG_ID) VALUES (2, 173);
INSERT INTO WEEKHOURCONFIG (WKCONFIG_ID,ENDTIME,IS_CLOSED,STARTTIME,WEEKDAY,CALLCENTER_ID,DESTINATION_ID,SITE_ID) VALUES (174,TO_DATE('2100-12-31 23:59:59','YYYY-MM-DD HH24:MI:SS'),0,TO_DATE('1970-01-01 00:00:00','YYYY-MM-DD HH24:MI:SS'),5,2,25,2);
INSERT INTO SITE_WEEKHOURCONFIG (SITE_SITE_ID,WEEKCONFIGS_WKCONFIG_ID) VALUES (2, 174);
INSERT INTO WEEKHOURCONFIG (WKCONFIG_ID,ENDTIME,IS_CLOSED,STARTTIME,WEEKDAY,CALLCENTER_ID,DESTINATION_ID,SITE_ID) VALUES (175,TO_DATE('2100-12-31 23:59:59','YYYY-MM-DD HH24:MI:SS'),0,TO_DATE('1970-01-01 00:00:00','YYYY-MM-DD HH24:MI:SS'),6,2,25,2);
INSERT INTO SITE_WEEKHOURCONFIG (SITE_SITE_ID,WEEKCONFIGS_WKCONFIG_ID) VALUES (2, 175);
INSERT INTO DESTINATION (DESTINATION_ID,AUDIO_ID,DESCRIPTION,DESTINATION_NUMBER,LAST_UPDATE_TIMESTAMP,NAME,HOLIDAYSLIST_ID,SITE_ID,IS_OVERWRITE_WEEKHOURCONFIG,IS_OVERWRITE_HOLIDAYLIST) VALUES (26,'audio','20932','20932',SYSDATE,'20932',1,2,1,1);
INSERT INTO WEEKHOURCONFIG (WKCONFIG_ID,ENDTIME,IS_CLOSED,STARTTIME,WEEKDAY,CALLCENTER_ID,DESTINATION_ID,SITE_ID) VALUES (176,TO_DATE('2100-12-31 23:59:59','YYYY-MM-DD HH24:MI:SS'),0,TO_DATE('1970-01-01 00:00:00','YYYY-MM-DD HH24:MI:SS'),0,2,26,2);
INSERT INTO SITE_WEEKHOURCONFIG (SITE_SITE_ID,WEEKCONFIGS_WKCONFIG_ID) VALUES (2, 176);
INSERT INTO WEEKHOURCONFIG (WKCONFIG_ID,ENDTIME,IS_CLOSED,STARTTIME,WEEKDAY,CALLCENTER_ID,DESTINATION_ID,SITE_ID) VALUES (177,TO_DATE('2100-12-31 23:59:59','YYYY-MM-DD HH24:MI:SS'),0,TO_DATE('1970-01-01 00:00:00','YYYY-MM-DD HH24:MI:SS'),1,2,26,2);
INSERT INTO SITE_WEEKHOURCONFIG (SITE_SITE_ID,WEEKCONFIGS_WKCONFIG_ID) VALUES (2, 177);
INSERT INTO WEEKHOURCONFIG (WKCONFIG_ID,ENDTIME,IS_CLOSED,STARTTIME,WEEKDAY,CALLCENTER_ID,DESTINATION_ID,SITE_ID) VALUES (178,TO_DATE('2100-12-31 23:59:59','YYYY-MM-DD HH24:MI:SS'),0,TO_DATE('1970-01-01 00:00:00','YYYY-MM-DD HH24:MI:SS'),2,2,26,2);
INSERT INTO SITE_WEEKHOURCONFIG (SITE_SITE_ID,WEEKCONFIGS_WKCONFIG_ID) VALUES (2, 178);
INSERT INTO WEEKHOURCONFIG (WKCONFIG_ID,ENDTIME,IS_CLOSED,STARTTIME,WEEKDAY,CALLCENTER_ID,DESTINATION_ID,SITE_ID) VALUES (179,TO_DATE('2100-12-31 23:59:59','YYYY-MM-DD HH24:MI:SS'),0,TO_DATE('1970-01-01 00:00:00','YYYY-MM-DD HH24:MI:SS'),3,2,26,2);
INSERT INTO SITE_WEEKHOURCONFIG (SITE_SITE_ID,WEEKCONFIGS_WKCONFIG_ID) VALUES (2, 179);
INSERT INTO WEEKHOURCONFIG (WKCONFIG_ID,ENDTIME,IS_CLOSED,STARTTIME,WEEKDAY,CALLCENTER_ID,DESTINATION_ID,SITE_ID) VALUES (180,TO_DATE('2100-12-31 23:59:59','YYYY-MM-DD HH24:MI:SS'),0,TO_DATE('1970-01-01 00:00:00','YYYY-MM-DD HH24:MI:SS'),4,2,26,2);
INSERT INTO SITE_WEEKHOURCONFIG (SITE_SITE_ID,WEEKCONFIGS_WKCONFIG_ID) VALUES (2, 180);
INSERT INTO WEEKHOURCONFIG (WKCONFIG_ID,ENDTIME,IS_CLOSED,STARTTIME,WEEKDAY,CALLCENTER_ID,DESTINATION_ID,SITE_ID) VALUES (181,TO_DATE('2100-12-31 23:59:59','YYYY-MM-DD HH24:MI:SS'),0,TO_DATE('1970-01-01 00:00:00','YYYY-MM-DD HH24:MI:SS'),5,2,26,2);
INSERT INTO SITE_WEEKHOURCONFIG (SITE_SITE_ID,WEEKCONFIGS_WKCONFIG_ID) VALUES (2, 181);
INSERT INTO WEEKHOURCONFIG (WKCONFIG_ID,ENDTIME,IS_CLOSED,STARTTIME,WEEKDAY,CALLCENTER_ID,DESTINATION_ID,SITE_ID) VALUES (182,TO_DATE('2100-12-31 23:59:59','YYYY-MM-DD HH24:MI:SS'),0,TO_DATE('1970-01-01 00:00:00','YYYY-MM-DD HH24:MI:SS'),6,2,26,2);
INSERT INTO SITE_WEEKHOURCONFIG (SITE_SITE_ID,WEEKCONFIGS_WKCONFIG_ID) VALUES (2, 182);
INSERT INTO DESTINATION (DESTINATION_ID,AUDIO_ID,DESCRIPTION,DESTINATION_NUMBER,LAST_UPDATE_TIMESTAMP,NAME,HOLIDAYSLIST_ID,SITE_ID,IS_OVERWRITE_WEEKHOURCONFIG,IS_OVERWRITE_HOLIDAYLIST) VALUES (27,'audio','20933','20933',SYSDATE,'20933',1,2,1,1);
INSERT INTO WEEKHOURCONFIG (WKCONFIG_ID,ENDTIME,IS_CLOSED,STARTTIME,WEEKDAY,CALLCENTER_ID,DESTINATION_ID,SITE_ID) VALUES (183,TO_DATE('2100-12-31 23:59:59','YYYY-MM-DD HH24:MI:SS'),0,TO_DATE('1970-01-01 00:00:00','YYYY-MM-DD HH24:MI:SS'),0,2,27,2);
INSERT INTO SITE_WEEKHOURCONFIG (SITE_SITE_ID,WEEKCONFIGS_WKCONFIG_ID) VALUES (2, 183);
INSERT INTO WEEKHOURCONFIG (WKCONFIG_ID,ENDTIME,IS_CLOSED,STARTTIME,WEEKDAY,CALLCENTER_ID,DESTINATION_ID,SITE_ID) VALUES (184,TO_DATE('2100-12-31 23:59:59','YYYY-MM-DD HH24:MI:SS'),0,TO_DATE('1970-01-01 00:00:00','YYYY-MM-DD HH24:MI:SS'),1,2,27,2);
INSERT INTO SITE_WEEKHOURCONFIG (SITE_SITE_ID,WEEKCONFIGS_WKCONFIG_ID) VALUES (2, 184);
INSERT INTO WEEKHOURCONFIG (WKCONFIG_ID,ENDTIME,IS_CLOSED,STARTTIME,WEEKDAY,CALLCENTER_ID,DESTINATION_ID,SITE_ID) VALUES (185,TO_DATE('2100-12-31 23:59:59','YYYY-MM-DD HH24:MI:SS'),0,TO_DATE('1970-01-01 00:00:00','YYYY-MM-DD HH24:MI:SS'),2,2,27,2);
INSERT INTO SITE_WEEKHOURCONFIG (SITE_SITE_ID,WEEKCONFIGS_WKCONFIG_ID) VALUES (2, 185);
INSERT INTO WEEKHOURCONFIG (WKCONFIG_ID,ENDTIME,IS_CLOSED,STARTTIME,WEEKDAY,CALLCENTER_ID,DESTINATION_ID,SITE_ID) VALUES (186,TO_DATE('2100-12-31 23:59:59','YYYY-MM-DD HH24:MI:SS'),0,TO_DATE('1970-01-01 00:00:00','YYYY-MM-DD HH24:MI:SS'),3,2,27,2);
INSERT INTO SITE_WEEKHOURCONFIG (SITE_SITE_ID,WEEKCONFIGS_WKCONFIG_ID) VALUES (2, 186);
INSERT INTO WEEKHOURCONFIG (WKCONFIG_ID,ENDTIME,IS_CLOSED,STARTTIME,WEEKDAY,CALLCENTER_ID,DESTINATION_ID,SITE_ID) VALUES (187,TO_DATE('2100-12-31 23:59:59','YYYY-MM-DD HH24:MI:SS'),0,TO_DATE('1970-01-01 00:00:00','YYYY-MM-DD HH24:MI:SS'),4,2,27,2);
INSERT INTO SITE_WEEKHOURCONFIG (SITE_SITE_ID,WEEKCONFIGS_WKCONFIG_ID) VALUES (2, 187);
INSERT INTO WEEKHOURCONFIG (WKCONFIG_ID,ENDTIME,IS_CLOSED,STARTTIME,WEEKDAY,CALLCENTER_ID,DESTINATION_ID,SITE_ID) VALUES (188,TO_DATE('2100-12-31 23:59:59','YYYY-MM-DD HH24:MI:SS'),0,TO_DATE('1970-01-01 00:00:00','YYYY-MM-DD HH24:MI:SS'),5,2,27,2);
INSERT INTO SITE_WEEKHOURCONFIG (SITE_SITE_ID,WEEKCONFIGS_WKCONFIG_ID) VALUES (2, 188);
INSERT INTO WEEKHOURCONFIG (WKCONFIG_ID,ENDTIME,IS_CLOSED,STARTTIME,WEEKDAY,CALLCENTER_ID,DESTINATION_ID,SITE_ID) VALUES (189,TO_DATE('2100-12-31 23:59:59','YYYY-MM-DD HH24:MI:SS'),0,TO_DATE('1970-01-01 00:00:00','YYYY-MM-DD HH24:MI:SS'),6,2,27,2);
INSERT INTO SITE_WEEKHOURCONFIG (SITE_SITE_ID,WEEKCONFIGS_WKCONFIG_ID) VALUES (2, 189);
INSERT INTO DESTINATION (DESTINATION_ID,AUDIO_ID,DESCRIPTION,DESTINATION_NUMBER,LAST_UPDATE_TIMESTAMP,NAME,HOLIDAYSLIST_ID,SITE_ID,IS_OVERWRITE_WEEKHOURCONFIG,IS_OVERWRITE_HOLIDAYLIST) VALUES (28,'audio','20934','20934',SYSDATE,'20934',1,2,1,1);
INSERT INTO WEEKHOURCONFIG (WKCONFIG_ID,ENDTIME,IS_CLOSED,STARTTIME,WEEKDAY,CALLCENTER_ID,DESTINATION_ID,SITE_ID) VALUES (190,TO_DATE('2100-12-31 23:59:59','YYYY-MM-DD HH24:MI:SS'),0,TO_DATE('1970-01-01 00:00:00','YYYY-MM-DD HH24:MI:SS'),0,2,28,2);
INSERT INTO SITE_WEEKHOURCONFIG (SITE_SITE_ID,WEEKCONFIGS_WKCONFIG_ID) VALUES (2, 190);
INSERT INTO WEEKHOURCONFIG (WKCONFIG_ID,ENDTIME,IS_CLOSED,STARTTIME,WEEKDAY,CALLCENTER_ID,DESTINATION_ID,SITE_ID) VALUES (191,TO_DATE('2100-12-31 23:59:59','YYYY-MM-DD HH24:MI:SS'),0,TO_DATE('1970-01-01 00:00:00','YYYY-MM-DD HH24:MI:SS'),1,2,28,2);
INSERT INTO SITE_WEEKHOURCONFIG (SITE_SITE_ID,WEEKCONFIGS_WKCONFIG_ID) VALUES (2, 191);
INSERT INTO WEEKHOURCONFIG (WKCONFIG_ID,ENDTIME,IS_CLOSED,STARTTIME,WEEKDAY,CALLCENTER_ID,DESTINATION_ID,SITE_ID) VALUES (192,TO_DATE('2100-12-31 23:59:59','YYYY-MM-DD HH24:MI:SS'),0,TO_DATE('1970-01-01 00:00:00','YYYY-MM-DD HH24:MI:SS'),2,2,28,2);
INSERT INTO SITE_WEEKHOURCONFIG (SITE_SITE_ID,WEEKCONFIGS_WKCONFIG_ID) VALUES (2, 192);
INSERT INTO WEEKHOURCONFIG (WKCONFIG_ID,ENDTIME,IS_CLOSED,STARTTIME,WEEKDAY,CALLCENTER_ID,DESTINATION_ID,SITE_ID) VALUES (193,TO_DATE('2100-12-31 23:59:59','YYYY-MM-DD HH24:MI:SS'),0,TO_DATE('1970-01-01 00:00:00','YYYY-MM-DD HH24:MI:SS'),3,2,28,2);
INSERT INTO SITE_WEEKHOURCONFIG (SITE_SITE_ID,WEEKCONFIGS_WKCONFIG_ID) VALUES (2, 193);
INSERT INTO WEEKHOURCONFIG (WKCONFIG_ID,ENDTIME,IS_CLOSED,STARTTIME,WEEKDAY,CALLCENTER_ID,DESTINATION_ID,SITE_ID) VALUES (194,TO_DATE('2100-12-31 23:59:59','YYYY-MM-DD HH24:MI:SS'),0,TO_DATE('1970-01-01 00:00:00','YYYY-MM-DD HH24:MI:SS'),4,2,28,2);
INSERT INTO SITE_WEEKHOURCONFIG (SITE_SITE_ID,WEEKCONFIGS_WKCONFIG_ID) VALUES (2, 194);
INSERT INTO WEEKHOURCONFIG (WKCONFIG_ID,ENDTIME,IS_CLOSED,STARTTIME,WEEKDAY,CALLCENTER_ID,DESTINATION_ID,SITE_ID) VALUES (195,TO_DATE('2100-12-31 23:59:59','YYYY-MM-DD HH24:MI:SS'),0,TO_DATE('1970-01-01 00:00:00','YYYY-MM-DD HH24:MI:SS'),5,2,28,2);
INSERT INTO SITE_WEEKHOURCONFIG (SITE_SITE_ID,WEEKCONFIGS_WKCONFIG_ID) VALUES (2, 195);
INSERT INTO WEEKHOURCONFIG (WKCONFIG_ID,ENDTIME,IS_CLOSED,STARTTIME,WEEKDAY,CALLCENTER_ID,DESTINATION_ID,SITE_ID) VALUES (196,TO_DATE('2100-12-31 23:59:59','YYYY-MM-DD HH24:MI:SS'),0,TO_DATE('1970-01-01 00:00:00','YYYY-MM-DD HH24:MI:SS'),6,2,28,2);
INSERT INTO SITE_WEEKHOURCONFIG (SITE_SITE_ID,WEEKCONFIGS_WKCONFIG_ID) VALUES (2, 196);
INSERT INTO DESTINATION (DESTINATION_ID,AUDIO_ID,DESCRIPTION,DESTINATION_NUMBER,LAST_UPDATE_TIMESTAMP,NAME,HOLIDAYSLIST_ID,SITE_ID,IS_OVERWRITE_WEEKHOURCONFIG,IS_OVERWRITE_HOLIDAYLIST) VALUES (29,'audio','27196','27196',SYSDATE,'27196',1,2,1,1);
INSERT INTO WEEKHOURCONFIG (WKCONFIG_ID,ENDTIME,IS_CLOSED,STARTTIME,WEEKDAY,CALLCENTER_ID,DESTINATION_ID,SITE_ID) VALUES (197,TO_DATE('2100-12-31 23:59:59','YYYY-MM-DD HH24:MI:SS'),0,TO_DATE('1970-01-01 00:00:00','YYYY-MM-DD HH24:MI:SS'),0,2,29,2);
INSERT INTO SITE_WEEKHOURCONFIG (SITE_SITE_ID,WEEKCONFIGS_WKCONFIG_ID) VALUES (2, 197);
INSERT INTO WEEKHOURCONFIG (WKCONFIG_ID,ENDTIME,IS_CLOSED,STARTTIME,WEEKDAY,CALLCENTER_ID,DESTINATION_ID,SITE_ID) VALUES (198,TO_DATE('2100-12-31 23:59:59','YYYY-MM-DD HH24:MI:SS'),0,TO_DATE('1970-01-01 00:00:00','YYYY-MM-DD HH24:MI:SS'),1,2,29,2);
INSERT INTO SITE_WEEKHOURCONFIG (SITE_SITE_ID,WEEKCONFIGS_WKCONFIG_ID) VALUES (2, 198);
INSERT INTO WEEKHOURCONFIG (WKCONFIG_ID,ENDTIME,IS_CLOSED,STARTTIME,WEEKDAY,CALLCENTER_ID,DESTINATION_ID,SITE_ID) VALUES (199,TO_DATE('2100-12-31 23:59:59','YYYY-MM-DD HH24:MI:SS'),0,TO_DATE('1970-01-01 00:00:00','YYYY-MM-DD HH24:MI:SS'),2,2,29,2);
INSERT INTO SITE_WEEKHOURCONFIG (SITE_SITE_ID,WEEKCONFIGS_WKCONFIG_ID) VALUES (2, 199);
INSERT INTO WEEKHOURCONFIG (WKCONFIG_ID,ENDTIME,IS_CLOSED,STARTTIME,WEEKDAY,CALLCENTER_ID,DESTINATION_ID,SITE_ID) VALUES (200,TO_DATE('2100-12-31 23:59:59','YYYY-MM-DD HH24:MI:SS'),0,TO_DATE('1970-01-01 00:00:00','YYYY-MM-DD HH24:MI:SS'),3,2,29,2);
INSERT INTO SITE_WEEKHOURCONFIG (SITE_SITE_ID,WEEKCONFIGS_WKCONFIG_ID) VALUES (2, 200);
INSERT INTO WEEKHOURCONFIG (WKCONFIG_ID,ENDTIME,IS_CLOSED,STARTTIME,WEEKDAY,CALLCENTER_ID,DESTINATION_ID,SITE_ID) VALUES (201,TO_DATE('2100-12-31 23:59:59','YYYY-MM-DD HH24:MI:SS'),0,TO_DATE('1970-01-01 00:00:00','YYYY-MM-DD HH24:MI:SS'),4,2,29,2);
INSERT INTO SITE_WEEKHOURCONFIG (SITE_SITE_ID,WEEKCONFIGS_WKCONFIG_ID) VALUES (2, 201);
INSERT INTO WEEKHOURCONFIG (WKCONFIG_ID,ENDTIME,IS_CLOSED,STARTTIME,WEEKDAY,CALLCENTER_ID,DESTINATION_ID,SITE_ID) VALUES (202,TO_DATE('2100-12-31 23:59:59','YYYY-MM-DD HH24:MI:SS'),0,TO_DATE('1970-01-01 00:00:00','YYYY-MM-DD HH24:MI:SS'),5,2,29,2);
INSERT INTO SITE_WEEKHOURCONFIG (SITE_SITE_ID,WEEKCONFIGS_WKCONFIG_ID) VALUES (2, 202);
INSERT INTO WEEKHOURCONFIG (WKCONFIG_ID,ENDTIME,IS_CLOSED,STARTTIME,WEEKDAY,CALLCENTER_ID,DESTINATION_ID,SITE_ID) VALUES (203,TO_DATE('2100-12-31 23:59:59','YYYY-MM-DD HH24:MI:SS'),0,TO_DATE('1970-01-01 00:00:00','YYYY-MM-DD HH24:MI:SS'),6,2,29,2);
INSERT INTO SITE_WEEKHOURCONFIG (SITE_SITE_ID,WEEKCONFIGS_WKCONFIG_ID) VALUES (2, 203);
INSERT INTO DESTINATION (DESTINATION_ID,AUDIO_ID,DESCRIPTION,DESTINATION_NUMBER,LAST_UPDATE_TIMESTAMP,NAME,HOLIDAYSLIST_ID,SITE_ID,IS_OVERWRITE_WEEKHOURCONFIG,IS_OVERWRITE_HOLIDAYLIST) VALUES (30,'audio','20936','20936',SYSDATE,'20936',1,2,1,1);
INSERT INTO WEEKHOURCONFIG (WKCONFIG_ID,ENDTIME,IS_CLOSED,STARTTIME,WEEKDAY,CALLCENTER_ID,DESTINATION_ID,SITE_ID) VALUES (204,TO_DATE('2100-12-31 23:59:59','YYYY-MM-DD HH24:MI:SS'),0,TO_DATE('1970-01-01 00:00:00','YYYY-MM-DD HH24:MI:SS'),0,2,30,2);
INSERT INTO SITE_WEEKHOURCONFIG (SITE_SITE_ID,WEEKCONFIGS_WKCONFIG_ID) VALUES (2, 204);
INSERT INTO WEEKHOURCONFIG (WKCONFIG_ID,ENDTIME,IS_CLOSED,STARTTIME,WEEKDAY,CALLCENTER_ID,DESTINATION_ID,SITE_ID) VALUES (205,TO_DATE('2100-12-31 23:59:59','YYYY-MM-DD HH24:MI:SS'),0,TO_DATE('1970-01-01 00:00:00','YYYY-MM-DD HH24:MI:SS'),1,2,30,2);
INSERT INTO SITE_WEEKHOURCONFIG (SITE_SITE_ID,WEEKCONFIGS_WKCONFIG_ID) VALUES (2, 205);
INSERT INTO WEEKHOURCONFIG (WKCONFIG_ID,ENDTIME,IS_CLOSED,STARTTIME,WEEKDAY,CALLCENTER_ID,DESTINATION_ID,SITE_ID) VALUES (206,TO_DATE('2100-12-31 23:59:59','YYYY-MM-DD HH24:MI:SS'),0,TO_DATE('1970-01-01 00:00:00','YYYY-MM-DD HH24:MI:SS'),2,2,30,2);
INSERT INTO SITE_WEEKHOURCONFIG (SITE_SITE_ID,WEEKCONFIGS_WKCONFIG_ID) VALUES (2, 206);
INSERT INTO WEEKHOURCONFIG (WKCONFIG_ID,ENDTIME,IS_CLOSED,STARTTIME,WEEKDAY,CALLCENTER_ID,DESTINATION_ID,SITE_ID) VALUES (207,TO_DATE('2100-12-31 23:59:59','YYYY-MM-DD HH24:MI:SS'),0,TO_DATE('1970-01-01 00:00:00','YYYY-MM-DD HH24:MI:SS'),3,2,30,2);
INSERT INTO SITE_WEEKHOURCONFIG (SITE_SITE_ID,WEEKCONFIGS_WKCONFIG_ID) VALUES (2, 207);
INSERT INTO WEEKHOURCONFIG (WKCONFIG_ID,ENDTIME,IS_CLOSED,STARTTIME,WEEKDAY,CALLCENTER_ID,DESTINATION_ID,SITE_ID) VALUES (208,TO_DATE('2100-12-31 23:59:59','YYYY-MM-DD HH24:MI:SS'),0,TO_DATE('1970-01-01 00:00:00','YYYY-MM-DD HH24:MI:SS'),4,2,30,2);
INSERT INTO SITE_WEEKHOURCONFIG (SITE_SITE_ID,WEEKCONFIGS_WKCONFIG_ID) VALUES (2, 208);
INSERT INTO WEEKHOURCONFIG (WKCONFIG_ID,ENDTIME,IS_CLOSED,STARTTIME,WEEKDAY,CALLCENTER_ID,DESTINATION_ID,SITE_ID) VALUES (209,TO_DATE('2100-12-31 23:59:59','YYYY-MM-DD HH24:MI:SS'),0,TO_DATE('1970-01-01 00:00:00','YYYY-MM-DD HH24:MI:SS'),5,2,30,2);
INSERT INTO SITE_WEEKHOURCONFIG (SITE_SITE_ID,WEEKCONFIGS_WKCONFIG_ID) VALUES (2, 209);
INSERT INTO WEEKHOURCONFIG (WKCONFIG_ID,ENDTIME,IS_CLOSED,STARTTIME,WEEKDAY,CALLCENTER_ID,DESTINATION_ID,SITE_ID) VALUES (210,TO_DATE('2100-12-31 23:59:59','YYYY-MM-DD HH24:MI:SS'),0,TO_DATE('1970-01-01 00:00:00','YYYY-MM-DD HH24:MI:SS'),6,2,30,2);
INSERT INTO SITE_WEEKHOURCONFIG (SITE_SITE_ID,WEEKCONFIGS_WKCONFIG_ID) VALUES (2, 210);
INSERT INTO DESTINATION (DESTINATION_ID,AUDIO_ID,DESCRIPTION,DESTINATION_NUMBER,LAST_UPDATE_TIMESTAMP,NAME,HOLIDAYSLIST_ID,SITE_ID,IS_OVERWRITE_WEEKHOURCONFIG,IS_OVERWRITE_HOLIDAYLIST) VALUES (31,'audio','20937','20937',SYSDATE,'20937',1,2,1,1);
INSERT INTO WEEKHOURCONFIG (WKCONFIG_ID,ENDTIME,IS_CLOSED,STARTTIME,WEEKDAY,CALLCENTER_ID,DESTINATION_ID,SITE_ID) VALUES (211,TO_DATE('2100-12-31 23:59:59','YYYY-MM-DD HH24:MI:SS'),0,TO_DATE('1970-01-01 00:00:00','YYYY-MM-DD HH24:MI:SS'),0,2,31,2);
INSERT INTO SITE_WEEKHOURCONFIG (SITE_SITE_ID,WEEKCONFIGS_WKCONFIG_ID) VALUES (2, 211);
INSERT INTO WEEKHOURCONFIG (WKCONFIG_ID,ENDTIME,IS_CLOSED,STARTTIME,WEEKDAY,CALLCENTER_ID,DESTINATION_ID,SITE_ID) VALUES (212,TO_DATE('2100-12-31 23:59:59','YYYY-MM-DD HH24:MI:SS'),0,TO_DATE('1970-01-01 00:00:00','YYYY-MM-DD HH24:MI:SS'),1,2,31,2);
INSERT INTO SITE_WEEKHOURCONFIG (SITE_SITE_ID,WEEKCONFIGS_WKCONFIG_ID) VALUES (2, 212);
INSERT INTO WEEKHOURCONFIG (WKCONFIG_ID,ENDTIME,IS_CLOSED,STARTTIME,WEEKDAY,CALLCENTER_ID,DESTINATION_ID,SITE_ID) VALUES (213,TO_DATE('2100-12-31 23:59:59','YYYY-MM-DD HH24:MI:SS'),0,TO_DATE('1970-01-01 00:00:00','YYYY-MM-DD HH24:MI:SS'),2,2,31,2);
INSERT INTO SITE_WEEKHOURCONFIG (SITE_SITE_ID,WEEKCONFIGS_WKCONFIG_ID) VALUES (2, 213);
INSERT INTO WEEKHOURCONFIG (WKCONFIG_ID,ENDTIME,IS_CLOSED,STARTTIME,WEEKDAY,CALLCENTER_ID,DESTINATION_ID,SITE_ID) VALUES (214,TO_DATE('2100-12-31 23:59:59','YYYY-MM-DD HH24:MI:SS'),0,TO_DATE('1970-01-01 00:00:00','YYYY-MM-DD HH24:MI:SS'),3,2,31,2);
INSERT INTO SITE_WEEKHOURCONFIG (SITE_SITE_ID,WEEKCONFIGS_WKCONFIG_ID) VALUES (2, 214);
INSERT INTO WEEKHOURCONFIG (WKCONFIG_ID,ENDTIME,IS_CLOSED,STARTTIME,WEEKDAY,CALLCENTER_ID,DESTINATION_ID,SITE_ID) VALUES (215,TO_DATE('2100-12-31 23:59:59','YYYY-MM-DD HH24:MI:SS'),0,TO_DATE('1970-01-01 00:00:00','YYYY-MM-DD HH24:MI:SS'),4,2,31,2);
INSERT INTO SITE_WEEKHOURCONFIG (SITE_SITE_ID,WEEKCONFIGS_WKCONFIG_ID) VALUES (2, 215);
INSERT INTO WEEKHOURCONFIG (WKCONFIG_ID,ENDTIME,IS_CLOSED,STARTTIME,WEEKDAY,CALLCENTER_ID,DESTINATION_ID,SITE_ID) VALUES (216,TO_DATE('2100-12-31 23:59:59','YYYY-MM-DD HH24:MI:SS'),0,TO_DATE('1970-01-01 00:00:00','YYYY-MM-DD HH24:MI:SS'),5,2,31,2);
INSERT INTO SITE_WEEKHOURCONFIG (SITE_SITE_ID,WEEKCONFIGS_WKCONFIG_ID) VALUES (2, 216);
INSERT INTO WEEKHOURCONFIG (WKCONFIG_ID,ENDTIME,IS_CLOSED,STARTTIME,WEEKDAY,CALLCENTER_ID,DESTINATION_ID,SITE_ID) VALUES (217,TO_DATE('2100-12-31 23:59:59','YYYY-MM-DD HH24:MI:SS'),0,TO_DATE('1970-01-01 00:00:00','YYYY-MM-DD HH24:MI:SS'),6,2,31,2);
INSERT INTO SITE_WEEKHOURCONFIG (SITE_SITE_ID,WEEKCONFIGS_WKCONFIG_ID) VALUES (2, 217);
INSERT INTO DESTINATION (DESTINATION_ID,AUDIO_ID,DESCRIPTION,DESTINATION_NUMBER,LAST_UPDATE_TIMESTAMP,NAME,HOLIDAYSLIST_ID,SITE_ID,IS_OVERWRITE_WEEKHOURCONFIG,IS_OVERWRITE_HOLIDAYLIST) VALUES (32,'audio','27959','27959',SYSDATE,'27959',1,2,1,1);
INSERT INTO WEEKHOURCONFIG (WKCONFIG_ID,ENDTIME,IS_CLOSED,STARTTIME,WEEKDAY,CALLCENTER_ID,DESTINATION_ID,SITE_ID) VALUES (218,TO_DATE('2100-12-31 23:59:59','YYYY-MM-DD HH24:MI:SS'),0,TO_DATE('1970-01-01 00:00:00','YYYY-MM-DD HH24:MI:SS'),0,2,32,2);
INSERT INTO SITE_WEEKHOURCONFIG (SITE_SITE_ID,WEEKCONFIGS_WKCONFIG_ID) VALUES (2, 218);
INSERT INTO WEEKHOURCONFIG (WKCONFIG_ID,ENDTIME,IS_CLOSED,STARTTIME,WEEKDAY,CALLCENTER_ID,DESTINATION_ID,SITE_ID) VALUES (219,TO_DATE('2100-12-31 23:59:59','YYYY-MM-DD HH24:MI:SS'),0,TO_DATE('1970-01-01 00:00:00','YYYY-MM-DD HH24:MI:SS'),1,2,32,2);
INSERT INTO SITE_WEEKHOURCONFIG (SITE_SITE_ID,WEEKCONFIGS_WKCONFIG_ID) VALUES (2, 219);
INSERT INTO WEEKHOURCONFIG (WKCONFIG_ID,ENDTIME,IS_CLOSED,STARTTIME,WEEKDAY,CALLCENTER_ID,DESTINATION_ID,SITE_ID) VALUES (220,TO_DATE('2100-12-31 23:59:59','YYYY-MM-DD HH24:MI:SS'),0,TO_DATE('1970-01-01 00:00:00','YYYY-MM-DD HH24:MI:SS'),2,2,32,2);
INSERT INTO SITE_WEEKHOURCONFIG (SITE_SITE_ID,WEEKCONFIGS_WKCONFIG_ID) VALUES (2, 220);
INSERT INTO WEEKHOURCONFIG (WKCONFIG_ID,ENDTIME,IS_CLOSED,STARTTIME,WEEKDAY,CALLCENTER_ID,DESTINATION_ID,SITE_ID) VALUES (221,TO_DATE('2100-12-31 23:59:59','YYYY-MM-DD HH24:MI:SS'),0,TO_DATE('1970-01-01 00:00:00','YYYY-MM-DD HH24:MI:SS'),3,2,32,2);
INSERT INTO SITE_WEEKHOURCONFIG (SITE_SITE_ID,WEEKCONFIGS_WKCONFIG_ID) VALUES (2, 221);
INSERT INTO WEEKHOURCONFIG (WKCONFIG_ID,ENDTIME,IS_CLOSED,STARTTIME,WEEKDAY,CALLCENTER_ID,DESTINATION_ID,SITE_ID) VALUES (222,TO_DATE('2100-12-31 23:59:59','YYYY-MM-DD HH24:MI:SS'),0,TO_DATE('1970-01-01 00:00:00','YYYY-MM-DD HH24:MI:SS'),4,2,32,2);
INSERT INTO SITE_WEEKHOURCONFIG (SITE_SITE_ID,WEEKCONFIGS_WKCONFIG_ID) VALUES (2, 222);
INSERT INTO WEEKHOURCONFIG (WKCONFIG_ID,ENDTIME,IS_CLOSED,STARTTIME,WEEKDAY,CALLCENTER_ID,DESTINATION_ID,SITE_ID) VALUES (223,TO_DATE('2100-12-31 23:59:59','YYYY-MM-DD HH24:MI:SS'),0,TO_DATE('1970-01-01 00:00:00','YYYY-MM-DD HH24:MI:SS'),5,2,32,2);
INSERT INTO SITE_WEEKHOURCONFIG (SITE_SITE_ID,WEEKCONFIGS_WKCONFIG_ID) VALUES (2, 223);
INSERT INTO WEEKHOURCONFIG (WKCONFIG_ID,ENDTIME,IS_CLOSED,STARTTIME,WEEKDAY,CALLCENTER_ID,DESTINATION_ID,SITE_ID) VALUES (224,TO_DATE('2100-12-31 23:59:59','YYYY-MM-DD HH24:MI:SS'),0,TO_DATE('1970-01-01 00:00:00','YYYY-MM-DD HH24:MI:SS'),6,2,32,2);
INSERT INTO SITE_WEEKHOURCONFIG (SITE_SITE_ID,WEEKCONFIGS_WKCONFIG_ID) VALUES (2, 224);
INSERT INTO DESTINATION (DESTINATION_ID,AUDIO_ID,DESCRIPTION,DESTINATION_NUMBER,LAST_UPDATE_TIMESTAMP,NAME,HOLIDAYSLIST_ID,SITE_ID,IS_OVERWRITE_WEEKHOURCONFIG,IS_OVERWRITE_HOLIDAYLIST) VALUES (33,'audio','27958','27958',SYSDATE,'27958',1,2,1,1);
INSERT INTO WEEKHOURCONFIG (WKCONFIG_ID,ENDTIME,IS_CLOSED,STARTTIME,WEEKDAY,CALLCENTER_ID,DESTINATION_ID,SITE_ID) VALUES (225,TO_DATE('2100-12-31 23:59:59','YYYY-MM-DD HH24:MI:SS'),0,TO_DATE('1970-01-01 00:00:00','YYYY-MM-DD HH24:MI:SS'),0,2,33,2);
INSERT INTO SITE_WEEKHOURCONFIG (SITE_SITE_ID,WEEKCONFIGS_WKCONFIG_ID) VALUES (2, 225);
INSERT INTO WEEKHOURCONFIG (WKCONFIG_ID,ENDTIME,IS_CLOSED,STARTTIME,WEEKDAY,CALLCENTER_ID,DESTINATION_ID,SITE_ID) VALUES (226,TO_DATE('2100-12-31 23:59:59','YYYY-MM-DD HH24:MI:SS'),0,TO_DATE('1970-01-01 00:00:00','YYYY-MM-DD HH24:MI:SS'),1,2,33,2);
INSERT INTO SITE_WEEKHOURCONFIG (SITE_SITE_ID,WEEKCONFIGS_WKCONFIG_ID) VALUES (2, 226);
INSERT INTO WEEKHOURCONFIG (WKCONFIG_ID,ENDTIME,IS_CLOSED,STARTTIME,WEEKDAY,CALLCENTER_ID,DESTINATION_ID,SITE_ID) VALUES (227,TO_DATE('2100-12-31 23:59:59','YYYY-MM-DD HH24:MI:SS'),0,TO_DATE('1970-01-01 00:00:00','YYYY-MM-DD HH24:MI:SS'),2,2,33,2);
INSERT INTO SITE_WEEKHOURCONFIG (SITE_SITE_ID,WEEKCONFIGS_WKCONFIG_ID) VALUES (2, 227);
INSERT INTO WEEKHOURCONFIG (WKCONFIG_ID,ENDTIME,IS_CLOSED,STARTTIME,WEEKDAY,CALLCENTER_ID,DESTINATION_ID,SITE_ID) VALUES (228,TO_DATE('2100-12-31 23:59:59','YYYY-MM-DD HH24:MI:SS'),0,TO_DATE('1970-01-01 00:00:00','YYYY-MM-DD HH24:MI:SS'),3,2,33,2);
INSERT INTO SITE_WEEKHOURCONFIG (SITE_SITE_ID,WEEKCONFIGS_WKCONFIG_ID) VALUES (2, 228);
INSERT INTO WEEKHOURCONFIG (WKCONFIG_ID,ENDTIME,IS_CLOSED,STARTTIME,WEEKDAY,CALLCENTER_ID,DESTINATION_ID,SITE_ID) VALUES (229,TO_DATE('2100-12-31 23:59:59','YYYY-MM-DD HH24:MI:SS'),0,TO_DATE('1970-01-01 00:00:00','YYYY-MM-DD HH24:MI:SS'),4,2,33,2);
INSERT INTO SITE_WEEKHOURCONFIG (SITE_SITE_ID,WEEKCONFIGS_WKCONFIG_ID) VALUES (2, 229);
INSERT INTO WEEKHOURCONFIG (WKCONFIG_ID,ENDTIME,IS_CLOSED,STARTTIME,WEEKDAY,CALLCENTER_ID,DESTINATION_ID,SITE_ID) VALUES (230,TO_DATE('2100-12-31 23:59:59','YYYY-MM-DD HH24:MI:SS'),0,TO_DATE('1970-01-01 00:00:00','YYYY-MM-DD HH24:MI:SS'),5,2,33,2);
INSERT INTO SITE_WEEKHOURCONFIG (SITE_SITE_ID,WEEKCONFIGS_WKCONFIG_ID) VALUES (2, 230);
INSERT INTO WEEKHOURCONFIG (WKCONFIG_ID,ENDTIME,IS_CLOSED,STARTTIME,WEEKDAY,CALLCENTER_ID,DESTINATION_ID,SITE_ID) VALUES (231,TO_DATE('2100-12-31 23:59:59','YYYY-MM-DD HH24:MI:SS'),0,TO_DATE('1970-01-01 00:00:00','YYYY-MM-DD HH24:MI:SS'),6,2,33,2);
INSERT INTO SITE_WEEKHOURCONFIG (SITE_SITE_ID,WEEKCONFIGS_WKCONFIG_ID) VALUES (2, 231);
INSERT INTO DESTINATION (DESTINATION_ID,AUDIO_ID,DESCRIPTION,DESTINATION_NUMBER,LAST_UPDATE_TIMESTAMP,NAME,HOLIDAYSLIST_ID,SITE_ID,IS_OVERWRITE_WEEKHOURCONFIG,IS_OVERWRITE_HOLIDAYLIST) VALUES (34,'audio','27957','27957',SYSDATE,'27957',1,2,1,1);
INSERT INTO WEEKHOURCONFIG (WKCONFIG_ID,ENDTIME,IS_CLOSED,STARTTIME,WEEKDAY,CALLCENTER_ID,DESTINATION_ID,SITE_ID) VALUES (232,TO_DATE('2100-12-31 23:59:59','YYYY-MM-DD HH24:MI:SS'),0,TO_DATE('1970-01-01 00:00:00','YYYY-MM-DD HH24:MI:SS'),0,2,34,2);
INSERT INTO SITE_WEEKHOURCONFIG (SITE_SITE_ID,WEEKCONFIGS_WKCONFIG_ID) VALUES (2, 232);
INSERT INTO WEEKHOURCONFIG (WKCONFIG_ID,ENDTIME,IS_CLOSED,STARTTIME,WEEKDAY,CALLCENTER_ID,DESTINATION_ID,SITE_ID) VALUES (233,TO_DATE('2100-12-31 23:59:59','YYYY-MM-DD HH24:MI:SS'),0,TO_DATE('1970-01-01 00:00:00','YYYY-MM-DD HH24:MI:SS'),1,2,34,2);
INSERT INTO SITE_WEEKHOURCONFIG (SITE_SITE_ID,WEEKCONFIGS_WKCONFIG_ID) VALUES (2, 233);
INSERT INTO WEEKHOURCONFIG (WKCONFIG_ID,ENDTIME,IS_CLOSED,STARTTIME,WEEKDAY,CALLCENTER_ID,DESTINATION_ID,SITE_ID) VALUES (234,TO_DATE('2100-12-31 23:59:59','YYYY-MM-DD HH24:MI:SS'),0,TO_DATE('1970-01-01 00:00:00','YYYY-MM-DD HH24:MI:SS'),2,2,34,2);
INSERT INTO SITE_WEEKHOURCONFIG (SITE_SITE_ID,WEEKCONFIGS_WKCONFIG_ID) VALUES (2, 234);
INSERT INTO WEEKHOURCONFIG (WKCONFIG_ID,ENDTIME,IS_CLOSED,STARTTIME,WEEKDAY,CALLCENTER_ID,DESTINATION_ID,SITE_ID) VALUES (235,TO_DATE('2100-12-31 23:59:59','YYYY-MM-DD HH24:MI:SS'),0,TO_DATE('1970-01-01 00:00:00','YYYY-MM-DD HH24:MI:SS'),3,2,34,2);
INSERT INTO SITE_WEEKHOURCONFIG (SITE_SITE_ID,WEEKCONFIGS_WKCONFIG_ID) VALUES (2, 235);
INSERT INTO WEEKHOURCONFIG (WKCONFIG_ID,ENDTIME,IS_CLOSED,STARTTIME,WEEKDAY,CALLCENTER_ID,DESTINATION_ID,SITE_ID) VALUES (236,TO_DATE('2100-12-31 23:59:59','YYYY-MM-DD HH24:MI:SS'),0,TO_DATE('1970-01-01 00:00:00','YYYY-MM-DD HH24:MI:SS'),4,2,34,2);
INSERT INTO SITE_WEEKHOURCONFIG (SITE_SITE_ID,WEEKCONFIGS_WKCONFIG_ID) VALUES (2, 236);
INSERT INTO WEEKHOURCONFIG (WKCONFIG_ID,ENDTIME,IS_CLOSED,STARTTIME,WEEKDAY,CALLCENTER_ID,DESTINATION_ID,SITE_ID) VALUES (237,TO_DATE('2100-12-31 23:59:59','YYYY-MM-DD HH24:MI:SS'),0,TO_DATE('1970-01-01 00:00:00','YYYY-MM-DD HH24:MI:SS'),5,2,34,2);
INSERT INTO SITE_WEEKHOURCONFIG (SITE_SITE_ID,WEEKCONFIGS_WKCONFIG_ID) VALUES (2, 237);
INSERT INTO WEEKHOURCONFIG (WKCONFIG_ID,ENDTIME,IS_CLOSED,STARTTIME,WEEKDAY,CALLCENTER_ID,DESTINATION_ID,SITE_ID) VALUES (238,TO_DATE('2100-12-31 23:59:59','YYYY-MM-DD HH24:MI:SS'),0,TO_DATE('1970-01-01 00:00:00','YYYY-MM-DD HH24:MI:SS'),6,2,34,2);
INSERT INTO SITE_WEEKHOURCONFIG (SITE_SITE_ID,WEEKCONFIGS_WKCONFIG_ID) VALUES (2, 238);
INSERT INTO DESTINATION (DESTINATION_ID,AUDIO_ID,DESCRIPTION,DESTINATION_NUMBER,LAST_UPDATE_TIMESTAMP,NAME,HOLIDAYSLIST_ID,SITE_ID,IS_OVERWRITE_WEEKHOURCONFIG,IS_OVERWRITE_HOLIDAYLIST) VALUES (35,'audio','27956','27956',SYSDATE,'27956',1,2,1,1);
INSERT INTO WEEKHOURCONFIG (WKCONFIG_ID,ENDTIME,IS_CLOSED,STARTTIME,WEEKDAY,CALLCENTER_ID,DESTINATION_ID,SITE_ID) VALUES (239,TO_DATE('2100-12-31 23:59:59','YYYY-MM-DD HH24:MI:SS'),0,TO_DATE('1970-01-01 00:00:00','YYYY-MM-DD HH24:MI:SS'),0,2,35,2);
INSERT INTO SITE_WEEKHOURCONFIG (SITE_SITE_ID,WEEKCONFIGS_WKCONFIG_ID) VALUES (2, 239);
INSERT INTO WEEKHOURCONFIG (WKCONFIG_ID,ENDTIME,IS_CLOSED,STARTTIME,WEEKDAY,CALLCENTER_ID,DESTINATION_ID,SITE_ID) VALUES (240,TO_DATE('2100-12-31 23:59:59','YYYY-MM-DD HH24:MI:SS'),0,TO_DATE('1970-01-01 00:00:00','YYYY-MM-DD HH24:MI:SS'),1,2,35,2);
INSERT INTO SITE_WEEKHOURCONFIG (SITE_SITE_ID,WEEKCONFIGS_WKCONFIG_ID) VALUES (2, 240);
INSERT INTO WEEKHOURCONFIG (WKCONFIG_ID,ENDTIME,IS_CLOSED,STARTTIME,WEEKDAY,CALLCENTER_ID,DESTINATION_ID,SITE_ID) VALUES (241,TO_DATE('2100-12-31 23:59:59','YYYY-MM-DD HH24:MI:SS'),0,TO_DATE('1970-01-01 00:00:00','YYYY-MM-DD HH24:MI:SS'),2,2,35,2);
INSERT INTO SITE_WEEKHOURCONFIG (SITE_SITE_ID,WEEKCONFIGS_WKCONFIG_ID) VALUES (2, 241);
INSERT INTO WEEKHOURCONFIG (WKCONFIG_ID,ENDTIME,IS_CLOSED,STARTTIME,WEEKDAY,CALLCENTER_ID,DESTINATION_ID,SITE_ID) VALUES (242,TO_DATE('2100-12-31 23:59:59','YYYY-MM-DD HH24:MI:SS'),0,TO_DATE('1970-01-01 00:00:00','YYYY-MM-DD HH24:MI:SS'),3,2,35,2);
INSERT INTO SITE_WEEKHOURCONFIG (SITE_SITE_ID,WEEKCONFIGS_WKCONFIG_ID) VALUES (2, 242);
INSERT INTO WEEKHOURCONFIG (WKCONFIG_ID,ENDTIME,IS_CLOSED,STARTTIME,WEEKDAY,CALLCENTER_ID,DESTINATION_ID,SITE_ID) VALUES (243,TO_DATE('2100-12-31 23:59:59','YYYY-MM-DD HH24:MI:SS'),0,TO_DATE('1970-01-01 00:00:00','YYYY-MM-DD HH24:MI:SS'),4,2,35,2);
INSERT INTO SITE_WEEKHOURCONFIG (SITE_SITE_ID,WEEKCONFIGS_WKCONFIG_ID) VALUES (2, 243);
INSERT INTO WEEKHOURCONFIG (WKCONFIG_ID,ENDTIME,IS_CLOSED,STARTTIME,WEEKDAY,CALLCENTER_ID,DESTINATION_ID,SITE_ID) VALUES (244,TO_DATE('2100-12-31 23:59:59','YYYY-MM-DD HH24:MI:SS'),0,TO_DATE('1970-01-01 00:00:00','YYYY-MM-DD HH24:MI:SS'),5,2,35,2);
INSERT INTO SITE_WEEKHOURCONFIG (SITE_SITE_ID,WEEKCONFIGS_WKCONFIG_ID) VALUES (2, 244);
INSERT INTO WEEKHOURCONFIG (WKCONFIG_ID,ENDTIME,IS_CLOSED,STARTTIME,WEEKDAY,CALLCENTER_ID,DESTINATION_ID,SITE_ID) VALUES (245,TO_DATE('2100-12-31 23:59:59','YYYY-MM-DD HH24:MI:SS'),0,TO_DATE('1970-01-01 00:00:00','YYYY-MM-DD HH24:MI:SS'),6,2,35,2);
INSERT INTO SITE_WEEKHOURCONFIG (SITE_SITE_ID,WEEKCONFIGS_WKCONFIG_ID) VALUES (2, 245);
INSERT INTO DESTINATION (DESTINATION_ID,AUDIO_ID,DESCRIPTION,DESTINATION_NUMBER,LAST_UPDATE_TIMESTAMP,NAME,HOLIDAYSLIST_ID,SITE_ID,IS_OVERWRITE_WEEKHOURCONFIG,IS_OVERWRITE_HOLIDAYLIST) VALUES (36,'audio','27955','27955',SYSDATE,'27955',1,2,1,1);
INSERT INTO WEEKHOURCONFIG (WKCONFIG_ID,ENDTIME,IS_CLOSED,STARTTIME,WEEKDAY,CALLCENTER_ID,DESTINATION_ID,SITE_ID) VALUES (246,TO_DATE('2100-12-31 23:59:59','YYYY-MM-DD HH24:MI:SS'),0,TO_DATE('1970-01-01 00:00:00','YYYY-MM-DD HH24:MI:SS'),0,2,36,2);
INSERT INTO SITE_WEEKHOURCONFIG (SITE_SITE_ID,WEEKCONFIGS_WKCONFIG_ID) VALUES (2, 246);
INSERT INTO WEEKHOURCONFIG (WKCONFIG_ID,ENDTIME,IS_CLOSED,STARTTIME,WEEKDAY,CALLCENTER_ID,DESTINATION_ID,SITE_ID) VALUES (247,TO_DATE('2100-12-31 23:59:59','YYYY-MM-DD HH24:MI:SS'),0,TO_DATE('1970-01-01 00:00:00','YYYY-MM-DD HH24:MI:SS'),1,2,36,2);
INSERT INTO SITE_WEEKHOURCONFIG (SITE_SITE_ID,WEEKCONFIGS_WKCONFIG_ID) VALUES (2, 247);
INSERT INTO WEEKHOURCONFIG (WKCONFIG_ID,ENDTIME,IS_CLOSED,STARTTIME,WEEKDAY,CALLCENTER_ID,DESTINATION_ID,SITE_ID) VALUES (248,TO_DATE('2100-12-31 23:59:59','YYYY-MM-DD HH24:MI:SS'),0,TO_DATE('1970-01-01 00:00:00','YYYY-MM-DD HH24:MI:SS'),2,2,36,2);
INSERT INTO SITE_WEEKHOURCONFIG (SITE_SITE_ID,WEEKCONFIGS_WKCONFIG_ID) VALUES (2, 248);
INSERT INTO WEEKHOURCONFIG (WKCONFIG_ID,ENDTIME,IS_CLOSED,STARTTIME,WEEKDAY,CALLCENTER_ID,DESTINATION_ID,SITE_ID) VALUES (249,TO_DATE('2100-12-31 23:59:59','YYYY-MM-DD HH24:MI:SS'),0,TO_DATE('1970-01-01 00:00:00','YYYY-MM-DD HH24:MI:SS'),3,2,36,2);
INSERT INTO SITE_WEEKHOURCONFIG (SITE_SITE_ID,WEEKCONFIGS_WKCONFIG_ID) VALUES (2, 249);
INSERT INTO WEEKHOURCONFIG (WKCONFIG_ID,ENDTIME,IS_CLOSED,STARTTIME,WEEKDAY,CALLCENTER_ID,DESTINATION_ID,SITE_ID) VALUES (250,TO_DATE('2100-12-31 23:59:59','YYYY-MM-DD HH24:MI:SS'),0,TO_DATE('1970-01-01 00:00:00','YYYY-MM-DD HH24:MI:SS'),4,2,36,2);
INSERT INTO SITE_WEEKHOURCONFIG (SITE_SITE_ID,WEEKCONFIGS_WKCONFIG_ID) VALUES (2, 250);
INSERT INTO WEEKHOURCONFIG (WKCONFIG_ID,ENDTIME,IS_CLOSED,STARTTIME,WEEKDAY,CALLCENTER_ID,DESTINATION_ID,SITE_ID) VALUES (251,TO_DATE('2100-12-31 23:59:59','YYYY-MM-DD HH24:MI:SS'),0,TO_DATE('1970-01-01 00:00:00','YYYY-MM-DD HH24:MI:SS'),5,2,36,2);
INSERT INTO SITE_WEEKHOURCONFIG (SITE_SITE_ID,WEEKCONFIGS_WKCONFIG_ID) VALUES (2, 251);
INSERT INTO WEEKHOURCONFIG (WKCONFIG_ID,ENDTIME,IS_CLOSED,STARTTIME,WEEKDAY,CALLCENTER_ID,DESTINATION_ID,SITE_ID) VALUES (252,TO_DATE('2100-12-31 23:59:59','YYYY-MM-DD HH24:MI:SS'),0,TO_DATE('1970-01-01 00:00:00','YYYY-MM-DD HH24:MI:SS'),6,2,36,2);
INSERT INTO SITE_WEEKHOURCONFIG (SITE_SITE_ID,WEEKCONFIGS_WKCONFIG_ID) VALUES (2, 252);
INSERT INTO DESTINATION (DESTINATION_ID,AUDIO_ID,DESCRIPTION,DESTINATION_NUMBER,LAST_UPDATE_TIMESTAMP,NAME,HOLIDAYSLIST_ID,SITE_ID,IS_OVERWRITE_WEEKHOURCONFIG,IS_OVERWRITE_HOLIDAYLIST) VALUES (37,'audio','27954','27954',SYSDATE,'27954',1,2,1,1);
INSERT INTO WEEKHOURCONFIG (WKCONFIG_ID,ENDTIME,IS_CLOSED,STARTTIME,WEEKDAY,CALLCENTER_ID,DESTINATION_ID,SITE_ID) VALUES (253,TO_DATE('2100-12-31 23:59:59','YYYY-MM-DD HH24:MI:SS'),0,TO_DATE('1970-01-01 00:00:00','YYYY-MM-DD HH24:MI:SS'),0,2,37,2);
INSERT INTO SITE_WEEKHOURCONFIG (SITE_SITE_ID,WEEKCONFIGS_WKCONFIG_ID) VALUES (2, 253);
INSERT INTO WEEKHOURCONFIG (WKCONFIG_ID,ENDTIME,IS_CLOSED,STARTTIME,WEEKDAY,CALLCENTER_ID,DESTINATION_ID,SITE_ID) VALUES (254,TO_DATE('2100-12-31 23:59:59','YYYY-MM-DD HH24:MI:SS'),0,TO_DATE('1970-01-01 00:00:00','YYYY-MM-DD HH24:MI:SS'),1,2,37,2);
INSERT INTO SITE_WEEKHOURCONFIG (SITE_SITE_ID,WEEKCONFIGS_WKCONFIG_ID) VALUES (2, 254);
INSERT INTO WEEKHOURCONFIG (WKCONFIG_ID,ENDTIME,IS_CLOSED,STARTTIME,WEEKDAY,CALLCENTER_ID,DESTINATION_ID,SITE_ID) VALUES (255,TO_DATE('2100-12-31 23:59:59','YYYY-MM-DD HH24:MI:SS'),0,TO_DATE('1970-01-01 00:00:00','YYYY-MM-DD HH24:MI:SS'),2,2,37,2);
INSERT INTO SITE_WEEKHOURCONFIG (SITE_SITE_ID,WEEKCONFIGS_WKCONFIG_ID) VALUES (2, 255);
INSERT INTO WEEKHOURCONFIG (WKCONFIG_ID,ENDTIME,IS_CLOSED,STARTTIME,WEEKDAY,CALLCENTER_ID,DESTINATION_ID,SITE_ID) VALUES (256,TO_DATE('2100-12-31 23:59:59','YYYY-MM-DD HH24:MI:SS'),0,TO_DATE('1970-01-01 00:00:00','YYYY-MM-DD HH24:MI:SS'),3,2,37,2);
INSERT INTO SITE_WEEKHOURCONFIG (SITE_SITE_ID,WEEKCONFIGS_WKCONFIG_ID) VALUES (2, 256);
INSERT INTO WEEKHOURCONFIG (WKCONFIG_ID,ENDTIME,IS_CLOSED,STARTTIME,WEEKDAY,CALLCENTER_ID,DESTINATION_ID,SITE_ID) VALUES (257,TO_DATE('2100-12-31 23:59:59','YYYY-MM-DD HH24:MI:SS'),0,TO_DATE('1970-01-01 00:00:00','YYYY-MM-DD HH24:MI:SS'),4,2,37,2);
INSERT INTO SITE_WEEKHOURCONFIG (SITE_SITE_ID,WEEKCONFIGS_WKCONFIG_ID) VALUES (2, 257);
INSERT INTO WEEKHOURCONFIG (WKCONFIG_ID,ENDTIME,IS_CLOSED,STARTTIME,WEEKDAY,CALLCENTER_ID,DESTINATION_ID,SITE_ID) VALUES (258,TO_DATE('2100-12-31 23:59:59','YYYY-MM-DD HH24:MI:SS'),0,TO_DATE('1970-01-01 00:00:00','YYYY-MM-DD HH24:MI:SS'),5,2,37,2);
INSERT INTO SITE_WEEKHOURCONFIG (SITE_SITE_ID,WEEKCONFIGS_WKCONFIG_ID) VALUES (2, 258);
INSERT INTO WEEKHOURCONFIG (WKCONFIG_ID,ENDTIME,IS_CLOSED,STARTTIME,WEEKDAY,CALLCENTER_ID,DESTINATION_ID,SITE_ID) VALUES (259,TO_DATE('2100-12-31 23:59:59','YYYY-MM-DD HH24:MI:SS'),0,TO_DATE('1970-01-01 00:00:00','YYYY-MM-DD HH24:MI:SS'),6,2,37,2);
INSERT INTO SITE_WEEKHOURCONFIG (SITE_SITE_ID,WEEKCONFIGS_WKCONFIG_ID) VALUES (2, 259);
INSERT INTO DESTINATION (DESTINATION_ID,AUDIO_ID,DESCRIPTION,DESTINATION_NUMBER,LAST_UPDATE_TIMESTAMP,NAME,HOLIDAYSLIST_ID,SITE_ID,IS_OVERWRITE_WEEKHOURCONFIG,IS_OVERWRITE_HOLIDAYLIST) VALUES (38,'audio','27953','27953',SYSDATE,'27953',1,2,1,1);
INSERT INTO WEEKHOURCONFIG (WKCONFIG_ID,ENDTIME,IS_CLOSED,STARTTIME,WEEKDAY,CALLCENTER_ID,DESTINATION_ID,SITE_ID) VALUES (260,TO_DATE('2100-12-31 23:59:59','YYYY-MM-DD HH24:MI:SS'),0,TO_DATE('1970-01-01 00:00:00','YYYY-MM-DD HH24:MI:SS'),0,2,38,2);
INSERT INTO SITE_WEEKHOURCONFIG (SITE_SITE_ID,WEEKCONFIGS_WKCONFIG_ID) VALUES (2, 260);
INSERT INTO WEEKHOURCONFIG (WKCONFIG_ID,ENDTIME,IS_CLOSED,STARTTIME,WEEKDAY,CALLCENTER_ID,DESTINATION_ID,SITE_ID) VALUES (261,TO_DATE('2100-12-31 23:59:59','YYYY-MM-DD HH24:MI:SS'),0,TO_DATE('1970-01-01 00:00:00','YYYY-MM-DD HH24:MI:SS'),1,2,38,2);
INSERT INTO SITE_WEEKHOURCONFIG (SITE_SITE_ID,WEEKCONFIGS_WKCONFIG_ID) VALUES (2, 261);
INSERT INTO WEEKHOURCONFIG (WKCONFIG_ID,ENDTIME,IS_CLOSED,STARTTIME,WEEKDAY,CALLCENTER_ID,DESTINATION_ID,SITE_ID) VALUES (262,TO_DATE('2100-12-31 23:59:59','YYYY-MM-DD HH24:MI:SS'),0,TO_DATE('1970-01-01 00:00:00','YYYY-MM-DD HH24:MI:SS'),2,2,38,2);
INSERT INTO SITE_WEEKHOURCONFIG (SITE_SITE_ID,WEEKCONFIGS_WKCONFIG_ID) VALUES (2, 262);
INSERT INTO WEEKHOURCONFIG (WKCONFIG_ID,ENDTIME,IS_CLOSED,STARTTIME,WEEKDAY,CALLCENTER_ID,DESTINATION_ID,SITE_ID) VALUES (263,TO_DATE('2100-12-31 23:59:59','YYYY-MM-DD HH24:MI:SS'),0,TO_DATE('1970-01-01 00:00:00','YYYY-MM-DD HH24:MI:SS'),3,2,38,2);
INSERT INTO SITE_WEEKHOURCONFIG (SITE_SITE_ID,WEEKCONFIGS_WKCONFIG_ID) VALUES (2, 263);
INSERT INTO WEEKHOURCONFIG (WKCONFIG_ID,ENDTIME,IS_CLOSED,STARTTIME,WEEKDAY,CALLCENTER_ID,DESTINATION_ID,SITE_ID) VALUES (264,TO_DATE('2100-12-31 23:59:59','YYYY-MM-DD HH24:MI:SS'),0,TO_DATE('1970-01-01 00:00:00','YYYY-MM-DD HH24:MI:SS'),4,2,38,2);
INSERT INTO SITE_WEEKHOURCONFIG (SITE_SITE_ID,WEEKCONFIGS_WKCONFIG_ID) VALUES (2, 264);
INSERT INTO WEEKHOURCONFIG (WKCONFIG_ID,ENDTIME,IS_CLOSED,STARTTIME,WEEKDAY,CALLCENTER_ID,DESTINATION_ID,SITE_ID) VALUES (265,TO_DATE('2100-12-31 23:59:59','YYYY-MM-DD HH24:MI:SS'),0,TO_DATE('1970-01-01 00:00:00','YYYY-MM-DD HH24:MI:SS'),5,2,38,2);
INSERT INTO SITE_WEEKHOURCONFIG (SITE_SITE_ID,WEEKCONFIGS_WKCONFIG_ID) VALUES (2, 265);
INSERT INTO WEEKHOURCONFIG (WKCONFIG_ID,ENDTIME,IS_CLOSED,STARTTIME,WEEKDAY,CALLCENTER_ID,DESTINATION_ID,SITE_ID) VALUES (266,TO_DATE('2100-12-31 23:59:59','YYYY-MM-DD HH24:MI:SS'),0,TO_DATE('1970-01-01 00:00:00','YYYY-MM-DD HH24:MI:SS'),6,2,38,2);
INSERT INTO SITE_WEEKHOURCONFIG (SITE_SITE_ID,WEEKCONFIGS_WKCONFIG_ID) VALUES (2, 266);
INSERT INTO DESTINATION (DESTINATION_ID,AUDIO_ID,DESCRIPTION,DESTINATION_NUMBER,LAST_UPDATE_TIMESTAMP,NAME,HOLIDAYSLIST_ID,SITE_ID,IS_OVERWRITE_WEEKHOURCONFIG,IS_OVERWRITE_HOLIDAYLIST) VALUES (39,'audio','27952','27952',SYSDATE,'27952',1,2,1,1);
INSERT INTO WEEKHOURCONFIG (WKCONFIG_ID,ENDTIME,IS_CLOSED,STARTTIME,WEEKDAY,CALLCENTER_ID,DESTINATION_ID,SITE_ID) VALUES (267,TO_DATE('2100-12-31 23:59:59','YYYY-MM-DD HH24:MI:SS'),0,TO_DATE('1970-01-01 00:00:00','YYYY-MM-DD HH24:MI:SS'),0,2,39,2);
INSERT INTO SITE_WEEKHOURCONFIG (SITE_SITE_ID,WEEKCONFIGS_WKCONFIG_ID) VALUES (2, 267);
INSERT INTO WEEKHOURCONFIG (WKCONFIG_ID,ENDTIME,IS_CLOSED,STARTTIME,WEEKDAY,CALLCENTER_ID,DESTINATION_ID,SITE_ID) VALUES (268,TO_DATE('2100-12-31 23:59:59','YYYY-MM-DD HH24:MI:SS'),0,TO_DATE('1970-01-01 00:00:00','YYYY-MM-DD HH24:MI:SS'),1,2,39,2);
INSERT INTO SITE_WEEKHOURCONFIG (SITE_SITE_ID,WEEKCONFIGS_WKCONFIG_ID) VALUES (2, 268);
INSERT INTO WEEKHOURCONFIG (WKCONFIG_ID,ENDTIME,IS_CLOSED,STARTTIME,WEEKDAY,CALLCENTER_ID,DESTINATION_ID,SITE_ID) VALUES (269,TO_DATE('2100-12-31 23:59:59','YYYY-MM-DD HH24:MI:SS'),0,TO_DATE('1970-01-01 00:00:00','YYYY-MM-DD HH24:MI:SS'),2,2,39,2);
INSERT INTO SITE_WEEKHOURCONFIG (SITE_SITE_ID,WEEKCONFIGS_WKCONFIG_ID) VALUES (2, 269);
INSERT INTO WEEKHOURCONFIG (WKCONFIG_ID,ENDTIME,IS_CLOSED,STARTTIME,WEEKDAY,CALLCENTER_ID,DESTINATION_ID,SITE_ID) VALUES (270,TO_DATE('2100-12-31 23:59:59','YYYY-MM-DD HH24:MI:SS'),0,TO_DATE('1970-01-01 00:00:00','YYYY-MM-DD HH24:MI:SS'),3,2,39,2);
INSERT INTO SITE_WEEKHOURCONFIG (SITE_SITE_ID,WEEKCONFIGS_WKCONFIG_ID) VALUES (2, 270);
INSERT INTO WEEKHOURCONFIG (WKCONFIG_ID,ENDTIME,IS_CLOSED,STARTTIME,WEEKDAY,CALLCENTER_ID,DESTINATION_ID,SITE_ID) VALUES (271,TO_DATE('2100-12-31 23:59:59','YYYY-MM-DD HH24:MI:SS'),0,TO_DATE('1970-01-01 00:00:00','YYYY-MM-DD HH24:MI:SS'),4,2,39,2);
INSERT INTO SITE_WEEKHOURCONFIG (SITE_SITE_ID,WEEKCONFIGS_WKCONFIG_ID) VALUES (2, 271);
INSERT INTO WEEKHOURCONFIG (WKCONFIG_ID,ENDTIME,IS_CLOSED,STARTTIME,WEEKDAY,CALLCENTER_ID,DESTINATION_ID,SITE_ID) VALUES (272,TO_DATE('2100-12-31 23:59:59','YYYY-MM-DD HH24:MI:SS'),0,TO_DATE('1970-01-01 00:00:00','YYYY-MM-DD HH24:MI:SS'),5,2,39,2);
INSERT INTO SITE_WEEKHOURCONFIG (SITE_SITE_ID,WEEKCONFIGS_WKCONFIG_ID) VALUES (2, 272);
INSERT INTO WEEKHOURCONFIG (WKCONFIG_ID,ENDTIME,IS_CLOSED,STARTTIME,WEEKDAY,CALLCENTER_ID,DESTINATION_ID,SITE_ID) VALUES (273,TO_DATE('2100-12-31 23:59:59','YYYY-MM-DD HH24:MI:SS'),0,TO_DATE('1970-01-01 00:00:00','YYYY-MM-DD HH24:MI:SS'),6,2,39,2);
INSERT INTO SITE_WEEKHOURCONFIG (SITE_SITE_ID,WEEKCONFIGS_WKCONFIG_ID) VALUES (2, 273);
INSERT INTO DESTINATION (DESTINATION_ID,AUDIO_ID,DESCRIPTION,DESTINATION_NUMBER,LAST_UPDATE_TIMESTAMP,NAME,HOLIDAYSLIST_ID,SITE_ID,IS_OVERWRITE_WEEKHOURCONFIG,IS_OVERWRITE_HOLIDAYLIST) VALUES (40,'audio','27951','27951',SYSDATE,'27951',1,2,1,1);
INSERT INTO WEEKHOURCONFIG (WKCONFIG_ID,ENDTIME,IS_CLOSED,STARTTIME,WEEKDAY,CALLCENTER_ID,DESTINATION_ID,SITE_ID) VALUES (274,TO_DATE('2100-12-31 23:59:59','YYYY-MM-DD HH24:MI:SS'),0,TO_DATE('1970-01-01 00:00:00','YYYY-MM-DD HH24:MI:SS'),0,2,40,2);
INSERT INTO SITE_WEEKHOURCONFIG (SITE_SITE_ID,WEEKCONFIGS_WKCONFIG_ID) VALUES (2, 274);
INSERT INTO WEEKHOURCONFIG (WKCONFIG_ID,ENDTIME,IS_CLOSED,STARTTIME,WEEKDAY,CALLCENTER_ID,DESTINATION_ID,SITE_ID) VALUES (275,TO_DATE('2100-12-31 23:59:59','YYYY-MM-DD HH24:MI:SS'),0,TO_DATE('1970-01-01 00:00:00','YYYY-MM-DD HH24:MI:SS'),1,2,40,2);
INSERT INTO SITE_WEEKHOURCONFIG (SITE_SITE_ID,WEEKCONFIGS_WKCONFIG_ID) VALUES (2, 275);
INSERT INTO WEEKHOURCONFIG (WKCONFIG_ID,ENDTIME,IS_CLOSED,STARTTIME,WEEKDAY,CALLCENTER_ID,DESTINATION_ID,SITE_ID) VALUES (276,TO_DATE('2100-12-31 23:59:59','YYYY-MM-DD HH24:MI:SS'),0,TO_DATE('1970-01-01 00:00:00','YYYY-MM-DD HH24:MI:SS'),2,2,40,2);
INSERT INTO SITE_WEEKHOURCONFIG (SITE_SITE_ID,WEEKCONFIGS_WKCONFIG_ID) VALUES (2, 276);
INSERT INTO WEEKHOURCONFIG (WKCONFIG_ID,ENDTIME,IS_CLOSED,STARTTIME,WEEKDAY,CALLCENTER_ID,DESTINATION_ID,SITE_ID) VALUES (277,TO_DATE('2100-12-31 23:59:59','YYYY-MM-DD HH24:MI:SS'),0,TO_DATE('1970-01-01 00:00:00','YYYY-MM-DD HH24:MI:SS'),3,2,40,2);
INSERT INTO SITE_WEEKHOURCONFIG (SITE_SITE_ID,WEEKCONFIGS_WKCONFIG_ID) VALUES (2, 277);
INSERT INTO WEEKHOURCONFIG (WKCONFIG_ID,ENDTIME,IS_CLOSED,STARTTIME,WEEKDAY,CALLCENTER_ID,DESTINATION_ID,SITE_ID) VALUES (278,TO_DATE('2100-12-31 23:59:59','YYYY-MM-DD HH24:MI:SS'),0,TO_DATE('1970-01-01 00:00:00','YYYY-MM-DD HH24:MI:SS'),4,2,40,2);
INSERT INTO SITE_WEEKHOURCONFIG (SITE_SITE_ID,WEEKCONFIGS_WKCONFIG_ID) VALUES (2, 278);
INSERT INTO WEEKHOURCONFIG (WKCONFIG_ID,ENDTIME,IS_CLOSED,STARTTIME,WEEKDAY,CALLCENTER_ID,DESTINATION_ID,SITE_ID) VALUES (279,TO_DATE('2100-12-31 23:59:59','YYYY-MM-DD HH24:MI:SS'),0,TO_DATE('1970-01-01 00:00:00','YYYY-MM-DD HH24:MI:SS'),5,2,40,2);
INSERT INTO SITE_WEEKHOURCONFIG (SITE_SITE_ID,WEEKCONFIGS_WKCONFIG_ID) VALUES (2, 279);
INSERT INTO WEEKHOURCONFIG (WKCONFIG_ID,ENDTIME,IS_CLOSED,STARTTIME,WEEKDAY,CALLCENTER_ID,DESTINATION_ID,SITE_ID) VALUES (280,TO_DATE('2100-12-31 23:59:59','YYYY-MM-DD HH24:MI:SS'),0,TO_DATE('1970-01-01 00:00:00','YYYY-MM-DD HH24:MI:SS'),6,2,40,2);
INSERT INTO SITE_WEEKHOURCONFIG (SITE_SITE_ID,WEEKCONFIGS_WKCONFIG_ID) VALUES (2, 280);
INSERT INTO DESTINATION (DESTINATION_ID,AUDIO_ID,DESCRIPTION,DESTINATION_NUMBER,LAST_UPDATE_TIMESTAMP,NAME,HOLIDAYSLIST_ID,SITE_ID,IS_OVERWRITE_WEEKHOURCONFIG,IS_OVERWRITE_HOLIDAYLIST) VALUES (41,'audio','27950','27950',SYSDATE,'27950',1,2,1,1);
INSERT INTO WEEKHOURCONFIG (WKCONFIG_ID,ENDTIME,IS_CLOSED,STARTTIME,WEEKDAY,CALLCENTER_ID,DESTINATION_ID,SITE_ID) VALUES (281,TO_DATE('2100-12-31 23:59:59','YYYY-MM-DD HH24:MI:SS'),0,TO_DATE('1970-01-01 00:00:00','YYYY-MM-DD HH24:MI:SS'),0,2,41,2);
INSERT INTO SITE_WEEKHOURCONFIG (SITE_SITE_ID,WEEKCONFIGS_WKCONFIG_ID) VALUES (2, 281);
INSERT INTO WEEKHOURCONFIG (WKCONFIG_ID,ENDTIME,IS_CLOSED,STARTTIME,WEEKDAY,CALLCENTER_ID,DESTINATION_ID,SITE_ID) VALUES (282,TO_DATE('2100-12-31 23:59:59','YYYY-MM-DD HH24:MI:SS'),0,TO_DATE('1970-01-01 00:00:00','YYYY-MM-DD HH24:MI:SS'),1,2,41,2);
INSERT INTO SITE_WEEKHOURCONFIG (SITE_SITE_ID,WEEKCONFIGS_WKCONFIG_ID) VALUES (2, 282);
INSERT INTO WEEKHOURCONFIG (WKCONFIG_ID,ENDTIME,IS_CLOSED,STARTTIME,WEEKDAY,CALLCENTER_ID,DESTINATION_ID,SITE_ID) VALUES (283,TO_DATE('2100-12-31 23:59:59','YYYY-MM-DD HH24:MI:SS'),0,TO_DATE('1970-01-01 00:00:00','YYYY-MM-DD HH24:MI:SS'),2,2,41,2);
INSERT INTO SITE_WEEKHOURCONFIG (SITE_SITE_ID,WEEKCONFIGS_WKCONFIG_ID) VALUES (2, 283);
INSERT INTO WEEKHOURCONFIG (WKCONFIG_ID,ENDTIME,IS_CLOSED,STARTTIME,WEEKDAY,CALLCENTER_ID,DESTINATION_ID,SITE_ID) VALUES (284,TO_DATE('2100-12-31 23:59:59','YYYY-MM-DD HH24:MI:SS'),0,TO_DATE('1970-01-01 00:00:00','YYYY-MM-DD HH24:MI:SS'),3,2,41,2);
INSERT INTO SITE_WEEKHOURCONFIG (SITE_SITE_ID,WEEKCONFIGS_WKCONFIG_ID) VALUES (2, 284);
INSERT INTO WEEKHOURCONFIG (WKCONFIG_ID,ENDTIME,IS_CLOSED,STARTTIME,WEEKDAY,CALLCENTER_ID,DESTINATION_ID,SITE_ID) VALUES (285,TO_DATE('2100-12-31 23:59:59','YYYY-MM-DD HH24:MI:SS'),0,TO_DATE('1970-01-01 00:00:00','YYYY-MM-DD HH24:MI:SS'),4,2,41,2);
INSERT INTO SITE_WEEKHOURCONFIG (SITE_SITE_ID,WEEKCONFIGS_WKCONFIG_ID) VALUES (2, 285);
INSERT INTO WEEKHOURCONFIG (WKCONFIG_ID,ENDTIME,IS_CLOSED,STARTTIME,WEEKDAY,CALLCENTER_ID,DESTINATION_ID,SITE_ID) VALUES (286,TO_DATE('2100-12-31 23:59:59','YYYY-MM-DD HH24:MI:SS'),0,TO_DATE('1970-01-01 00:00:00','YYYY-MM-DD HH24:MI:SS'),5,2,41,2);
INSERT INTO SITE_WEEKHOURCONFIG (SITE_SITE_ID,WEEKCONFIGS_WKCONFIG_ID) VALUES (2, 286);
INSERT INTO WEEKHOURCONFIG (WKCONFIG_ID,ENDTIME,IS_CLOSED,STARTTIME,WEEKDAY,CALLCENTER_ID,DESTINATION_ID,SITE_ID) VALUES (287,TO_DATE('2100-12-31 23:59:59','YYYY-MM-DD HH24:MI:SS'),0,TO_DATE('1970-01-01 00:00:00','YYYY-MM-DD HH24:MI:SS'),6,2,41,2);
INSERT INTO SITE_WEEKHOURCONFIG (SITE_SITE_ID,WEEKCONFIGS_WKCONFIG_ID) VALUES (2, 287);
INSERT INTO DESTINATION (DESTINATION_ID,AUDIO_ID,DESCRIPTION,DESTINATION_NUMBER,LAST_UPDATE_TIMESTAMP,NAME,HOLIDAYSLIST_ID,SITE_ID,IS_OVERWRITE_WEEKHOURCONFIG,IS_OVERWRITE_HOLIDAYLIST) VALUES (42,'audio','20950','20950',SYSDATE,'20950',1,2,1,1);
INSERT INTO WEEKHOURCONFIG (WKCONFIG_ID,ENDTIME,IS_CLOSED,STARTTIME,WEEKDAY,CALLCENTER_ID,DESTINATION_ID,SITE_ID) VALUES (288,TO_DATE('2100-12-31 23:59:59','YYYY-MM-DD HH24:MI:SS'),0,TO_DATE('1970-01-01 00:00:00','YYYY-MM-DD HH24:MI:SS'),0,2,42,2);
INSERT INTO SITE_WEEKHOURCONFIG (SITE_SITE_ID,WEEKCONFIGS_WKCONFIG_ID) VALUES (2, 288);
INSERT INTO WEEKHOURCONFIG (WKCONFIG_ID,ENDTIME,IS_CLOSED,STARTTIME,WEEKDAY,CALLCENTER_ID,DESTINATION_ID,SITE_ID) VALUES (289,TO_DATE('2100-12-31 23:59:59','YYYY-MM-DD HH24:MI:SS'),0,TO_DATE('1970-01-01 00:00:00','YYYY-MM-DD HH24:MI:SS'),1,2,42,2);
INSERT INTO SITE_WEEKHOURCONFIG (SITE_SITE_ID,WEEKCONFIGS_WKCONFIG_ID) VALUES (2, 289);
INSERT INTO WEEKHOURCONFIG (WKCONFIG_ID,ENDTIME,IS_CLOSED,STARTTIME,WEEKDAY,CALLCENTER_ID,DESTINATION_ID,SITE_ID) VALUES (290,TO_DATE('2100-12-31 23:59:59','YYYY-MM-DD HH24:MI:SS'),0,TO_DATE('1970-01-01 00:00:00','YYYY-MM-DD HH24:MI:SS'),2,2,42,2);
INSERT INTO SITE_WEEKHOURCONFIG (SITE_SITE_ID,WEEKCONFIGS_WKCONFIG_ID) VALUES (2, 290);
INSERT INTO WEEKHOURCONFIG (WKCONFIG_ID,ENDTIME,IS_CLOSED,STARTTIME,WEEKDAY,CALLCENTER_ID,DESTINATION_ID,SITE_ID) VALUES (291,TO_DATE('2100-12-31 23:59:59','YYYY-MM-DD HH24:MI:SS'),0,TO_DATE('1970-01-01 00:00:00','YYYY-MM-DD HH24:MI:SS'),3,2,42,2);
INSERT INTO SITE_WEEKHOURCONFIG (SITE_SITE_ID,WEEKCONFIGS_WKCONFIG_ID) VALUES (2, 291);
INSERT INTO WEEKHOURCONFIG (WKCONFIG_ID,ENDTIME,IS_CLOSED,STARTTIME,WEEKDAY,CALLCENTER_ID,DESTINATION_ID,SITE_ID) VALUES (292,TO_DATE('2100-12-31 23:59:59','YYYY-MM-DD HH24:MI:SS'),0,TO_DATE('1970-01-01 00:00:00','YYYY-MM-DD HH24:MI:SS'),4,2,42,2);
INSERT INTO SITE_WEEKHOURCONFIG (SITE_SITE_ID,WEEKCONFIGS_WKCONFIG_ID) VALUES (2, 292);
INSERT INTO WEEKHOURCONFIG (WKCONFIG_ID,ENDTIME,IS_CLOSED,STARTTIME,WEEKDAY,CALLCENTER_ID,DESTINATION_ID,SITE_ID) VALUES (293,TO_DATE('2100-12-31 23:59:59','YYYY-MM-DD HH24:MI:SS'),0,TO_DATE('1970-01-01 00:00:00','YYYY-MM-DD HH24:MI:SS'),5,2,42,2);
INSERT INTO SITE_WEEKHOURCONFIG (SITE_SITE_ID,WEEKCONFIGS_WKCONFIG_ID) VALUES (2, 293);
INSERT INTO WEEKHOURCONFIG (WKCONFIG_ID,ENDTIME,IS_CLOSED,STARTTIME,WEEKDAY,CALLCENTER_ID,DESTINATION_ID,SITE_ID) VALUES (294,TO_DATE('2100-12-31 23:59:59','YYYY-MM-DD HH24:MI:SS'),0,TO_DATE('1970-01-01 00:00:00','YYYY-MM-DD HH24:MI:SS'),6,2,42,2);
INSERT INTO SITE_WEEKHOURCONFIG (SITE_SITE_ID,WEEKCONFIGS_WKCONFIG_ID) VALUES (2, 294);
INSERT INTO DESTINATION (DESTINATION_ID,AUDIO_ID,DESCRIPTION,DESTINATION_NUMBER,LAST_UPDATE_TIMESTAMP,NAME,HOLIDAYSLIST_ID,SITE_ID,IS_OVERWRITE_WEEKHOURCONFIG,IS_OVERWRITE_HOLIDAYLIST) VALUES (43,'audio','27279','27279',SYSDATE,'27279',1,2,1,1);
INSERT INTO WEEKHOURCONFIG (WKCONFIG_ID,ENDTIME,IS_CLOSED,STARTTIME,WEEKDAY,CALLCENTER_ID,DESTINATION_ID,SITE_ID) VALUES (295,TO_DATE('2100-12-31 23:59:59','YYYY-MM-DD HH24:MI:SS'),0,TO_DATE('1970-01-01 00:00:00','YYYY-MM-DD HH24:MI:SS'),0,2,43,2);
INSERT INTO SITE_WEEKHOURCONFIG (SITE_SITE_ID,WEEKCONFIGS_WKCONFIG_ID) VALUES (2, 295);
INSERT INTO WEEKHOURCONFIG (WKCONFIG_ID,ENDTIME,IS_CLOSED,STARTTIME,WEEKDAY,CALLCENTER_ID,DESTINATION_ID,SITE_ID) VALUES (296,TO_DATE('2100-12-31 23:59:59','YYYY-MM-DD HH24:MI:SS'),0,TO_DATE('1970-01-01 00:00:00','YYYY-MM-DD HH24:MI:SS'),1,2,43,2);
INSERT INTO SITE_WEEKHOURCONFIG (SITE_SITE_ID,WEEKCONFIGS_WKCONFIG_ID) VALUES (2, 296);
INSERT INTO WEEKHOURCONFIG (WKCONFIG_ID,ENDTIME,IS_CLOSED,STARTTIME,WEEKDAY,CALLCENTER_ID,DESTINATION_ID,SITE_ID) VALUES (297,TO_DATE('2100-12-31 23:59:59','YYYY-MM-DD HH24:MI:SS'),0,TO_DATE('1970-01-01 00:00:00','YYYY-MM-DD HH24:MI:SS'),2,2,43,2);
INSERT INTO SITE_WEEKHOURCONFIG (SITE_SITE_ID,WEEKCONFIGS_WKCONFIG_ID) VALUES (2, 297);
INSERT INTO WEEKHOURCONFIG (WKCONFIG_ID,ENDTIME,IS_CLOSED,STARTTIME,WEEKDAY,CALLCENTER_ID,DESTINATION_ID,SITE_ID) VALUES (298,TO_DATE('2100-12-31 23:59:59','YYYY-MM-DD HH24:MI:SS'),0,TO_DATE('1970-01-01 00:00:00','YYYY-MM-DD HH24:MI:SS'),3,2,43,2);
INSERT INTO SITE_WEEKHOURCONFIG (SITE_SITE_ID,WEEKCONFIGS_WKCONFIG_ID) VALUES (2, 298);
INSERT INTO WEEKHOURCONFIG (WKCONFIG_ID,ENDTIME,IS_CLOSED,STARTTIME,WEEKDAY,CALLCENTER_ID,DESTINATION_ID,SITE_ID) VALUES (299,TO_DATE('2100-12-31 23:59:59','YYYY-MM-DD HH24:MI:SS'),0,TO_DATE('1970-01-01 00:00:00','YYYY-MM-DD HH24:MI:SS'),4,2,43,2);
INSERT INTO SITE_WEEKHOURCONFIG (SITE_SITE_ID,WEEKCONFIGS_WKCONFIG_ID) VALUES (2, 299);
INSERT INTO WEEKHOURCONFIG (WKCONFIG_ID,ENDTIME,IS_CLOSED,STARTTIME,WEEKDAY,CALLCENTER_ID,DESTINATION_ID,SITE_ID) VALUES (300,TO_DATE('2100-12-31 23:59:59','YYYY-MM-DD HH24:MI:SS'),0,TO_DATE('1970-01-01 00:00:00','YYYY-MM-DD HH24:MI:SS'),5,2,43,2);
INSERT INTO SITE_WEEKHOURCONFIG (SITE_SITE_ID,WEEKCONFIGS_WKCONFIG_ID) VALUES (2, 300);
INSERT INTO WEEKHOURCONFIG (WKCONFIG_ID,ENDTIME,IS_CLOSED,STARTTIME,WEEKDAY,CALLCENTER_ID,DESTINATION_ID,SITE_ID) VALUES (301,TO_DATE('2100-12-31 23:59:59','YYYY-MM-DD HH24:MI:SS'),0,TO_DATE('1970-01-01 00:00:00','YYYY-MM-DD HH24:MI:SS'),6,2,43,2);
INSERT INTO SITE_WEEKHOURCONFIG (SITE_SITE_ID,WEEKCONFIGS_WKCONFIG_ID) VALUES (2, 301);
INSERT INTO DESTINATION (DESTINATION_ID,AUDIO_ID,DESCRIPTION,DESTINATION_NUMBER,LAST_UPDATE_TIMESTAMP,NAME,HOLIDAYSLIST_ID,SITE_ID,IS_OVERWRITE_WEEKHOURCONFIG,IS_OVERWRITE_HOLIDAYLIST) VALUES (44,'audio','20949','20949',SYSDATE,'20949',1,2,1,1);
INSERT INTO WEEKHOURCONFIG (WKCONFIG_ID,ENDTIME,IS_CLOSED,STARTTIME,WEEKDAY,CALLCENTER_ID,DESTINATION_ID,SITE_ID) VALUES (302,TO_DATE('2100-12-31 23:59:59','YYYY-MM-DD HH24:MI:SS'),0,TO_DATE('1970-01-01 00:00:00','YYYY-MM-DD HH24:MI:SS'),0,2,44,2);
INSERT INTO SITE_WEEKHOURCONFIG (SITE_SITE_ID,WEEKCONFIGS_WKCONFIG_ID) VALUES (2, 302);
INSERT INTO WEEKHOURCONFIG (WKCONFIG_ID,ENDTIME,IS_CLOSED,STARTTIME,WEEKDAY,CALLCENTER_ID,DESTINATION_ID,SITE_ID) VALUES (303,TO_DATE('2100-12-31 23:59:59','YYYY-MM-DD HH24:MI:SS'),0,TO_DATE('1970-01-01 00:00:00','YYYY-MM-DD HH24:MI:SS'),1,2,44,2);
INSERT INTO SITE_WEEKHOURCONFIG (SITE_SITE_ID,WEEKCONFIGS_WKCONFIG_ID) VALUES (2, 303);
INSERT INTO WEEKHOURCONFIG (WKCONFIG_ID,ENDTIME,IS_CLOSED,STARTTIME,WEEKDAY,CALLCENTER_ID,DESTINATION_ID,SITE_ID) VALUES (304,TO_DATE('2100-12-31 23:59:59','YYYY-MM-DD HH24:MI:SS'),0,TO_DATE('1970-01-01 00:00:00','YYYY-MM-DD HH24:MI:SS'),2,2,44,2);
INSERT INTO SITE_WEEKHOURCONFIG (SITE_SITE_ID,WEEKCONFIGS_WKCONFIG_ID) VALUES (2, 304);
INSERT INTO WEEKHOURCONFIG (WKCONFIG_ID,ENDTIME,IS_CLOSED,STARTTIME,WEEKDAY,CALLCENTER_ID,DESTINATION_ID,SITE_ID) VALUES (305,TO_DATE('2100-12-31 23:59:59','YYYY-MM-DD HH24:MI:SS'),0,TO_DATE('1970-01-01 00:00:00','YYYY-MM-DD HH24:MI:SS'),3,2,44,2);
INSERT INTO SITE_WEEKHOURCONFIG (SITE_SITE_ID,WEEKCONFIGS_WKCONFIG_ID) VALUES (2, 305);
INSERT INTO WEEKHOURCONFIG (WKCONFIG_ID,ENDTIME,IS_CLOSED,STARTTIME,WEEKDAY,CALLCENTER_ID,DESTINATION_ID,SITE_ID) VALUES (306,TO_DATE('2100-12-31 23:59:59','YYYY-MM-DD HH24:MI:SS'),0,TO_DATE('1970-01-01 00:00:00','YYYY-MM-DD HH24:MI:SS'),4,2,44,2);
INSERT INTO SITE_WEEKHOURCONFIG (SITE_SITE_ID,WEEKCONFIGS_WKCONFIG_ID) VALUES (2, 306);
INSERT INTO WEEKHOURCONFIG (WKCONFIG_ID,ENDTIME,IS_CLOSED,STARTTIME,WEEKDAY,CALLCENTER_ID,DESTINATION_ID,SITE_ID) VALUES (307,TO_DATE('2100-12-31 23:59:59','YYYY-MM-DD HH24:MI:SS'),0,TO_DATE('1970-01-01 00:00:00','YYYY-MM-DD HH24:MI:SS'),5,2,44,2);
INSERT INTO SITE_WEEKHOURCONFIG (SITE_SITE_ID,WEEKCONFIGS_WKCONFIG_ID) VALUES (2, 307);
INSERT INTO WEEKHOURCONFIG (WKCONFIG_ID,ENDTIME,IS_CLOSED,STARTTIME,WEEKDAY,CALLCENTER_ID,DESTINATION_ID,SITE_ID) VALUES (308,TO_DATE('2100-12-31 23:59:59','YYYY-MM-DD HH24:MI:SS'),0,TO_DATE('1970-01-01 00:00:00','YYYY-MM-DD HH24:MI:SS'),6,2,44,2);
INSERT INTO SITE_WEEKHOURCONFIG (SITE_SITE_ID,WEEKCONFIGS_WKCONFIG_ID) VALUES (2, 308);
INSERT INTO DESTINATION (DESTINATION_ID,AUDIO_ID,DESCRIPTION,DESTINATION_NUMBER,LAST_UPDATE_TIMESTAMP,NAME,HOLIDAYSLIST_ID,SITE_ID,IS_OVERWRITE_WEEKHOURCONFIG,IS_OVERWRITE_HOLIDAYLIST) VALUES (45,'audio','20948','20948',SYSDATE,'20948',1,2,1,1);
INSERT INTO WEEKHOURCONFIG (WKCONFIG_ID,ENDTIME,IS_CLOSED,STARTTIME,WEEKDAY,CALLCENTER_ID,DESTINATION_ID,SITE_ID) VALUES (309,TO_DATE('2100-12-31 23:59:59','YYYY-MM-DD HH24:MI:SS'),0,TO_DATE('1970-01-01 00:00:00','YYYY-MM-DD HH24:MI:SS'),0,2,45,2);
INSERT INTO SITE_WEEKHOURCONFIG (SITE_SITE_ID,WEEKCONFIGS_WKCONFIG_ID) VALUES (2, 309);
INSERT INTO WEEKHOURCONFIG (WKCONFIG_ID,ENDTIME,IS_CLOSED,STARTTIME,WEEKDAY,CALLCENTER_ID,DESTINATION_ID,SITE_ID) VALUES (310,TO_DATE('2100-12-31 23:59:59','YYYY-MM-DD HH24:MI:SS'),0,TO_DATE('1970-01-01 00:00:00','YYYY-MM-DD HH24:MI:SS'),1,2,45,2);
INSERT INTO SITE_WEEKHOURCONFIG (SITE_SITE_ID,WEEKCONFIGS_WKCONFIG_ID) VALUES (2, 310);
INSERT INTO WEEKHOURCONFIG (WKCONFIG_ID,ENDTIME,IS_CLOSED,STARTTIME,WEEKDAY,CALLCENTER_ID,DESTINATION_ID,SITE_ID) VALUES (311,TO_DATE('2100-12-31 23:59:59','YYYY-MM-DD HH24:MI:SS'),0,TO_DATE('1970-01-01 00:00:00','YYYY-MM-DD HH24:MI:SS'),2,2,45,2);
INSERT INTO SITE_WEEKHOURCONFIG (SITE_SITE_ID,WEEKCONFIGS_WKCONFIG_ID) VALUES (2, 311);
INSERT INTO WEEKHOURCONFIG (WKCONFIG_ID,ENDTIME,IS_CLOSED,STARTTIME,WEEKDAY,CALLCENTER_ID,DESTINATION_ID,SITE_ID) VALUES (312,TO_DATE('2100-12-31 23:59:59','YYYY-MM-DD HH24:MI:SS'),0,TO_DATE('1970-01-01 00:00:00','YYYY-MM-DD HH24:MI:SS'),3,2,45,2);
INSERT INTO SITE_WEEKHOURCONFIG (SITE_SITE_ID,WEEKCONFIGS_WKCONFIG_ID) VALUES (2, 312);
INSERT INTO WEEKHOURCONFIG (WKCONFIG_ID,ENDTIME,IS_CLOSED,STARTTIME,WEEKDAY,CALLCENTER_ID,DESTINATION_ID,SITE_ID) VALUES (313,TO_DATE('2100-12-31 23:59:59','YYYY-MM-DD HH24:MI:SS'),0,TO_DATE('1970-01-01 00:00:00','YYYY-MM-DD HH24:MI:SS'),4,2,45,2);
INSERT INTO SITE_WEEKHOURCONFIG (SITE_SITE_ID,WEEKCONFIGS_WKCONFIG_ID) VALUES (2, 313);
INSERT INTO WEEKHOURCONFIG (WKCONFIG_ID,ENDTIME,IS_CLOSED,STARTTIME,WEEKDAY,CALLCENTER_ID,DESTINATION_ID,SITE_ID) VALUES (314,TO_DATE('2100-12-31 23:59:59','YYYY-MM-DD HH24:MI:SS'),0,TO_DATE('1970-01-01 00:00:00','YYYY-MM-DD HH24:MI:SS'),5,2,45,2);
INSERT INTO SITE_WEEKHOURCONFIG (SITE_SITE_ID,WEEKCONFIGS_WKCONFIG_ID) VALUES (2, 314);
INSERT INTO WEEKHOURCONFIG (WKCONFIG_ID,ENDTIME,IS_CLOSED,STARTTIME,WEEKDAY,CALLCENTER_ID,DESTINATION_ID,SITE_ID) VALUES (315,TO_DATE('2100-12-31 23:59:59','YYYY-MM-DD HH24:MI:SS'),0,TO_DATE('1970-01-01 00:00:00','YYYY-MM-DD HH24:MI:SS'),6,2,45,2);
INSERT INTO SITE_WEEKHOURCONFIG (SITE_SITE_ID,WEEKCONFIGS_WKCONFIG_ID) VALUES (2, 315);
INSERT INTO DESTINATION (DESTINATION_ID,AUDIO_ID,DESCRIPTION,DESTINATION_NUMBER,LAST_UPDATE_TIMESTAMP,NAME,HOLIDAYSLIST_ID,SITE_ID,IS_OVERWRITE_WEEKHOURCONFIG,IS_OVERWRITE_HOLIDAYLIST) VALUES (46,'audio','27263','27263',SYSDATE,'27263',1,2,1,1);
INSERT INTO WEEKHOURCONFIG (WKCONFIG_ID,ENDTIME,IS_CLOSED,STARTTIME,WEEKDAY,CALLCENTER_ID,DESTINATION_ID,SITE_ID) VALUES (316,TO_DATE('2100-12-31 23:59:59','YYYY-MM-DD HH24:MI:SS'),0,TO_DATE('1970-01-01 00:00:00','YYYY-MM-DD HH24:MI:SS'),0,2,46,2);
INSERT INTO SITE_WEEKHOURCONFIG (SITE_SITE_ID,WEEKCONFIGS_WKCONFIG_ID) VALUES (2, 316);
INSERT INTO WEEKHOURCONFIG (WKCONFIG_ID,ENDTIME,IS_CLOSED,STARTTIME,WEEKDAY,CALLCENTER_ID,DESTINATION_ID,SITE_ID) VALUES (317,TO_DATE('2100-12-31 23:59:59','YYYY-MM-DD HH24:MI:SS'),0,TO_DATE('1970-01-01 00:00:00','YYYY-MM-DD HH24:MI:SS'),1,2,46,2);
INSERT INTO SITE_WEEKHOURCONFIG (SITE_SITE_ID,WEEKCONFIGS_WKCONFIG_ID) VALUES (2, 317);
INSERT INTO WEEKHOURCONFIG (WKCONFIG_ID,ENDTIME,IS_CLOSED,STARTTIME,WEEKDAY,CALLCENTER_ID,DESTINATION_ID,SITE_ID) VALUES (318,TO_DATE('2100-12-31 23:59:59','YYYY-MM-DD HH24:MI:SS'),0,TO_DATE('1970-01-01 00:00:00','YYYY-MM-DD HH24:MI:SS'),2,2,46,2);
INSERT INTO SITE_WEEKHOURCONFIG (SITE_SITE_ID,WEEKCONFIGS_WKCONFIG_ID) VALUES (2, 318);
INSERT INTO WEEKHOURCONFIG (WKCONFIG_ID,ENDTIME,IS_CLOSED,STARTTIME,WEEKDAY,CALLCENTER_ID,DESTINATION_ID,SITE_ID) VALUES (319,TO_DATE('2100-12-31 23:59:59','YYYY-MM-DD HH24:MI:SS'),0,TO_DATE('1970-01-01 00:00:00','YYYY-MM-DD HH24:MI:SS'),3,2,46,2);
INSERT INTO SITE_WEEKHOURCONFIG (SITE_SITE_ID,WEEKCONFIGS_WKCONFIG_ID) VALUES (2, 319);
INSERT INTO WEEKHOURCONFIG (WKCONFIG_ID,ENDTIME,IS_CLOSED,STARTTIME,WEEKDAY,CALLCENTER_ID,DESTINATION_ID,SITE_ID) VALUES (320,TO_DATE('2100-12-31 23:59:59','YYYY-MM-DD HH24:MI:SS'),0,TO_DATE('1970-01-01 00:00:00','YYYY-MM-DD HH24:MI:SS'),4,2,46,2);
INSERT INTO SITE_WEEKHOURCONFIG (SITE_SITE_ID,WEEKCONFIGS_WKCONFIG_ID) VALUES (2, 320);
INSERT INTO WEEKHOURCONFIG (WKCONFIG_ID,ENDTIME,IS_CLOSED,STARTTIME,WEEKDAY,CALLCENTER_ID,DESTINATION_ID,SITE_ID) VALUES (321,TO_DATE('2100-12-31 23:59:59','YYYY-MM-DD HH24:MI:SS'),0,TO_DATE('1970-01-01 00:00:00','YYYY-MM-DD HH24:MI:SS'),5,2,46,2);
INSERT INTO SITE_WEEKHOURCONFIG (SITE_SITE_ID,WEEKCONFIGS_WKCONFIG_ID) VALUES (2, 321);
INSERT INTO WEEKHOURCONFIG (WKCONFIG_ID,ENDTIME,IS_CLOSED,STARTTIME,WEEKDAY,CALLCENTER_ID,DESTINATION_ID,SITE_ID) VALUES (322,TO_DATE('2100-12-31 23:59:59','YYYY-MM-DD HH24:MI:SS'),0,TO_DATE('1970-01-01 00:00:00','YYYY-MM-DD HH24:MI:SS'),6,2,46,2);
INSERT INTO SITE_WEEKHOURCONFIG (SITE_SITE_ID,WEEKCONFIGS_WKCONFIG_ID) VALUES (2, 322);
INSERT INTO DESTINATION (DESTINATION_ID,AUDIO_ID,DESCRIPTION,DESTINATION_NUMBER,LAST_UPDATE_TIMESTAMP,NAME,HOLIDAYSLIST_ID,SITE_ID,IS_OVERWRITE_WEEKHOURCONFIG,IS_OVERWRITE_HOLIDAYLIST) VALUES (47,'audio','27262','27262',SYSDATE,'27262',1,2,1,1);
INSERT INTO WEEKHOURCONFIG (WKCONFIG_ID,ENDTIME,IS_CLOSED,STARTTIME,WEEKDAY,CALLCENTER_ID,DESTINATION_ID,SITE_ID) VALUES (323,TO_DATE('2100-12-31 23:59:59','YYYY-MM-DD HH24:MI:SS'),0,TO_DATE('1970-01-01 00:00:00','YYYY-MM-DD HH24:MI:SS'),0,2,47,2);
INSERT INTO SITE_WEEKHOURCONFIG (SITE_SITE_ID,WEEKCONFIGS_WKCONFIG_ID) VALUES (2, 323);
INSERT INTO WEEKHOURCONFIG (WKCONFIG_ID,ENDTIME,IS_CLOSED,STARTTIME,WEEKDAY,CALLCENTER_ID,DESTINATION_ID,SITE_ID) VALUES (324,TO_DATE('2100-12-31 23:59:59','YYYY-MM-DD HH24:MI:SS'),0,TO_DATE('1970-01-01 00:00:00','YYYY-MM-DD HH24:MI:SS'),1,2,47,2);
INSERT INTO SITE_WEEKHOURCONFIG (SITE_SITE_ID,WEEKCONFIGS_WKCONFIG_ID) VALUES (2, 324);
INSERT INTO WEEKHOURCONFIG (WKCONFIG_ID,ENDTIME,IS_CLOSED,STARTTIME,WEEKDAY,CALLCENTER_ID,DESTINATION_ID,SITE_ID) VALUES (325,TO_DATE('2100-12-31 23:59:59','YYYY-MM-DD HH24:MI:SS'),0,TO_DATE('1970-01-01 00:00:00','YYYY-MM-DD HH24:MI:SS'),2,2,47,2);
INSERT INTO SITE_WEEKHOURCONFIG (SITE_SITE_ID,WEEKCONFIGS_WKCONFIG_ID) VALUES (2, 325);
INSERT INTO WEEKHOURCONFIG (WKCONFIG_ID,ENDTIME,IS_CLOSED,STARTTIME,WEEKDAY,CALLCENTER_ID,DESTINATION_ID,SITE_ID) VALUES (326,TO_DATE('2100-12-31 23:59:59','YYYY-MM-DD HH24:MI:SS'),0,TO_DATE('1970-01-01 00:00:00','YYYY-MM-DD HH24:MI:SS'),3,2,47,2);
INSERT INTO SITE_WEEKHOURCONFIG (SITE_SITE_ID,WEEKCONFIGS_WKCONFIG_ID) VALUES (2, 326);
INSERT INTO WEEKHOURCONFIG (WKCONFIG_ID,ENDTIME,IS_CLOSED,STARTTIME,WEEKDAY,CALLCENTER_ID,DESTINATION_ID,SITE_ID) VALUES (327,TO_DATE('2100-12-31 23:59:59','YYYY-MM-DD HH24:MI:SS'),0,TO_DATE('1970-01-01 00:00:00','YYYY-MM-DD HH24:MI:SS'),4,2,47,2);
INSERT INTO SITE_WEEKHOURCONFIG (SITE_SITE_ID,WEEKCONFIGS_WKCONFIG_ID) VALUES (2, 327);
INSERT INTO WEEKHOURCONFIG (WKCONFIG_ID,ENDTIME,IS_CLOSED,STARTTIME,WEEKDAY,CALLCENTER_ID,DESTINATION_ID,SITE_ID) VALUES (328,TO_DATE('2100-12-31 23:59:59','YYYY-MM-DD HH24:MI:SS'),0,TO_DATE('1970-01-01 00:00:00','YYYY-MM-DD HH24:MI:SS'),5,2,47,2);
INSERT INTO SITE_WEEKHOURCONFIG (SITE_SITE_ID,WEEKCONFIGS_WKCONFIG_ID) VALUES (2, 328);
INSERT INTO WEEKHOURCONFIG (WKCONFIG_ID,ENDTIME,IS_CLOSED,STARTTIME,WEEKDAY,CALLCENTER_ID,DESTINATION_ID,SITE_ID) VALUES (329,TO_DATE('2100-12-31 23:59:59','YYYY-MM-DD HH24:MI:SS'),0,TO_DATE('1970-01-01 00:00:00','YYYY-MM-DD HH24:MI:SS'),6,2,47,2);
INSERT INTO SITE_WEEKHOURCONFIG (SITE_SITE_ID,WEEKCONFIGS_WKCONFIG_ID) VALUES (2, 329);
INSERT INTO DESTINATION (DESTINATION_ID,AUDIO_ID,DESCRIPTION,DESTINATION_NUMBER,LAST_UPDATE_TIMESTAMP,NAME,HOLIDAYSLIST_ID,SITE_ID,IS_OVERWRITE_WEEKHOURCONFIG,IS_OVERWRITE_HOLIDAYLIST) VALUES (48,'audio','20945','20945',SYSDATE,'20945',1,2,1,1);
INSERT INTO WEEKHOURCONFIG (WKCONFIG_ID,ENDTIME,IS_CLOSED,STARTTIME,WEEKDAY,CALLCENTER_ID,DESTINATION_ID,SITE_ID) VALUES (330,TO_DATE('2100-12-31 23:59:59','YYYY-MM-DD HH24:MI:SS'),0,TO_DATE('1970-01-01 00:00:00','YYYY-MM-DD HH24:MI:SS'),0,2,48,2);
INSERT INTO SITE_WEEKHOURCONFIG (SITE_SITE_ID,WEEKCONFIGS_WKCONFIG_ID) VALUES (2, 330);
INSERT INTO WEEKHOURCONFIG (WKCONFIG_ID,ENDTIME,IS_CLOSED,STARTTIME,WEEKDAY,CALLCENTER_ID,DESTINATION_ID,SITE_ID) VALUES (331,TO_DATE('2100-12-31 23:59:59','YYYY-MM-DD HH24:MI:SS'),0,TO_DATE('1970-01-01 00:00:00','YYYY-MM-DD HH24:MI:SS'),1,2,48,2);
INSERT INTO SITE_WEEKHOURCONFIG (SITE_SITE_ID,WEEKCONFIGS_WKCONFIG_ID) VALUES (2, 331);
INSERT INTO WEEKHOURCONFIG (WKCONFIG_ID,ENDTIME,IS_CLOSED,STARTTIME,WEEKDAY,CALLCENTER_ID,DESTINATION_ID,SITE_ID) VALUES (332,TO_DATE('2100-12-31 23:59:59','YYYY-MM-DD HH24:MI:SS'),0,TO_DATE('1970-01-01 00:00:00','YYYY-MM-DD HH24:MI:SS'),2,2,48,2);
INSERT INTO SITE_WEEKHOURCONFIG (SITE_SITE_ID,WEEKCONFIGS_WKCONFIG_ID) VALUES (2, 332);
INSERT INTO WEEKHOURCONFIG (WKCONFIG_ID,ENDTIME,IS_CLOSED,STARTTIME,WEEKDAY,CALLCENTER_ID,DESTINATION_ID,SITE_ID) VALUES (333,TO_DATE('2100-12-31 23:59:59','YYYY-MM-DD HH24:MI:SS'),0,TO_DATE('1970-01-01 00:00:00','YYYY-MM-DD HH24:MI:SS'),3,2,48,2);
INSERT INTO SITE_WEEKHOURCONFIG (SITE_SITE_ID,WEEKCONFIGS_WKCONFIG_ID) VALUES (2, 333);
INSERT INTO WEEKHOURCONFIG (WKCONFIG_ID,ENDTIME,IS_CLOSED,STARTTIME,WEEKDAY,CALLCENTER_ID,DESTINATION_ID,SITE_ID) VALUES (334,TO_DATE('2100-12-31 23:59:59','YYYY-MM-DD HH24:MI:SS'),0,TO_DATE('1970-01-01 00:00:00','YYYY-MM-DD HH24:MI:SS'),4,2,48,2);
INSERT INTO SITE_WEEKHOURCONFIG (SITE_SITE_ID,WEEKCONFIGS_WKCONFIG_ID) VALUES (2, 334);
INSERT INTO WEEKHOURCONFIG (WKCONFIG_ID,ENDTIME,IS_CLOSED,STARTTIME,WEEKDAY,CALLCENTER_ID,DESTINATION_ID,SITE_ID) VALUES (335,TO_DATE('2100-12-31 23:59:59','YYYY-MM-DD HH24:MI:SS'),0,TO_DATE('1970-01-01 00:00:00','YYYY-MM-DD HH24:MI:SS'),5,2,48,2);
INSERT INTO SITE_WEEKHOURCONFIG (SITE_SITE_ID,WEEKCONFIGS_WKCONFIG_ID) VALUES (2, 335);
INSERT INTO WEEKHOURCONFIG (WKCONFIG_ID,ENDTIME,IS_CLOSED,STARTTIME,WEEKDAY,CALLCENTER_ID,DESTINATION_ID,SITE_ID) VALUES (336,TO_DATE('2100-12-31 23:59:59','YYYY-MM-DD HH24:MI:SS'),0,TO_DATE('1970-01-01 00:00:00','YYYY-MM-DD HH24:MI:SS'),6,2,48,2);
INSERT INTO SITE_WEEKHOURCONFIG (SITE_SITE_ID,WEEKCONFIGS_WKCONFIG_ID) VALUES (2, 336);
INSERT INTO DESTINATION (DESTINATION_ID,AUDIO_ID,DESCRIPTION,DESTINATION_NUMBER,LAST_UPDATE_TIMESTAMP,NAME,HOLIDAYSLIST_ID,SITE_ID,IS_OVERWRITE_WEEKHOURCONFIG,IS_OVERWRITE_HOLIDAYLIST) VALUES (49,'audio','20944','20944',SYSDATE,'20944',1,2,1,1);
INSERT INTO WEEKHOURCONFIG (WKCONFIG_ID,ENDTIME,IS_CLOSED,STARTTIME,WEEKDAY,CALLCENTER_ID,DESTINATION_ID,SITE_ID) VALUES (337,TO_DATE('2100-12-31 23:59:59','YYYY-MM-DD HH24:MI:SS'),0,TO_DATE('1970-01-01 00:00:00','YYYY-MM-DD HH24:MI:SS'),0,2,49,2);
INSERT INTO SITE_WEEKHOURCONFIG (SITE_SITE_ID,WEEKCONFIGS_WKCONFIG_ID) VALUES (2, 337);
INSERT INTO WEEKHOURCONFIG (WKCONFIG_ID,ENDTIME,IS_CLOSED,STARTTIME,WEEKDAY,CALLCENTER_ID,DESTINATION_ID,SITE_ID) VALUES (338,TO_DATE('2100-12-31 23:59:59','YYYY-MM-DD HH24:MI:SS'),0,TO_DATE('1970-01-01 00:00:00','YYYY-MM-DD HH24:MI:SS'),1,2,49,2);
INSERT INTO SITE_WEEKHOURCONFIG (SITE_SITE_ID,WEEKCONFIGS_WKCONFIG_ID) VALUES (2, 338);
INSERT INTO WEEKHOURCONFIG (WKCONFIG_ID,ENDTIME,IS_CLOSED,STARTTIME,WEEKDAY,CALLCENTER_ID,DESTINATION_ID,SITE_ID) VALUES (339,TO_DATE('2100-12-31 23:59:59','YYYY-MM-DD HH24:MI:SS'),0,TO_DATE('1970-01-01 00:00:00','YYYY-MM-DD HH24:MI:SS'),2,2,49,2);
INSERT INTO SITE_WEEKHOURCONFIG (SITE_SITE_ID,WEEKCONFIGS_WKCONFIG_ID) VALUES (2, 339);
INSERT INTO WEEKHOURCONFIG (WKCONFIG_ID,ENDTIME,IS_CLOSED,STARTTIME,WEEKDAY,CALLCENTER_ID,DESTINATION_ID,SITE_ID) VALUES (340,TO_DATE('2100-12-31 23:59:59','YYYY-MM-DD HH24:MI:SS'),0,TO_DATE('1970-01-01 00:00:00','YYYY-MM-DD HH24:MI:SS'),3,2,49,2);
INSERT INTO SITE_WEEKHOURCONFIG (SITE_SITE_ID,WEEKCONFIGS_WKCONFIG_ID) VALUES (2, 340);
INSERT INTO WEEKHOURCONFIG (WKCONFIG_ID,ENDTIME,IS_CLOSED,STARTTIME,WEEKDAY,CALLCENTER_ID,DESTINATION_ID,SITE_ID) VALUES (341,TO_DATE('2100-12-31 23:59:59','YYYY-MM-DD HH24:MI:SS'),0,TO_DATE('1970-01-01 00:00:00','YYYY-MM-DD HH24:MI:SS'),4,2,49,2);
INSERT INTO SITE_WEEKHOURCONFIG (SITE_SITE_ID,WEEKCONFIGS_WKCONFIG_ID) VALUES (2, 341);
INSERT INTO WEEKHOURCONFIG (WKCONFIG_ID,ENDTIME,IS_CLOSED,STARTTIME,WEEKDAY,CALLCENTER_ID,DESTINATION_ID,SITE_ID) VALUES (342,TO_DATE('2100-12-31 23:59:59','YYYY-MM-DD HH24:MI:SS'),0,TO_DATE('1970-01-01 00:00:00','YYYY-MM-DD HH24:MI:SS'),5,2,49,2);
INSERT INTO SITE_WEEKHOURCONFIG (SITE_SITE_ID,WEEKCONFIGS_WKCONFIG_ID) VALUES (2, 342);
INSERT INTO WEEKHOURCONFIG (WKCONFIG_ID,ENDTIME,IS_CLOSED,STARTTIME,WEEKDAY,CALLCENTER_ID,DESTINATION_ID,SITE_ID) VALUES (343,TO_DATE('2100-12-31 23:59:59','YYYY-MM-DD HH24:MI:SS'),0,TO_DATE('1970-01-01 00:00:00','YYYY-MM-DD HH24:MI:SS'),6,2,49,2);
INSERT INTO SITE_WEEKHOURCONFIG (SITE_SITE_ID,WEEKCONFIGS_WKCONFIG_ID) VALUES (2, 343);
INSERT INTO DESTINATION (DESTINATION_ID,AUDIO_ID,DESCRIPTION,DESTINATION_NUMBER,LAST_UPDATE_TIMESTAMP,NAME,HOLIDAYSLIST_ID,SITE_ID,IS_OVERWRITE_WEEKHOURCONFIG,IS_OVERWRITE_HOLIDAYLIST) VALUES (50,'audio','27186','27186',SYSDATE,'27186',1,2,1,1);
INSERT INTO WEEKHOURCONFIG (WKCONFIG_ID,ENDTIME,IS_CLOSED,STARTTIME,WEEKDAY,CALLCENTER_ID,DESTINATION_ID,SITE_ID) VALUES (344,TO_DATE('2100-12-31 23:59:59','YYYY-MM-DD HH24:MI:SS'),0,TO_DATE('1970-01-01 00:00:00','YYYY-MM-DD HH24:MI:SS'),0,2,50,2);
INSERT INTO SITE_WEEKHOURCONFIG (SITE_SITE_ID,WEEKCONFIGS_WKCONFIG_ID) VALUES (2, 344);
INSERT INTO WEEKHOURCONFIG (WKCONFIG_ID,ENDTIME,IS_CLOSED,STARTTIME,WEEKDAY,CALLCENTER_ID,DESTINATION_ID,SITE_ID) VALUES (345,TO_DATE('2100-12-31 23:59:59','YYYY-MM-DD HH24:MI:SS'),0,TO_DATE('1970-01-01 00:00:00','YYYY-MM-DD HH24:MI:SS'),1,2,50,2);
INSERT INTO SITE_WEEKHOURCONFIG (SITE_SITE_ID,WEEKCONFIGS_WKCONFIG_ID) VALUES (2, 345);
INSERT INTO WEEKHOURCONFIG (WKCONFIG_ID,ENDTIME,IS_CLOSED,STARTTIME,WEEKDAY,CALLCENTER_ID,DESTINATION_ID,SITE_ID) VALUES (346,TO_DATE('2100-12-31 23:59:59','YYYY-MM-DD HH24:MI:SS'),0,TO_DATE('1970-01-01 00:00:00','YYYY-MM-DD HH24:MI:SS'),2,2,50,2);
INSERT INTO SITE_WEEKHOURCONFIG (SITE_SITE_ID,WEEKCONFIGS_WKCONFIG_ID) VALUES (2, 346);
INSERT INTO WEEKHOURCONFIG (WKCONFIG_ID,ENDTIME,IS_CLOSED,STARTTIME,WEEKDAY,CALLCENTER_ID,DESTINATION_ID,SITE_ID) VALUES (347,TO_DATE('2100-12-31 23:59:59','YYYY-MM-DD HH24:MI:SS'),0,TO_DATE('1970-01-01 00:00:00','YYYY-MM-DD HH24:MI:SS'),3,2,50,2);
INSERT INTO SITE_WEEKHOURCONFIG (SITE_SITE_ID,WEEKCONFIGS_WKCONFIG_ID) VALUES (2, 347);
INSERT INTO WEEKHOURCONFIG (WKCONFIG_ID,ENDTIME,IS_CLOSED,STARTTIME,WEEKDAY,CALLCENTER_ID,DESTINATION_ID,SITE_ID) VALUES (348,TO_DATE('2100-12-31 23:59:59','YYYY-MM-DD HH24:MI:SS'),0,TO_DATE('1970-01-01 00:00:00','YYYY-MM-DD HH24:MI:SS'),4,2,50,2);
INSERT INTO SITE_WEEKHOURCONFIG (SITE_SITE_ID,WEEKCONFIGS_WKCONFIG_ID) VALUES (2, 348);
INSERT INTO WEEKHOURCONFIG (WKCONFIG_ID,ENDTIME,IS_CLOSED,STARTTIME,WEEKDAY,CALLCENTER_ID,DESTINATION_ID,SITE_ID) VALUES (349,TO_DATE('2100-12-31 23:59:59','YYYY-MM-DD HH24:MI:SS'),0,TO_DATE('1970-01-01 00:00:00','YYYY-MM-DD HH24:MI:SS'),5,2,50,2);
INSERT INTO SITE_WEEKHOURCONFIG (SITE_SITE_ID,WEEKCONFIGS_WKCONFIG_ID) VALUES (2, 349);
INSERT INTO WEEKHOURCONFIG (WKCONFIG_ID,ENDTIME,IS_CLOSED,STARTTIME,WEEKDAY,CALLCENTER_ID,DESTINATION_ID,SITE_ID) VALUES (350,TO_DATE('2100-12-31 23:59:59','YYYY-MM-DD HH24:MI:SS'),0,TO_DATE('1970-01-01 00:00:00','YYYY-MM-DD HH24:MI:SS'),6,2,50,2);
INSERT INTO SITE_WEEKHOURCONFIG (SITE_SITE_ID,WEEKCONFIGS_WKCONFIG_ID) VALUES (2, 350);
INSERT INTO DESTINATION (DESTINATION_ID,AUDIO_ID,DESCRIPTION,DESTINATION_NUMBER,LAST_UPDATE_TIMESTAMP,NAME,HOLIDAYSLIST_ID,SITE_ID,IS_OVERWRITE_WEEKHOURCONFIG,IS_OVERWRITE_HOLIDAYLIST) VALUES (51,'audio','20946','20946',SYSDATE,'20946',1,2,1,1);
INSERT INTO WEEKHOURCONFIG (WKCONFIG_ID,ENDTIME,IS_CLOSED,STARTTIME,WEEKDAY,CALLCENTER_ID,DESTINATION_ID,SITE_ID) VALUES (351,TO_DATE('2100-12-31 23:59:59','YYYY-MM-DD HH24:MI:SS'),0,TO_DATE('1970-01-01 00:00:00','YYYY-MM-DD HH24:MI:SS'),0,2,51,2);
INSERT INTO SITE_WEEKHOURCONFIG (SITE_SITE_ID,WEEKCONFIGS_WKCONFIG_ID) VALUES (2, 351);
INSERT INTO WEEKHOURCONFIG (WKCONFIG_ID,ENDTIME,IS_CLOSED,STARTTIME,WEEKDAY,CALLCENTER_ID,DESTINATION_ID,SITE_ID) VALUES (352,TO_DATE('2100-12-31 23:59:59','YYYY-MM-DD HH24:MI:SS'),0,TO_DATE('1970-01-01 00:00:00','YYYY-MM-DD HH24:MI:SS'),1,2,51,2);
INSERT INTO SITE_WEEKHOURCONFIG (SITE_SITE_ID,WEEKCONFIGS_WKCONFIG_ID) VALUES (2, 352);
INSERT INTO WEEKHOURCONFIG (WKCONFIG_ID,ENDTIME,IS_CLOSED,STARTTIME,WEEKDAY,CALLCENTER_ID,DESTINATION_ID,SITE_ID) VALUES (353,TO_DATE('2100-12-31 23:59:59','YYYY-MM-DD HH24:MI:SS'),0,TO_DATE('1970-01-01 00:00:00','YYYY-MM-DD HH24:MI:SS'),2,2,51,2);
INSERT INTO SITE_WEEKHOURCONFIG (SITE_SITE_ID,WEEKCONFIGS_WKCONFIG_ID) VALUES (2, 353);
INSERT INTO WEEKHOURCONFIG (WKCONFIG_ID,ENDTIME,IS_CLOSED,STARTTIME,WEEKDAY,CALLCENTER_ID,DESTINATION_ID,SITE_ID) VALUES (354,TO_DATE('2100-12-31 23:59:59','YYYY-MM-DD HH24:MI:SS'),0,TO_DATE('1970-01-01 00:00:00','YYYY-MM-DD HH24:MI:SS'),3,2,51,2);
INSERT INTO SITE_WEEKHOURCONFIG (SITE_SITE_ID,WEEKCONFIGS_WKCONFIG_ID) VALUES (2, 354);
INSERT INTO WEEKHOURCONFIG (WKCONFIG_ID,ENDTIME,IS_CLOSED,STARTTIME,WEEKDAY,CALLCENTER_ID,DESTINATION_ID,SITE_ID) VALUES (355,TO_DATE('2100-12-31 23:59:59','YYYY-MM-DD HH24:MI:SS'),0,TO_DATE('1970-01-01 00:00:00','YYYY-MM-DD HH24:MI:SS'),4,2,51,2);
INSERT INTO SITE_WEEKHOURCONFIG (SITE_SITE_ID,WEEKCONFIGS_WKCONFIG_ID) VALUES (2, 355);
INSERT INTO WEEKHOURCONFIG (WKCONFIG_ID,ENDTIME,IS_CLOSED,STARTTIME,WEEKDAY,CALLCENTER_ID,DESTINATION_ID,SITE_ID) VALUES (356,TO_DATE('2100-12-31 23:59:59','YYYY-MM-DD HH24:MI:SS'),0,TO_DATE('1970-01-01 00:00:00','YYYY-MM-DD HH24:MI:SS'),5,2,51,2);
INSERT INTO SITE_WEEKHOURCONFIG (SITE_SITE_ID,WEEKCONFIGS_WKCONFIG_ID) VALUES (2, 356);
INSERT INTO WEEKHOURCONFIG (WKCONFIG_ID,ENDTIME,IS_CLOSED,STARTTIME,WEEKDAY,CALLCENTER_ID,DESTINATION_ID,SITE_ID) VALUES (357,TO_DATE('2100-12-31 23:59:59','YYYY-MM-DD HH24:MI:SS'),0,TO_DATE('1970-01-01 00:00:00','YYYY-MM-DD HH24:MI:SS'),6,2,51,2);
INSERT INTO SITE_WEEKHOURCONFIG (SITE_SITE_ID,WEEKCONFIGS_WKCONFIG_ID) VALUES (2, 357);
INSERT INTO DESTINATION (DESTINATION_ID,AUDIO_ID,DESCRIPTION,DESTINATION_NUMBER,LAST_UPDATE_TIMESTAMP,NAME,HOLIDAYSLIST_ID,SITE_ID,IS_OVERWRITE_WEEKHOURCONFIG,IS_OVERWRITE_HOLIDAYLIST) VALUES (52,'audio','20941','20941',SYSDATE,'20941',1,2,1,1);
INSERT INTO WEEKHOURCONFIG (WKCONFIG_ID,ENDTIME,IS_CLOSED,STARTTIME,WEEKDAY,CALLCENTER_ID,DESTINATION_ID,SITE_ID) VALUES (358,TO_DATE('2100-12-31 23:59:59','YYYY-MM-DD HH24:MI:SS'),0,TO_DATE('1970-01-01 00:00:00','YYYY-MM-DD HH24:MI:SS'),0,2,52,2);
INSERT INTO SITE_WEEKHOURCONFIG (SITE_SITE_ID,WEEKCONFIGS_WKCONFIG_ID) VALUES (2, 358);
INSERT INTO WEEKHOURCONFIG (WKCONFIG_ID,ENDTIME,IS_CLOSED,STARTTIME,WEEKDAY,CALLCENTER_ID,DESTINATION_ID,SITE_ID) VALUES (359,TO_DATE('2100-12-31 23:59:59','YYYY-MM-DD HH24:MI:SS'),0,TO_DATE('1970-01-01 00:00:00','YYYY-MM-DD HH24:MI:SS'),1,2,52,2);
INSERT INTO SITE_WEEKHOURCONFIG (SITE_SITE_ID,WEEKCONFIGS_WKCONFIG_ID) VALUES (2, 359);
INSERT INTO WEEKHOURCONFIG (WKCONFIG_ID,ENDTIME,IS_CLOSED,STARTTIME,WEEKDAY,CALLCENTER_ID,DESTINATION_ID,SITE_ID) VALUES (360,TO_DATE('2100-12-31 23:59:59','YYYY-MM-DD HH24:MI:SS'),0,TO_DATE('1970-01-01 00:00:00','YYYY-MM-DD HH24:MI:SS'),2,2,52,2);
INSERT INTO SITE_WEEKHOURCONFIG (SITE_SITE_ID,WEEKCONFIGS_WKCONFIG_ID) VALUES (2, 360);
INSERT INTO WEEKHOURCONFIG (WKCONFIG_ID,ENDTIME,IS_CLOSED,STARTTIME,WEEKDAY,CALLCENTER_ID,DESTINATION_ID,SITE_ID) VALUES (361,TO_DATE('2100-12-31 23:59:59','YYYY-MM-DD HH24:MI:SS'),0,TO_DATE('1970-01-01 00:00:00','YYYY-MM-DD HH24:MI:SS'),3,2,52,2);
INSERT INTO SITE_WEEKHOURCONFIG (SITE_SITE_ID,WEEKCONFIGS_WKCONFIG_ID) VALUES (2, 361);
INSERT INTO WEEKHOURCONFIG (WKCONFIG_ID,ENDTIME,IS_CLOSED,STARTTIME,WEEKDAY,CALLCENTER_ID,DESTINATION_ID,SITE_ID) VALUES (362,TO_DATE('2100-12-31 23:59:59','YYYY-MM-DD HH24:MI:SS'),0,TO_DATE('1970-01-01 00:00:00','YYYY-MM-DD HH24:MI:SS'),4,2,52,2);
INSERT INTO SITE_WEEKHOURCONFIG (SITE_SITE_ID,WEEKCONFIGS_WKCONFIG_ID) VALUES (2, 362);
INSERT INTO WEEKHOURCONFIG (WKCONFIG_ID,ENDTIME,IS_CLOSED,STARTTIME,WEEKDAY,CALLCENTER_ID,DESTINATION_ID,SITE_ID) VALUES (363,TO_DATE('2100-12-31 23:59:59','YYYY-MM-DD HH24:MI:SS'),0,TO_DATE('1970-01-01 00:00:00','YYYY-MM-DD HH24:MI:SS'),5,2,52,2);
INSERT INTO SITE_WEEKHOURCONFIG (SITE_SITE_ID,WEEKCONFIGS_WKCONFIG_ID) VALUES (2, 363);
INSERT INTO WEEKHOURCONFIG (WKCONFIG_ID,ENDTIME,IS_CLOSED,STARTTIME,WEEKDAY,CALLCENTER_ID,DESTINATION_ID,SITE_ID) VALUES (364,TO_DATE('2100-12-31 23:59:59','YYYY-MM-DD HH24:MI:SS'),0,TO_DATE('1970-01-01 00:00:00','YYYY-MM-DD HH24:MI:SS'),6,2,52,2);
INSERT INTO SITE_WEEKHOURCONFIG (SITE_SITE_ID,WEEKCONFIGS_WKCONFIG_ID) VALUES (2, 364);
INSERT INTO DESTINATION (DESTINATION_ID,AUDIO_ID,DESCRIPTION,DESTINATION_NUMBER,LAST_UPDATE_TIMESTAMP,NAME,HOLIDAYSLIST_ID,SITE_ID,IS_OVERWRITE_WEEKHOURCONFIG,IS_OVERWRITE_HOLIDAYLIST) VALUES (53,'audio','20940','20940',SYSDATE,'20940',1,2,1,1);
INSERT INTO WEEKHOURCONFIG (WKCONFIG_ID,ENDTIME,IS_CLOSED,STARTTIME,WEEKDAY,CALLCENTER_ID,DESTINATION_ID,SITE_ID) VALUES (365,TO_DATE('2100-12-31 23:59:59','YYYY-MM-DD HH24:MI:SS'),0,TO_DATE('1970-01-01 00:00:00','YYYY-MM-DD HH24:MI:SS'),0,2,53,2);
INSERT INTO SITE_WEEKHOURCONFIG (SITE_SITE_ID,WEEKCONFIGS_WKCONFIG_ID) VALUES (2, 365);
INSERT INTO WEEKHOURCONFIG (WKCONFIG_ID,ENDTIME,IS_CLOSED,STARTTIME,WEEKDAY,CALLCENTER_ID,DESTINATION_ID,SITE_ID) VALUES (366,TO_DATE('2100-12-31 23:59:59','YYYY-MM-DD HH24:MI:SS'),0,TO_DATE('1970-01-01 00:00:00','YYYY-MM-DD HH24:MI:SS'),1,2,53,2);
INSERT INTO SITE_WEEKHOURCONFIG (SITE_SITE_ID,WEEKCONFIGS_WKCONFIG_ID) VALUES (2, 366);
INSERT INTO WEEKHOURCONFIG (WKCONFIG_ID,ENDTIME,IS_CLOSED,STARTTIME,WEEKDAY,CALLCENTER_ID,DESTINATION_ID,SITE_ID) VALUES (367,TO_DATE('2100-12-31 23:59:59','YYYY-MM-DD HH24:MI:SS'),0,TO_DATE('1970-01-01 00:00:00','YYYY-MM-DD HH24:MI:SS'),2,2,53,2);
INSERT INTO SITE_WEEKHOURCONFIG (SITE_SITE_ID,WEEKCONFIGS_WKCONFIG_ID) VALUES (2, 367);
INSERT INTO WEEKHOURCONFIG (WKCONFIG_ID,ENDTIME,IS_CLOSED,STARTTIME,WEEKDAY,CALLCENTER_ID,DESTINATION_ID,SITE_ID) VALUES (368,TO_DATE('2100-12-31 23:59:59','YYYY-MM-DD HH24:MI:SS'),0,TO_DATE('1970-01-01 00:00:00','YYYY-MM-DD HH24:MI:SS'),3,2,53,2);
INSERT INTO SITE_WEEKHOURCONFIG (SITE_SITE_ID,WEEKCONFIGS_WKCONFIG_ID) VALUES (2, 368);
INSERT INTO WEEKHOURCONFIG (WKCONFIG_ID,ENDTIME,IS_CLOSED,STARTTIME,WEEKDAY,CALLCENTER_ID,DESTINATION_ID,SITE_ID) VALUES (369,TO_DATE('2100-12-31 23:59:59','YYYY-MM-DD HH24:MI:SS'),0,TO_DATE('1970-01-01 00:00:00','YYYY-MM-DD HH24:MI:SS'),4,2,53,2);
INSERT INTO SITE_WEEKHOURCONFIG (SITE_SITE_ID,WEEKCONFIGS_WKCONFIG_ID) VALUES (2, 369);
INSERT INTO WEEKHOURCONFIG (WKCONFIG_ID,ENDTIME,IS_CLOSED,STARTTIME,WEEKDAY,CALLCENTER_ID,DESTINATION_ID,SITE_ID) VALUES (370,TO_DATE('2100-12-31 23:59:59','YYYY-MM-DD HH24:MI:SS'),0,TO_DATE('1970-01-01 00:00:00','YYYY-MM-DD HH24:MI:SS'),5,2,53,2);
INSERT INTO SITE_WEEKHOURCONFIG (SITE_SITE_ID,WEEKCONFIGS_WKCONFIG_ID) VALUES (2, 370);
INSERT INTO WEEKHOURCONFIG (WKCONFIG_ID,ENDTIME,IS_CLOSED,STARTTIME,WEEKDAY,CALLCENTER_ID,DESTINATION_ID,SITE_ID) VALUES (371,TO_DATE('2100-12-31 23:59:59','YYYY-MM-DD HH24:MI:SS'),0,TO_DATE('1970-01-01 00:00:00','YYYY-MM-DD HH24:MI:SS'),6,2,53,2);
INSERT INTO SITE_WEEKHOURCONFIG (SITE_SITE_ID,WEEKCONFIGS_WKCONFIG_ID) VALUES (2, 371);
INSERT INTO DESTINATION (DESTINATION_ID,AUDIO_ID,DESCRIPTION,DESTINATION_NUMBER,LAST_UPDATE_TIMESTAMP,NAME,HOLIDAYSLIST_ID,SITE_ID,IS_OVERWRITE_WEEKHOURCONFIG,IS_OVERWRITE_HOLIDAYLIST) VALUES (54,'audio','27182','27182',SYSDATE,'27182',1,2,1,1);
INSERT INTO WEEKHOURCONFIG (WKCONFIG_ID,ENDTIME,IS_CLOSED,STARTTIME,WEEKDAY,CALLCENTER_ID,DESTINATION_ID,SITE_ID) VALUES (372,TO_DATE('2100-12-31 23:59:59','YYYY-MM-DD HH24:MI:SS'),0,TO_DATE('1970-01-01 00:00:00','YYYY-MM-DD HH24:MI:SS'),0,2,54,2);
INSERT INTO SITE_WEEKHOURCONFIG (SITE_SITE_ID,WEEKCONFIGS_WKCONFIG_ID) VALUES (2, 372);
INSERT INTO WEEKHOURCONFIG (WKCONFIG_ID,ENDTIME,IS_CLOSED,STARTTIME,WEEKDAY,CALLCENTER_ID,DESTINATION_ID,SITE_ID) VALUES (373,TO_DATE('2100-12-31 23:59:59','YYYY-MM-DD HH24:MI:SS'),0,TO_DATE('1970-01-01 00:00:00','YYYY-MM-DD HH24:MI:SS'),1,2,54,2);
INSERT INTO SITE_WEEKHOURCONFIG (SITE_SITE_ID,WEEKCONFIGS_WKCONFIG_ID) VALUES (2, 373);
INSERT INTO WEEKHOURCONFIG (WKCONFIG_ID,ENDTIME,IS_CLOSED,STARTTIME,WEEKDAY,CALLCENTER_ID,DESTINATION_ID,SITE_ID) VALUES (374,TO_DATE('2100-12-31 23:59:59','YYYY-MM-DD HH24:MI:SS'),0,TO_DATE('1970-01-01 00:00:00','YYYY-MM-DD HH24:MI:SS'),2,2,54,2);
INSERT INTO SITE_WEEKHOURCONFIG (SITE_SITE_ID,WEEKCONFIGS_WKCONFIG_ID) VALUES (2, 374);
INSERT INTO WEEKHOURCONFIG (WKCONFIG_ID,ENDTIME,IS_CLOSED,STARTTIME,WEEKDAY,CALLCENTER_ID,DESTINATION_ID,SITE_ID) VALUES (375,TO_DATE('2100-12-31 23:59:59','YYYY-MM-DD HH24:MI:SS'),0,TO_DATE('1970-01-01 00:00:00','YYYY-MM-DD HH24:MI:SS'),3,2,54,2);
INSERT INTO SITE_WEEKHOURCONFIG (SITE_SITE_ID,WEEKCONFIGS_WKCONFIG_ID) VALUES (2, 375);
INSERT INTO WEEKHOURCONFIG (WKCONFIG_ID,ENDTIME,IS_CLOSED,STARTTIME,WEEKDAY,CALLCENTER_ID,DESTINATION_ID,SITE_ID) VALUES (376,TO_DATE('2100-12-31 23:59:59','YYYY-MM-DD HH24:MI:SS'),0,TO_DATE('1970-01-01 00:00:00','YYYY-MM-DD HH24:MI:SS'),4,2,54,2);
INSERT INTO SITE_WEEKHOURCONFIG (SITE_SITE_ID,WEEKCONFIGS_WKCONFIG_ID) VALUES (2, 376);
INSERT INTO WEEKHOURCONFIG (WKCONFIG_ID,ENDTIME,IS_CLOSED,STARTTIME,WEEKDAY,CALLCENTER_ID,DESTINATION_ID,SITE_ID) VALUES (377,TO_DATE('2100-12-31 23:59:59','YYYY-MM-DD HH24:MI:SS'),0,TO_DATE('1970-01-01 00:00:00','YYYY-MM-DD HH24:MI:SS'),5,2,54,2);
INSERT INTO SITE_WEEKHOURCONFIG (SITE_SITE_ID,WEEKCONFIGS_WKCONFIG_ID) VALUES (2, 377);
INSERT INTO WEEKHOURCONFIG (WKCONFIG_ID,ENDTIME,IS_CLOSED,STARTTIME,WEEKDAY,CALLCENTER_ID,DESTINATION_ID,SITE_ID) VALUES (378,TO_DATE('2100-12-31 23:59:59','YYYY-MM-DD HH24:MI:SS'),0,TO_DATE('1970-01-01 00:00:00','YYYY-MM-DD HH24:MI:SS'),6,2,54,2);
INSERT INTO SITE_WEEKHOURCONFIG (SITE_SITE_ID,WEEKCONFIGS_WKCONFIG_ID) VALUES (2, 378);
INSERT INTO DESTINATION (DESTINATION_ID,AUDIO_ID,DESCRIPTION,DESTINATION_NUMBER,LAST_UPDATE_TIMESTAMP,NAME,HOLIDAYSLIST_ID,SITE_ID,IS_OVERWRITE_WEEKHOURCONFIG,IS_OVERWRITE_HOLIDAYLIST) VALUES (55,'audio','27183','27183',SYSDATE,'27183',1,2,1,1);
INSERT INTO WEEKHOURCONFIG (WKCONFIG_ID,ENDTIME,IS_CLOSED,STARTTIME,WEEKDAY,CALLCENTER_ID,DESTINATION_ID,SITE_ID) VALUES (379,TO_DATE('2100-12-31 23:59:59','YYYY-MM-DD HH24:MI:SS'),0,TO_DATE('1970-01-01 00:00:00','YYYY-MM-DD HH24:MI:SS'),0,2,55,2);
INSERT INTO SITE_WEEKHOURCONFIG (SITE_SITE_ID,WEEKCONFIGS_WKCONFIG_ID) VALUES (2, 379);
INSERT INTO WEEKHOURCONFIG (WKCONFIG_ID,ENDTIME,IS_CLOSED,STARTTIME,WEEKDAY,CALLCENTER_ID,DESTINATION_ID,SITE_ID) VALUES (380,TO_DATE('2100-12-31 23:59:59','YYYY-MM-DD HH24:MI:SS'),0,TO_DATE('1970-01-01 00:00:00','YYYY-MM-DD HH24:MI:SS'),1,2,55,2);
INSERT INTO SITE_WEEKHOURCONFIG (SITE_SITE_ID,WEEKCONFIGS_WKCONFIG_ID) VALUES (2, 380);
INSERT INTO WEEKHOURCONFIG (WKCONFIG_ID,ENDTIME,IS_CLOSED,STARTTIME,WEEKDAY,CALLCENTER_ID,DESTINATION_ID,SITE_ID) VALUES (381,TO_DATE('2100-12-31 23:59:59','YYYY-MM-DD HH24:MI:SS'),0,TO_DATE('1970-01-01 00:00:00','YYYY-MM-DD HH24:MI:SS'),2,2,55,2);
INSERT INTO SITE_WEEKHOURCONFIG (SITE_SITE_ID,WEEKCONFIGS_WKCONFIG_ID) VALUES (2, 381);
INSERT INTO WEEKHOURCONFIG (WKCONFIG_ID,ENDTIME,IS_CLOSED,STARTTIME,WEEKDAY,CALLCENTER_ID,DESTINATION_ID,SITE_ID) VALUES (382,TO_DATE('2100-12-31 23:59:59','YYYY-MM-DD HH24:MI:SS'),0,TO_DATE('1970-01-01 00:00:00','YYYY-MM-DD HH24:MI:SS'),3,2,55,2);
INSERT INTO SITE_WEEKHOURCONFIG (SITE_SITE_ID,WEEKCONFIGS_WKCONFIG_ID) VALUES (2, 382);
INSERT INTO WEEKHOURCONFIG (WKCONFIG_ID,ENDTIME,IS_CLOSED,STARTTIME,WEEKDAY,CALLCENTER_ID,DESTINATION_ID,SITE_ID) VALUES (383,TO_DATE('2100-12-31 23:59:59','YYYY-MM-DD HH24:MI:SS'),0,TO_DATE('1970-01-01 00:00:00','YYYY-MM-DD HH24:MI:SS'),4,2,55,2);
INSERT INTO SITE_WEEKHOURCONFIG (SITE_SITE_ID,WEEKCONFIGS_WKCONFIG_ID) VALUES (2, 383);
INSERT INTO WEEKHOURCONFIG (WKCONFIG_ID,ENDTIME,IS_CLOSED,STARTTIME,WEEKDAY,CALLCENTER_ID,DESTINATION_ID,SITE_ID) VALUES (384,TO_DATE('2100-12-31 23:59:59','YYYY-MM-DD HH24:MI:SS'),0,TO_DATE('1970-01-01 00:00:00','YYYY-MM-DD HH24:MI:SS'),5,2,55,2);
INSERT INTO SITE_WEEKHOURCONFIG (SITE_SITE_ID,WEEKCONFIGS_WKCONFIG_ID) VALUES (2, 384);
INSERT INTO WEEKHOURCONFIG (WKCONFIG_ID,ENDTIME,IS_CLOSED,STARTTIME,WEEKDAY,CALLCENTER_ID,DESTINATION_ID,SITE_ID) VALUES (385,TO_DATE('2100-12-31 23:59:59','YYYY-MM-DD HH24:MI:SS'),0,TO_DATE('1970-01-01 00:00:00','YYYY-MM-DD HH24:MI:SS'),6,2,55,2);
INSERT INTO SITE_WEEKHOURCONFIG (SITE_SITE_ID,WEEKCONFIGS_WKCONFIG_ID) VALUES (2, 385);
INSERT INTO DESTINATION (DESTINATION_ID,AUDIO_ID,DESCRIPTION,DESTINATION_NUMBER,LAST_UPDATE_TIMESTAMP,NAME,HOLIDAYSLIST_ID,SITE_ID,IS_OVERWRITE_WEEKHOURCONFIG,IS_OVERWRITE_HOLIDAYLIST) VALUES (56,'audio','27538','27538',SYSDATE,'27538',1,2,1,1);
INSERT INTO WEEKHOURCONFIG (WKCONFIG_ID,ENDTIME,IS_CLOSED,STARTTIME,WEEKDAY,CALLCENTER_ID,DESTINATION_ID,SITE_ID) VALUES (386,TO_DATE('2100-12-31 23:59:59','YYYY-MM-DD HH24:MI:SS'),0,TO_DATE('1970-01-01 00:00:00','YYYY-MM-DD HH24:MI:SS'),0,2,56,2);
INSERT INTO SITE_WEEKHOURCONFIG (SITE_SITE_ID,WEEKCONFIGS_WKCONFIG_ID) VALUES (2, 386);
INSERT INTO WEEKHOURCONFIG (WKCONFIG_ID,ENDTIME,IS_CLOSED,STARTTIME,WEEKDAY,CALLCENTER_ID,DESTINATION_ID,SITE_ID) VALUES (387,TO_DATE('2100-12-31 23:59:59','YYYY-MM-DD HH24:MI:SS'),0,TO_DATE('1970-01-01 00:00:00','YYYY-MM-DD HH24:MI:SS'),1,2,56,2);
INSERT INTO SITE_WEEKHOURCONFIG (SITE_SITE_ID,WEEKCONFIGS_WKCONFIG_ID) VALUES (2, 387);
INSERT INTO WEEKHOURCONFIG (WKCONFIG_ID,ENDTIME,IS_CLOSED,STARTTIME,WEEKDAY,CALLCENTER_ID,DESTINATION_ID,SITE_ID) VALUES (388,TO_DATE('2100-12-31 23:59:59','YYYY-MM-DD HH24:MI:SS'),0,TO_DATE('1970-01-01 00:00:00','YYYY-MM-DD HH24:MI:SS'),2,2,56,2);
INSERT INTO SITE_WEEKHOURCONFIG (SITE_SITE_ID,WEEKCONFIGS_WKCONFIG_ID) VALUES (2, 388);
INSERT INTO WEEKHOURCONFIG (WKCONFIG_ID,ENDTIME,IS_CLOSED,STARTTIME,WEEKDAY,CALLCENTER_ID,DESTINATION_ID,SITE_ID) VALUES (389,TO_DATE('2100-12-31 23:59:59','YYYY-MM-DD HH24:MI:SS'),0,TO_DATE('1970-01-01 00:00:00','YYYY-MM-DD HH24:MI:SS'),3,2,56,2);
INSERT INTO SITE_WEEKHOURCONFIG (SITE_SITE_ID,WEEKCONFIGS_WKCONFIG_ID) VALUES (2, 389);
INSERT INTO WEEKHOURCONFIG (WKCONFIG_ID,ENDTIME,IS_CLOSED,STARTTIME,WEEKDAY,CALLCENTER_ID,DESTINATION_ID,SITE_ID) VALUES (390,TO_DATE('2100-12-31 23:59:59','YYYY-MM-DD HH24:MI:SS'),0,TO_DATE('1970-01-01 00:00:00','YYYY-MM-DD HH24:MI:SS'),4,2,56,2);
INSERT INTO SITE_WEEKHOURCONFIG (SITE_SITE_ID,WEEKCONFIGS_WKCONFIG_ID) VALUES (2, 390);
INSERT INTO WEEKHOURCONFIG (WKCONFIG_ID,ENDTIME,IS_CLOSED,STARTTIME,WEEKDAY,CALLCENTER_ID,DESTINATION_ID,SITE_ID) VALUES (391,TO_DATE('2100-12-31 23:59:59','YYYY-MM-DD HH24:MI:SS'),0,TO_DATE('1970-01-01 00:00:00','YYYY-MM-DD HH24:MI:SS'),5,2,56,2);
INSERT INTO SITE_WEEKHOURCONFIG (SITE_SITE_ID,WEEKCONFIGS_WKCONFIG_ID) VALUES (2, 391);
INSERT INTO WEEKHOURCONFIG (WKCONFIG_ID,ENDTIME,IS_CLOSED,STARTTIME,WEEKDAY,CALLCENTER_ID,DESTINATION_ID,SITE_ID) VALUES (392,TO_DATE('2100-12-31 23:59:59','YYYY-MM-DD HH24:MI:SS'),0,TO_DATE('1970-01-01 00:00:00','YYYY-MM-DD HH24:MI:SS'),6,2,56,2);
INSERT INTO SITE_WEEKHOURCONFIG (SITE_SITE_ID,WEEKCONFIGS_WKCONFIG_ID) VALUES (2, 392);
INSERT INTO DESTINATION (DESTINATION_ID,AUDIO_ID,DESCRIPTION,DESTINATION_NUMBER,LAST_UPDATE_TIMESTAMP,NAME,HOLIDAYSLIST_ID,SITE_ID,IS_OVERWRITE_WEEKHOURCONFIG,IS_OVERWRITE_HOLIDAYLIST) VALUES (57,'audio','27943','27943',SYSDATE,'27943',1,2,1,1);
INSERT INTO WEEKHOURCONFIG (WKCONFIG_ID,ENDTIME,IS_CLOSED,STARTTIME,WEEKDAY,CALLCENTER_ID,DESTINATION_ID,SITE_ID) VALUES (393,TO_DATE('2100-12-31 23:59:59','YYYY-MM-DD HH24:MI:SS'),0,TO_DATE('1970-01-01 00:00:00','YYYY-MM-DD HH24:MI:SS'),0,2,57,2);
INSERT INTO SITE_WEEKHOURCONFIG (SITE_SITE_ID,WEEKCONFIGS_WKCONFIG_ID) VALUES (2, 393);
INSERT INTO WEEKHOURCONFIG (WKCONFIG_ID,ENDTIME,IS_CLOSED,STARTTIME,WEEKDAY,CALLCENTER_ID,DESTINATION_ID,SITE_ID) VALUES (394,TO_DATE('2100-12-31 23:59:59','YYYY-MM-DD HH24:MI:SS'),0,TO_DATE('1970-01-01 00:00:00','YYYY-MM-DD HH24:MI:SS'),1,2,57,2);
INSERT INTO SITE_WEEKHOURCONFIG (SITE_SITE_ID,WEEKCONFIGS_WKCONFIG_ID) VALUES (2, 394);
INSERT INTO WEEKHOURCONFIG (WKCONFIG_ID,ENDTIME,IS_CLOSED,STARTTIME,WEEKDAY,CALLCENTER_ID,DESTINATION_ID,SITE_ID) VALUES (395,TO_DATE('2100-12-31 23:59:59','YYYY-MM-DD HH24:MI:SS'),0,TO_DATE('1970-01-01 00:00:00','YYYY-MM-DD HH24:MI:SS'),2,2,57,2);
INSERT INTO SITE_WEEKHOURCONFIG (SITE_SITE_ID,WEEKCONFIGS_WKCONFIG_ID) VALUES (2, 395);
INSERT INTO WEEKHOURCONFIG (WKCONFIG_ID,ENDTIME,IS_CLOSED,STARTTIME,WEEKDAY,CALLCENTER_ID,DESTINATION_ID,SITE_ID) VALUES (396,TO_DATE('2100-12-31 23:59:59','YYYY-MM-DD HH24:MI:SS'),0,TO_DATE('1970-01-01 00:00:00','YYYY-MM-DD HH24:MI:SS'),3,2,57,2);
INSERT INTO SITE_WEEKHOURCONFIG (SITE_SITE_ID,WEEKCONFIGS_WKCONFIG_ID) VALUES (2, 396);
INSERT INTO WEEKHOURCONFIG (WKCONFIG_ID,ENDTIME,IS_CLOSED,STARTTIME,WEEKDAY,CALLCENTER_ID,DESTINATION_ID,SITE_ID) VALUES (397,TO_DATE('2100-12-31 23:59:59','YYYY-MM-DD HH24:MI:SS'),0,TO_DATE('1970-01-01 00:00:00','YYYY-MM-DD HH24:MI:SS'),4,2,57,2);
INSERT INTO SITE_WEEKHOURCONFIG (SITE_SITE_ID,WEEKCONFIGS_WKCONFIG_ID) VALUES (2, 397);
INSERT INTO WEEKHOURCONFIG (WKCONFIG_ID,ENDTIME,IS_CLOSED,STARTTIME,WEEKDAY,CALLCENTER_ID,DESTINATION_ID,SITE_ID) VALUES (398,TO_DATE('2100-12-31 23:59:59','YYYY-MM-DD HH24:MI:SS'),0,TO_DATE('1970-01-01 00:00:00','YYYY-MM-DD HH24:MI:SS'),5,2,57,2);
INSERT INTO SITE_WEEKHOURCONFIG (SITE_SITE_ID,WEEKCONFIGS_WKCONFIG_ID) VALUES (2, 398);
INSERT INTO WEEKHOURCONFIG (WKCONFIG_ID,ENDTIME,IS_CLOSED,STARTTIME,WEEKDAY,CALLCENTER_ID,DESTINATION_ID,SITE_ID) VALUES (399,TO_DATE('2100-12-31 23:59:59','YYYY-MM-DD HH24:MI:SS'),0,TO_DATE('1970-01-01 00:00:00','YYYY-MM-DD HH24:MI:SS'),6,2,57,2);
INSERT INTO SITE_WEEKHOURCONFIG (SITE_SITE_ID,WEEKCONFIGS_WKCONFIG_ID) VALUES (2, 399);
INSERT INTO DESTINATION (DESTINATION_ID,AUDIO_ID,DESCRIPTION,DESTINATION_NUMBER,LAST_UPDATE_TIMESTAMP,NAME,HOLIDAYSLIST_ID,SITE_ID,IS_OVERWRITE_WEEKHOURCONFIG,IS_OVERWRITE_HOLIDAYLIST) VALUES (58,'audio','27944','27944',SYSDATE,'27944',1,2,1,1);
INSERT INTO WEEKHOURCONFIG (WKCONFIG_ID,ENDTIME,IS_CLOSED,STARTTIME,WEEKDAY,CALLCENTER_ID,DESTINATION_ID,SITE_ID) VALUES (400,TO_DATE('2100-12-31 23:59:59','YYYY-MM-DD HH24:MI:SS'),0,TO_DATE('1970-01-01 00:00:00','YYYY-MM-DD HH24:MI:SS'),0,2,58,2);
INSERT INTO SITE_WEEKHOURCONFIG (SITE_SITE_ID,WEEKCONFIGS_WKCONFIG_ID) VALUES (2, 400);
INSERT INTO WEEKHOURCONFIG (WKCONFIG_ID,ENDTIME,IS_CLOSED,STARTTIME,WEEKDAY,CALLCENTER_ID,DESTINATION_ID,SITE_ID) VALUES (401,TO_DATE('2100-12-31 23:59:59','YYYY-MM-DD HH24:MI:SS'),0,TO_DATE('1970-01-01 00:00:00','YYYY-MM-DD HH24:MI:SS'),1,2,58,2);
INSERT INTO SITE_WEEKHOURCONFIG (SITE_SITE_ID,WEEKCONFIGS_WKCONFIG_ID) VALUES (2, 401);
INSERT INTO WEEKHOURCONFIG (WKCONFIG_ID,ENDTIME,IS_CLOSED,STARTTIME,WEEKDAY,CALLCENTER_ID,DESTINATION_ID,SITE_ID) VALUES (402,TO_DATE('2100-12-31 23:59:59','YYYY-MM-DD HH24:MI:SS'),0,TO_DATE('1970-01-01 00:00:00','YYYY-MM-DD HH24:MI:SS'),2,2,58,2);
INSERT INTO SITE_WEEKHOURCONFIG (SITE_SITE_ID,WEEKCONFIGS_WKCONFIG_ID) VALUES (2, 402);
INSERT INTO WEEKHOURCONFIG (WKCONFIG_ID,ENDTIME,IS_CLOSED,STARTTIME,WEEKDAY,CALLCENTER_ID,DESTINATION_ID,SITE_ID) VALUES (403,TO_DATE('2100-12-31 23:59:59','YYYY-MM-DD HH24:MI:SS'),0,TO_DATE('1970-01-01 00:00:00','YYYY-MM-DD HH24:MI:SS'),3,2,58,2);
INSERT INTO SITE_WEEKHOURCONFIG (SITE_SITE_ID,WEEKCONFIGS_WKCONFIG_ID) VALUES (2, 403);
INSERT INTO WEEKHOURCONFIG (WKCONFIG_ID,ENDTIME,IS_CLOSED,STARTTIME,WEEKDAY,CALLCENTER_ID,DESTINATION_ID,SITE_ID) VALUES (404,TO_DATE('2100-12-31 23:59:59','YYYY-MM-DD HH24:MI:SS'),0,TO_DATE('1970-01-01 00:00:00','YYYY-MM-DD HH24:MI:SS'),4,2,58,2);
INSERT INTO SITE_WEEKHOURCONFIG (SITE_SITE_ID,WEEKCONFIGS_WKCONFIG_ID) VALUES (2, 404);
INSERT INTO WEEKHOURCONFIG (WKCONFIG_ID,ENDTIME,IS_CLOSED,STARTTIME,WEEKDAY,CALLCENTER_ID,DESTINATION_ID,SITE_ID) VALUES (405,TO_DATE('2100-12-31 23:59:59','YYYY-MM-DD HH24:MI:SS'),0,TO_DATE('1970-01-01 00:00:00','YYYY-MM-DD HH24:MI:SS'),5,2,58,2);
INSERT INTO SITE_WEEKHOURCONFIG (SITE_SITE_ID,WEEKCONFIGS_WKCONFIG_ID) VALUES (2, 405);
INSERT INTO WEEKHOURCONFIG (WKCONFIG_ID,ENDTIME,IS_CLOSED,STARTTIME,WEEKDAY,CALLCENTER_ID,DESTINATION_ID,SITE_ID) VALUES (406,TO_DATE('2100-12-31 23:59:59','YYYY-MM-DD HH24:MI:SS'),0,TO_DATE('1970-01-01 00:00:00','YYYY-MM-DD HH24:MI:SS'),6,2,58,2);
INSERT INTO SITE_WEEKHOURCONFIG (SITE_SITE_ID,WEEKCONFIGS_WKCONFIG_ID) VALUES (2, 406);
INSERT INTO DESTINATION (DESTINATION_ID,AUDIO_ID,DESCRIPTION,DESTINATION_NUMBER,LAST_UPDATE_TIMESTAMP,NAME,HOLIDAYSLIST_ID,SITE_ID,IS_OVERWRITE_WEEKHOURCONFIG,IS_OVERWRITE_HOLIDAYLIST) VALUES (59,'audio','27945','27945',SYSDATE,'27945',1,2,1,1);
INSERT INTO WEEKHOURCONFIG (WKCONFIG_ID,ENDTIME,IS_CLOSED,STARTTIME,WEEKDAY,CALLCENTER_ID,DESTINATION_ID,SITE_ID) VALUES (407,TO_DATE('2100-12-31 23:59:59','YYYY-MM-DD HH24:MI:SS'),0,TO_DATE('1970-01-01 00:00:00','YYYY-MM-DD HH24:MI:SS'),0,2,59,2);
INSERT INTO SITE_WEEKHOURCONFIG (SITE_SITE_ID,WEEKCONFIGS_WKCONFIG_ID) VALUES (2, 407);
INSERT INTO WEEKHOURCONFIG (WKCONFIG_ID,ENDTIME,IS_CLOSED,STARTTIME,WEEKDAY,CALLCENTER_ID,DESTINATION_ID,SITE_ID) VALUES (408,TO_DATE('2100-12-31 23:59:59','YYYY-MM-DD HH24:MI:SS'),0,TO_DATE('1970-01-01 00:00:00','YYYY-MM-DD HH24:MI:SS'),1,2,59,2);
INSERT INTO SITE_WEEKHOURCONFIG (SITE_SITE_ID,WEEKCONFIGS_WKCONFIG_ID) VALUES (2, 408);
INSERT INTO WEEKHOURCONFIG (WKCONFIG_ID,ENDTIME,IS_CLOSED,STARTTIME,WEEKDAY,CALLCENTER_ID,DESTINATION_ID,SITE_ID) VALUES (409,TO_DATE('2100-12-31 23:59:59','YYYY-MM-DD HH24:MI:SS'),0,TO_DATE('1970-01-01 00:00:00','YYYY-MM-DD HH24:MI:SS'),2,2,59,2);
INSERT INTO SITE_WEEKHOURCONFIG (SITE_SITE_ID,WEEKCONFIGS_WKCONFIG_ID) VALUES (2, 409);
INSERT INTO WEEKHOURCONFIG (WKCONFIG_ID,ENDTIME,IS_CLOSED,STARTTIME,WEEKDAY,CALLCENTER_ID,DESTINATION_ID,SITE_ID) VALUES (410,TO_DATE('2100-12-31 23:59:59','YYYY-MM-DD HH24:MI:SS'),0,TO_DATE('1970-01-01 00:00:00','YYYY-MM-DD HH24:MI:SS'),3,2,59,2);
INSERT INTO SITE_WEEKHOURCONFIG (SITE_SITE_ID,WEEKCONFIGS_WKCONFIG_ID) VALUES (2, 410);
INSERT INTO WEEKHOURCONFIG (WKCONFIG_ID,ENDTIME,IS_CLOSED,STARTTIME,WEEKDAY,CALLCENTER_ID,DESTINATION_ID,SITE_ID) VALUES (411,TO_DATE('2100-12-31 23:59:59','YYYY-MM-DD HH24:MI:SS'),0,TO_DATE('1970-01-01 00:00:00','YYYY-MM-DD HH24:MI:SS'),4,2,59,2);
INSERT INTO SITE_WEEKHOURCONFIG (SITE_SITE_ID,WEEKCONFIGS_WKCONFIG_ID) VALUES (2, 411);
INSERT INTO WEEKHOURCONFIG (WKCONFIG_ID,ENDTIME,IS_CLOSED,STARTTIME,WEEKDAY,CALLCENTER_ID,DESTINATION_ID,SITE_ID) VALUES (412,TO_DATE('2100-12-31 23:59:59','YYYY-MM-DD HH24:MI:SS'),0,TO_DATE('1970-01-01 00:00:00','YYYY-MM-DD HH24:MI:SS'),5,2,59,2);
INSERT INTO SITE_WEEKHOURCONFIG (SITE_SITE_ID,WEEKCONFIGS_WKCONFIG_ID) VALUES (2, 412);
INSERT INTO WEEKHOURCONFIG (WKCONFIG_ID,ENDTIME,IS_CLOSED,STARTTIME,WEEKDAY,CALLCENTER_ID,DESTINATION_ID,SITE_ID) VALUES (413,TO_DATE('2100-12-31 23:59:59','YYYY-MM-DD HH24:MI:SS'),0,TO_DATE('1970-01-01 00:00:00','YYYY-MM-DD HH24:MI:SS'),6,2,59,2);
INSERT INTO SITE_WEEKHOURCONFIG (SITE_SITE_ID,WEEKCONFIGS_WKCONFIG_ID) VALUES (2, 413);
INSERT INTO DESTINATION (DESTINATION_ID,AUDIO_ID,DESCRIPTION,DESTINATION_NUMBER,LAST_UPDATE_TIMESTAMP,NAME,HOLIDAYSLIST_ID,SITE_ID,IS_OVERWRITE_WEEKHOURCONFIG,IS_OVERWRITE_HOLIDAYLIST) VALUES (60,'audio','27946','27946',SYSDATE,'27946',1,2,1,1);
INSERT INTO WEEKHOURCONFIG (WKCONFIG_ID,ENDTIME,IS_CLOSED,STARTTIME,WEEKDAY,CALLCENTER_ID,DESTINATION_ID,SITE_ID) VALUES (414,TO_DATE('2100-12-31 23:59:59','YYYY-MM-DD HH24:MI:SS'),0,TO_DATE('1970-01-01 00:00:00','YYYY-MM-DD HH24:MI:SS'),0,2,60,2);
INSERT INTO SITE_WEEKHOURCONFIG (SITE_SITE_ID,WEEKCONFIGS_WKCONFIG_ID) VALUES (2, 414);
INSERT INTO WEEKHOURCONFIG (WKCONFIG_ID,ENDTIME,IS_CLOSED,STARTTIME,WEEKDAY,CALLCENTER_ID,DESTINATION_ID,SITE_ID) VALUES (415,TO_DATE('2100-12-31 23:59:59','YYYY-MM-DD HH24:MI:SS'),0,TO_DATE('1970-01-01 00:00:00','YYYY-MM-DD HH24:MI:SS'),1,2,60,2);
INSERT INTO SITE_WEEKHOURCONFIG (SITE_SITE_ID,WEEKCONFIGS_WKCONFIG_ID) VALUES (2, 415);
INSERT INTO WEEKHOURCONFIG (WKCONFIG_ID,ENDTIME,IS_CLOSED,STARTTIME,WEEKDAY,CALLCENTER_ID,DESTINATION_ID,SITE_ID) VALUES (416,TO_DATE('2100-12-31 23:59:59','YYYY-MM-DD HH24:MI:SS'),0,TO_DATE('1970-01-01 00:00:00','YYYY-MM-DD HH24:MI:SS'),2,2,60,2);
INSERT INTO SITE_WEEKHOURCONFIG (SITE_SITE_ID,WEEKCONFIGS_WKCONFIG_ID) VALUES (2, 416);
INSERT INTO WEEKHOURCONFIG (WKCONFIG_ID,ENDTIME,IS_CLOSED,STARTTIME,WEEKDAY,CALLCENTER_ID,DESTINATION_ID,SITE_ID) VALUES (417,TO_DATE('2100-12-31 23:59:59','YYYY-MM-DD HH24:MI:SS'),0,TO_DATE('1970-01-01 00:00:00','YYYY-MM-DD HH24:MI:SS'),3,2,60,2);
INSERT INTO SITE_WEEKHOURCONFIG (SITE_SITE_ID,WEEKCONFIGS_WKCONFIG_ID) VALUES (2, 417);
INSERT INTO WEEKHOURCONFIG (WKCONFIG_ID,ENDTIME,IS_CLOSED,STARTTIME,WEEKDAY,CALLCENTER_ID,DESTINATION_ID,SITE_ID) VALUES (418,TO_DATE('2100-12-31 23:59:59','YYYY-MM-DD HH24:MI:SS'),0,TO_DATE('1970-01-01 00:00:00','YYYY-MM-DD HH24:MI:SS'),4,2,60,2);
INSERT INTO SITE_WEEKHOURCONFIG (SITE_SITE_ID,WEEKCONFIGS_WKCONFIG_ID) VALUES (2, 418);
INSERT INTO WEEKHOURCONFIG (WKCONFIG_ID,ENDTIME,IS_CLOSED,STARTTIME,WEEKDAY,CALLCENTER_ID,DESTINATION_ID,SITE_ID) VALUES (419,TO_DATE('2100-12-31 23:59:59','YYYY-MM-DD HH24:MI:SS'),0,TO_DATE('1970-01-01 00:00:00','YYYY-MM-DD HH24:MI:SS'),5,2,60,2);
INSERT INTO SITE_WEEKHOURCONFIG (SITE_SITE_ID,WEEKCONFIGS_WKCONFIG_ID) VALUES (2, 419);
INSERT INTO WEEKHOURCONFIG (WKCONFIG_ID,ENDTIME,IS_CLOSED,STARTTIME,WEEKDAY,CALLCENTER_ID,DESTINATION_ID,SITE_ID) VALUES (420,TO_DATE('2100-12-31 23:59:59','YYYY-MM-DD HH24:MI:SS'),0,TO_DATE('1970-01-01 00:00:00','YYYY-MM-DD HH24:MI:SS'),6,2,60,2);
INSERT INTO SITE_WEEKHOURCONFIG (SITE_SITE_ID,WEEKCONFIGS_WKCONFIG_ID) VALUES (2, 420);
INSERT INTO DESTINATION (DESTINATION_ID,AUDIO_ID,DESCRIPTION,DESTINATION_NUMBER,LAST_UPDATE_TIMESTAMP,NAME,HOLIDAYSLIST_ID,SITE_ID,IS_OVERWRITE_WEEKHOURCONFIG,IS_OVERWRITE_HOLIDAYLIST) VALUES (61,'audio','27947','27947',SYSDATE,'27947',1,2,1,1);
INSERT INTO WEEKHOURCONFIG (WKCONFIG_ID,ENDTIME,IS_CLOSED,STARTTIME,WEEKDAY,CALLCENTER_ID,DESTINATION_ID,SITE_ID) VALUES (421,TO_DATE('2100-12-31 23:59:59','YYYY-MM-DD HH24:MI:SS'),0,TO_DATE('1970-01-01 00:00:00','YYYY-MM-DD HH24:MI:SS'),0,2,61,2);
INSERT INTO SITE_WEEKHOURCONFIG (SITE_SITE_ID,WEEKCONFIGS_WKCONFIG_ID) VALUES (2, 421);
INSERT INTO WEEKHOURCONFIG (WKCONFIG_ID,ENDTIME,IS_CLOSED,STARTTIME,WEEKDAY,CALLCENTER_ID,DESTINATION_ID,SITE_ID) VALUES (422,TO_DATE('2100-12-31 23:59:59','YYYY-MM-DD HH24:MI:SS'),0,TO_DATE('1970-01-01 00:00:00','YYYY-MM-DD HH24:MI:SS'),1,2,61,2);
INSERT INTO SITE_WEEKHOURCONFIG (SITE_SITE_ID,WEEKCONFIGS_WKCONFIG_ID) VALUES (2, 422);
INSERT INTO WEEKHOURCONFIG (WKCONFIG_ID,ENDTIME,IS_CLOSED,STARTTIME,WEEKDAY,CALLCENTER_ID,DESTINATION_ID,SITE_ID) VALUES (423,TO_DATE('2100-12-31 23:59:59','YYYY-MM-DD HH24:MI:SS'),0,TO_DATE('1970-01-01 00:00:00','YYYY-MM-DD HH24:MI:SS'),2,2,61,2);
INSERT INTO SITE_WEEKHOURCONFIG (SITE_SITE_ID,WEEKCONFIGS_WKCONFIG_ID) VALUES (2, 423);
INSERT INTO WEEKHOURCONFIG (WKCONFIG_ID,ENDTIME,IS_CLOSED,STARTTIME,WEEKDAY,CALLCENTER_ID,DESTINATION_ID,SITE_ID) VALUES (424,TO_DATE('2100-12-31 23:59:59','YYYY-MM-DD HH24:MI:SS'),0,TO_DATE('1970-01-01 00:00:00','YYYY-MM-DD HH24:MI:SS'),3,2,61,2);
INSERT INTO SITE_WEEKHOURCONFIG (SITE_SITE_ID,WEEKCONFIGS_WKCONFIG_ID) VALUES (2, 424);
INSERT INTO WEEKHOURCONFIG (WKCONFIG_ID,ENDTIME,IS_CLOSED,STARTTIME,WEEKDAY,CALLCENTER_ID,DESTINATION_ID,SITE_ID) VALUES (425,TO_DATE('2100-12-31 23:59:59','YYYY-MM-DD HH24:MI:SS'),0,TO_DATE('1970-01-01 00:00:00','YYYY-MM-DD HH24:MI:SS'),4,2,61,2);
INSERT INTO SITE_WEEKHOURCONFIG (SITE_SITE_ID,WEEKCONFIGS_WKCONFIG_ID) VALUES (2, 425);
INSERT INTO WEEKHOURCONFIG (WKCONFIG_ID,ENDTIME,IS_CLOSED,STARTTIME,WEEKDAY,CALLCENTER_ID,DESTINATION_ID,SITE_ID) VALUES (426,TO_DATE('2100-12-31 23:59:59','YYYY-MM-DD HH24:MI:SS'),0,TO_DATE('1970-01-01 00:00:00','YYYY-MM-DD HH24:MI:SS'),5,2,61,2);
INSERT INTO SITE_WEEKHOURCONFIG (SITE_SITE_ID,WEEKCONFIGS_WKCONFIG_ID) VALUES (2, 426);
INSERT INTO WEEKHOURCONFIG (WKCONFIG_ID,ENDTIME,IS_CLOSED,STARTTIME,WEEKDAY,CALLCENTER_ID,DESTINATION_ID,SITE_ID) VALUES (427,TO_DATE('2100-12-31 23:59:59','YYYY-MM-DD HH24:MI:SS'),0,TO_DATE('1970-01-01 00:00:00','YYYY-MM-DD HH24:MI:SS'),6,2,61,2);
INSERT INTO SITE_WEEKHOURCONFIG (SITE_SITE_ID,WEEKCONFIGS_WKCONFIG_ID) VALUES (2, 427);
INSERT INTO DESTINATION (DESTINATION_ID,AUDIO_ID,DESCRIPTION,DESTINATION_NUMBER,LAST_UPDATE_TIMESTAMP,NAME,HOLIDAYSLIST_ID,SITE_ID,IS_OVERWRITE_WEEKHOURCONFIG,IS_OVERWRITE_HOLIDAYLIST) VALUES (62,'audio','27948','27948',SYSDATE,'27948',1,2,1,1);
INSERT INTO WEEKHOURCONFIG (WKCONFIG_ID,ENDTIME,IS_CLOSED,STARTTIME,WEEKDAY,CALLCENTER_ID,DESTINATION_ID,SITE_ID) VALUES (428,TO_DATE('2100-12-31 23:59:59','YYYY-MM-DD HH24:MI:SS'),0,TO_DATE('1970-01-01 00:00:00','YYYY-MM-DD HH24:MI:SS'),0,2,62,2);
INSERT INTO SITE_WEEKHOURCONFIG (SITE_SITE_ID,WEEKCONFIGS_WKCONFIG_ID) VALUES (2, 428);
INSERT INTO WEEKHOURCONFIG (WKCONFIG_ID,ENDTIME,IS_CLOSED,STARTTIME,WEEKDAY,CALLCENTER_ID,DESTINATION_ID,SITE_ID) VALUES (429,TO_DATE('2100-12-31 23:59:59','YYYY-MM-DD HH24:MI:SS'),0,TO_DATE('1970-01-01 00:00:00','YYYY-MM-DD HH24:MI:SS'),1,2,62,2);
INSERT INTO SITE_WEEKHOURCONFIG (SITE_SITE_ID,WEEKCONFIGS_WKCONFIG_ID) VALUES (2, 429);
INSERT INTO WEEKHOURCONFIG (WKCONFIG_ID,ENDTIME,IS_CLOSED,STARTTIME,WEEKDAY,CALLCENTER_ID,DESTINATION_ID,SITE_ID) VALUES (430,TO_DATE('2100-12-31 23:59:59','YYYY-MM-DD HH24:MI:SS'),0,TO_DATE('1970-01-01 00:00:00','YYYY-MM-DD HH24:MI:SS'),2,2,62,2);
INSERT INTO SITE_WEEKHOURCONFIG (SITE_SITE_ID,WEEKCONFIGS_WKCONFIG_ID) VALUES (2, 430);
INSERT INTO WEEKHOURCONFIG (WKCONFIG_ID,ENDTIME,IS_CLOSED,STARTTIME,WEEKDAY,CALLCENTER_ID,DESTINATION_ID,SITE_ID) VALUES (431,TO_DATE('2100-12-31 23:59:59','YYYY-MM-DD HH24:MI:SS'),0,TO_DATE('1970-01-01 00:00:00','YYYY-MM-DD HH24:MI:SS'),3,2,62,2);
INSERT INTO SITE_WEEKHOURCONFIG (SITE_SITE_ID,WEEKCONFIGS_WKCONFIG_ID) VALUES (2, 431);
INSERT INTO WEEKHOURCONFIG (WKCONFIG_ID,ENDTIME,IS_CLOSED,STARTTIME,WEEKDAY,CALLCENTER_ID,DESTINATION_ID,SITE_ID) VALUES (432,TO_DATE('2100-12-31 23:59:59','YYYY-MM-DD HH24:MI:SS'),0,TO_DATE('1970-01-01 00:00:00','YYYY-MM-DD HH24:MI:SS'),4,2,62,2);
INSERT INTO SITE_WEEKHOURCONFIG (SITE_SITE_ID,WEEKCONFIGS_WKCONFIG_ID) VALUES (2, 432);
INSERT INTO WEEKHOURCONFIG (WKCONFIG_ID,ENDTIME,IS_CLOSED,STARTTIME,WEEKDAY,CALLCENTER_ID,DESTINATION_ID,SITE_ID) VALUES (433,TO_DATE('2100-12-31 23:59:59','YYYY-MM-DD HH24:MI:SS'),0,TO_DATE('1970-01-01 00:00:00','YYYY-MM-DD HH24:MI:SS'),5,2,62,2);
INSERT INTO SITE_WEEKHOURCONFIG (SITE_SITE_ID,WEEKCONFIGS_WKCONFIG_ID) VALUES (2, 433);
INSERT INTO WEEKHOURCONFIG (WKCONFIG_ID,ENDTIME,IS_CLOSED,STARTTIME,WEEKDAY,CALLCENTER_ID,DESTINATION_ID,SITE_ID) VALUES (434,TO_DATE('2100-12-31 23:59:59','YYYY-MM-DD HH24:MI:SS'),0,TO_DATE('1970-01-01 00:00:00','YYYY-MM-DD HH24:MI:SS'),6,2,62,2);
INSERT INTO SITE_WEEKHOURCONFIG (SITE_SITE_ID,WEEKCONFIGS_WKCONFIG_ID) VALUES (2, 434);
INSERT INTO DESTINATION (DESTINATION_ID,AUDIO_ID,DESCRIPTION,DESTINATION_NUMBER,LAST_UPDATE_TIMESTAMP,NAME,HOLIDAYSLIST_ID,SITE_ID,IS_OVERWRITE_WEEKHOURCONFIG,IS_OVERWRITE_HOLIDAYLIST) VALUES (63,'audio','27949','27949',SYSDATE,'27949',1,2,1,1);
INSERT INTO WEEKHOURCONFIG (WKCONFIG_ID,ENDTIME,IS_CLOSED,STARTTIME,WEEKDAY,CALLCENTER_ID,DESTINATION_ID,SITE_ID) VALUES (435,TO_DATE('2100-12-31 23:59:59','YYYY-MM-DD HH24:MI:SS'),0,TO_DATE('1970-01-01 00:00:00','YYYY-MM-DD HH24:MI:SS'),0,2,63,2);
INSERT INTO SITE_WEEKHOURCONFIG (SITE_SITE_ID,WEEKCONFIGS_WKCONFIG_ID) VALUES (2, 435);
INSERT INTO WEEKHOURCONFIG (WKCONFIG_ID,ENDTIME,IS_CLOSED,STARTTIME,WEEKDAY,CALLCENTER_ID,DESTINATION_ID,SITE_ID) VALUES (436,TO_DATE('2100-12-31 23:59:59','YYYY-MM-DD HH24:MI:SS'),0,TO_DATE('1970-01-01 00:00:00','YYYY-MM-DD HH24:MI:SS'),1,2,63,2);
INSERT INTO SITE_WEEKHOURCONFIG (SITE_SITE_ID,WEEKCONFIGS_WKCONFIG_ID) VALUES (2, 436);
INSERT INTO WEEKHOURCONFIG (WKCONFIG_ID,ENDTIME,IS_CLOSED,STARTTIME,WEEKDAY,CALLCENTER_ID,DESTINATION_ID,SITE_ID) VALUES (437,TO_DATE('2100-12-31 23:59:59','YYYY-MM-DD HH24:MI:SS'),0,TO_DATE('1970-01-01 00:00:00','YYYY-MM-DD HH24:MI:SS'),2,2,63,2);
INSERT INTO SITE_WEEKHOURCONFIG (SITE_SITE_ID,WEEKCONFIGS_WKCONFIG_ID) VALUES (2, 437);
INSERT INTO WEEKHOURCONFIG (WKCONFIG_ID,ENDTIME,IS_CLOSED,STARTTIME,WEEKDAY,CALLCENTER_ID,DESTINATION_ID,SITE_ID) VALUES (438,TO_DATE('2100-12-31 23:59:59','YYYY-MM-DD HH24:MI:SS'),0,TO_DATE('1970-01-01 00:00:00','YYYY-MM-DD HH24:MI:SS'),3,2,63,2);
INSERT INTO SITE_WEEKHOURCONFIG (SITE_SITE_ID,WEEKCONFIGS_WKCONFIG_ID) VALUES (2, 438);
INSERT INTO WEEKHOURCONFIG (WKCONFIG_ID,ENDTIME,IS_CLOSED,STARTTIME,WEEKDAY,CALLCENTER_ID,DESTINATION_ID,SITE_ID) VALUES (439,TO_DATE('2100-12-31 23:59:59','YYYY-MM-DD HH24:MI:SS'),0,TO_DATE('1970-01-01 00:00:00','YYYY-MM-DD HH24:MI:SS'),4,2,63,2);
INSERT INTO SITE_WEEKHOURCONFIG (SITE_SITE_ID,WEEKCONFIGS_WKCONFIG_ID) VALUES (2, 439);
INSERT INTO WEEKHOURCONFIG (WKCONFIG_ID,ENDTIME,IS_CLOSED,STARTTIME,WEEKDAY,CALLCENTER_ID,DESTINATION_ID,SITE_ID) VALUES (440,TO_DATE('2100-12-31 23:59:59','YYYY-MM-DD HH24:MI:SS'),0,TO_DATE('1970-01-01 00:00:00','YYYY-MM-DD HH24:MI:SS'),5,2,63,2);
INSERT INTO SITE_WEEKHOURCONFIG (SITE_SITE_ID,WEEKCONFIGS_WKCONFIG_ID) VALUES (2, 440);
INSERT INTO WEEKHOURCONFIG (WKCONFIG_ID,ENDTIME,IS_CLOSED,STARTTIME,WEEKDAY,CALLCENTER_ID,DESTINATION_ID,SITE_ID) VALUES (441,TO_DATE('2100-12-31 23:59:59','YYYY-MM-DD HH24:MI:SS'),0,TO_DATE('1970-01-01 00:00:00','YYYY-MM-DD HH24:MI:SS'),6,2,63,2);
INSERT INTO SITE_WEEKHOURCONFIG (SITE_SITE_ID,WEEKCONFIGS_WKCONFIG_ID) VALUES (2, 441);
INSERT INTO DESTINATION (DESTINATION_ID,AUDIO_ID,DESCRIPTION,DESTINATION_NUMBER,LAST_UPDATE_TIMESTAMP,NAME,HOLIDAYSLIST_ID,SITE_ID,IS_OVERWRITE_WEEKHOURCONFIG,IS_OVERWRITE_HOLIDAYLIST) VALUES (64,'audio','27184','27184',SYSDATE,'27184',1,2,1,1);
INSERT INTO WEEKHOURCONFIG (WKCONFIG_ID,ENDTIME,IS_CLOSED,STARTTIME,WEEKDAY,CALLCENTER_ID,DESTINATION_ID,SITE_ID) VALUES (442,TO_DATE('2100-12-31 23:59:59','YYYY-MM-DD HH24:MI:SS'),0,TO_DATE('1970-01-01 00:00:00','YYYY-MM-DD HH24:MI:SS'),0,2,64,2);
INSERT INTO SITE_WEEKHOURCONFIG (SITE_SITE_ID,WEEKCONFIGS_WKCONFIG_ID) VALUES (2, 442);
INSERT INTO WEEKHOURCONFIG (WKCONFIG_ID,ENDTIME,IS_CLOSED,STARTTIME,WEEKDAY,CALLCENTER_ID,DESTINATION_ID,SITE_ID) VALUES (443,TO_DATE('2100-12-31 23:59:59','YYYY-MM-DD HH24:MI:SS'),0,TO_DATE('1970-01-01 00:00:00','YYYY-MM-DD HH24:MI:SS'),1,2,64,2);
INSERT INTO SITE_WEEKHOURCONFIG (SITE_SITE_ID,WEEKCONFIGS_WKCONFIG_ID) VALUES (2, 443);
INSERT INTO WEEKHOURCONFIG (WKCONFIG_ID,ENDTIME,IS_CLOSED,STARTTIME,WEEKDAY,CALLCENTER_ID,DESTINATION_ID,SITE_ID) VALUES (444,TO_DATE('2100-12-31 23:59:59','YYYY-MM-DD HH24:MI:SS'),0,TO_DATE('1970-01-01 00:00:00','YYYY-MM-DD HH24:MI:SS'),2,2,64,2);
INSERT INTO SITE_WEEKHOURCONFIG (SITE_SITE_ID,WEEKCONFIGS_WKCONFIG_ID) VALUES (2, 444);
INSERT INTO WEEKHOURCONFIG (WKCONFIG_ID,ENDTIME,IS_CLOSED,STARTTIME,WEEKDAY,CALLCENTER_ID,DESTINATION_ID,SITE_ID) VALUES (445,TO_DATE('2100-12-31 23:59:59','YYYY-MM-DD HH24:MI:SS'),0,TO_DATE('1970-01-01 00:00:00','YYYY-MM-DD HH24:MI:SS'),3,2,64,2);
INSERT INTO SITE_WEEKHOURCONFIG (SITE_SITE_ID,WEEKCONFIGS_WKCONFIG_ID) VALUES (2, 445);
INSERT INTO WEEKHOURCONFIG (WKCONFIG_ID,ENDTIME,IS_CLOSED,STARTTIME,WEEKDAY,CALLCENTER_ID,DESTINATION_ID,SITE_ID) VALUES (446,TO_DATE('2100-12-31 23:59:59','YYYY-MM-DD HH24:MI:SS'),0,TO_DATE('1970-01-01 00:00:00','YYYY-MM-DD HH24:MI:SS'),4,2,64,2);
INSERT INTO SITE_WEEKHOURCONFIG (SITE_SITE_ID,WEEKCONFIGS_WKCONFIG_ID) VALUES (2, 446);
INSERT INTO WEEKHOURCONFIG (WKCONFIG_ID,ENDTIME,IS_CLOSED,STARTTIME,WEEKDAY,CALLCENTER_ID,DESTINATION_ID,SITE_ID) VALUES (447,TO_DATE('2100-12-31 23:59:59','YYYY-MM-DD HH24:MI:SS'),0,TO_DATE('1970-01-01 00:00:00','YYYY-MM-DD HH24:MI:SS'),5,2,64,2);
INSERT INTO SITE_WEEKHOURCONFIG (SITE_SITE_ID,WEEKCONFIGS_WKCONFIG_ID) VALUES (2, 447);
INSERT INTO WEEKHOURCONFIG (WKCONFIG_ID,ENDTIME,IS_CLOSED,STARTTIME,WEEKDAY,CALLCENTER_ID,DESTINATION_ID,SITE_ID) VALUES (448,TO_DATE('2100-12-31 23:59:59','YYYY-MM-DD HH24:MI:SS'),0,TO_DATE('1970-01-01 00:00:00','YYYY-MM-DD HH24:MI:SS'),6,2,64,2);
INSERT INTO SITE_WEEKHOURCONFIG (SITE_SITE_ID,WEEKCONFIGS_WKCONFIG_ID) VALUES (2, 448);
INSERT INTO DESTINATION (DESTINATION_ID,AUDIO_ID,DESCRIPTION,DESTINATION_NUMBER,LAST_UPDATE_TIMESTAMP,NAME,HOLIDAYSLIST_ID,SITE_ID,IS_OVERWRITE_WEEKHOURCONFIG,IS_OVERWRITE_HOLIDAYLIST) VALUES (65,'audio','21621','21621',SYSDATE,'21621',1,2,1,1);
INSERT INTO WEEKHOURCONFIG (WKCONFIG_ID,ENDTIME,IS_CLOSED,STARTTIME,WEEKDAY,CALLCENTER_ID,DESTINATION_ID,SITE_ID) VALUES (449,TO_DATE('2100-12-31 23:59:59','YYYY-MM-DD HH24:MI:SS'),0,TO_DATE('1970-01-01 00:00:00','YYYY-MM-DD HH24:MI:SS'),0,2,65,2);
INSERT INTO SITE_WEEKHOURCONFIG (SITE_SITE_ID,WEEKCONFIGS_WKCONFIG_ID) VALUES (2, 449);
INSERT INTO WEEKHOURCONFIG (WKCONFIG_ID,ENDTIME,IS_CLOSED,STARTTIME,WEEKDAY,CALLCENTER_ID,DESTINATION_ID,SITE_ID) VALUES (450,TO_DATE('2100-12-31 23:59:59','YYYY-MM-DD HH24:MI:SS'),0,TO_DATE('1970-01-01 00:00:00','YYYY-MM-DD HH24:MI:SS'),1,2,65,2);
INSERT INTO SITE_WEEKHOURCONFIG (SITE_SITE_ID,WEEKCONFIGS_WKCONFIG_ID) VALUES (2, 450);
INSERT INTO WEEKHOURCONFIG (WKCONFIG_ID,ENDTIME,IS_CLOSED,STARTTIME,WEEKDAY,CALLCENTER_ID,DESTINATION_ID,SITE_ID) VALUES (451,TO_DATE('2100-12-31 23:59:59','YYYY-MM-DD HH24:MI:SS'),0,TO_DATE('1970-01-01 00:00:00','YYYY-MM-DD HH24:MI:SS'),2,2,65,2);
INSERT INTO SITE_WEEKHOURCONFIG (SITE_SITE_ID,WEEKCONFIGS_WKCONFIG_ID) VALUES (2, 451);
INSERT INTO WEEKHOURCONFIG (WKCONFIG_ID,ENDTIME,IS_CLOSED,STARTTIME,WEEKDAY,CALLCENTER_ID,DESTINATION_ID,SITE_ID) VALUES (452,TO_DATE('2100-12-31 23:59:59','YYYY-MM-DD HH24:MI:SS'),0,TO_DATE('1970-01-01 00:00:00','YYYY-MM-DD HH24:MI:SS'),3,2,65,2);
INSERT INTO SITE_WEEKHOURCONFIG (SITE_SITE_ID,WEEKCONFIGS_WKCONFIG_ID) VALUES (2, 452);
INSERT INTO WEEKHOURCONFIG (WKCONFIG_ID,ENDTIME,IS_CLOSED,STARTTIME,WEEKDAY,CALLCENTER_ID,DESTINATION_ID,SITE_ID) VALUES (453,TO_DATE('2100-12-31 23:59:59','YYYY-MM-DD HH24:MI:SS'),0,TO_DATE('1970-01-01 00:00:00','YYYY-MM-DD HH24:MI:SS'),4,2,65,2);
INSERT INTO SITE_WEEKHOURCONFIG (SITE_SITE_ID,WEEKCONFIGS_WKCONFIG_ID) VALUES (2, 453);
INSERT INTO WEEKHOURCONFIG (WKCONFIG_ID,ENDTIME,IS_CLOSED,STARTTIME,WEEKDAY,CALLCENTER_ID,DESTINATION_ID,SITE_ID) VALUES (454,TO_DATE('2100-12-31 23:59:59','YYYY-MM-DD HH24:MI:SS'),0,TO_DATE('1970-01-01 00:00:00','YYYY-MM-DD HH24:MI:SS'),5,2,65,2);
INSERT INTO SITE_WEEKHOURCONFIG (SITE_SITE_ID,WEEKCONFIGS_WKCONFIG_ID) VALUES (2, 454);
INSERT INTO WEEKHOURCONFIG (WKCONFIG_ID,ENDTIME,IS_CLOSED,STARTTIME,WEEKDAY,CALLCENTER_ID,DESTINATION_ID,SITE_ID) VALUES (455,TO_DATE('2100-12-31 23:59:59','YYYY-MM-DD HH24:MI:SS'),0,TO_DATE('1970-01-01 00:00:00','YYYY-MM-DD HH24:MI:SS'),6,2,65,2);
INSERT INTO SITE_WEEKHOURCONFIG (SITE_SITE_ID,WEEKCONFIGS_WKCONFIG_ID) VALUES (2, 455);
INSERT INTO DESTINATION (DESTINATION_ID,AUDIO_ID,DESCRIPTION,DESTINATION_NUMBER,LAST_UPDATE_TIMESTAMP,NAME,HOLIDAYSLIST_ID,SITE_ID,IS_OVERWRITE_WEEKHOURCONFIG,IS_OVERWRITE_HOLIDAYLIST) VALUES (66,'audio','27185','27185',SYSDATE,'27185',1,2,1,1);
INSERT INTO WEEKHOURCONFIG (WKCONFIG_ID,ENDTIME,IS_CLOSED,STARTTIME,WEEKDAY,CALLCENTER_ID,DESTINATION_ID,SITE_ID) VALUES (456,TO_DATE('2100-12-31 23:59:59','YYYY-MM-DD HH24:MI:SS'),0,TO_DATE('1970-01-01 00:00:00','YYYY-MM-DD HH24:MI:SS'),0,2,66,2);
INSERT INTO SITE_WEEKHOURCONFIG (SITE_SITE_ID,WEEKCONFIGS_WKCONFIG_ID) VALUES (2, 456);
INSERT INTO WEEKHOURCONFIG (WKCONFIG_ID,ENDTIME,IS_CLOSED,STARTTIME,WEEKDAY,CALLCENTER_ID,DESTINATION_ID,SITE_ID) VALUES (457,TO_DATE('2100-12-31 23:59:59','YYYY-MM-DD HH24:MI:SS'),0,TO_DATE('1970-01-01 00:00:00','YYYY-MM-DD HH24:MI:SS'),1,2,66,2);
INSERT INTO SITE_WEEKHOURCONFIG (SITE_SITE_ID,WEEKCONFIGS_WKCONFIG_ID) VALUES (2, 457);
INSERT INTO WEEKHOURCONFIG (WKCONFIG_ID,ENDTIME,IS_CLOSED,STARTTIME,WEEKDAY,CALLCENTER_ID,DESTINATION_ID,SITE_ID) VALUES (458,TO_DATE('2100-12-31 23:59:59','YYYY-MM-DD HH24:MI:SS'),0,TO_DATE('1970-01-01 00:00:00','YYYY-MM-DD HH24:MI:SS'),2,2,66,2);
INSERT INTO SITE_WEEKHOURCONFIG (SITE_SITE_ID,WEEKCONFIGS_WKCONFIG_ID) VALUES (2, 458);
INSERT INTO WEEKHOURCONFIG (WKCONFIG_ID,ENDTIME,IS_CLOSED,STARTTIME,WEEKDAY,CALLCENTER_ID,DESTINATION_ID,SITE_ID) VALUES (459,TO_DATE('2100-12-31 23:59:59','YYYY-MM-DD HH24:MI:SS'),0,TO_DATE('1970-01-01 00:00:00','YYYY-MM-DD HH24:MI:SS'),3,2,66,2);
INSERT INTO SITE_WEEKHOURCONFIG (SITE_SITE_ID,WEEKCONFIGS_WKCONFIG_ID) VALUES (2, 459);
INSERT INTO WEEKHOURCONFIG (WKCONFIG_ID,ENDTIME,IS_CLOSED,STARTTIME,WEEKDAY,CALLCENTER_ID,DESTINATION_ID,SITE_ID) VALUES (460,TO_DATE('2100-12-31 23:59:59','YYYY-MM-DD HH24:MI:SS'),0,TO_DATE('1970-01-01 00:00:00','YYYY-MM-DD HH24:MI:SS'),4,2,66,2);
INSERT INTO SITE_WEEKHOURCONFIG (SITE_SITE_ID,WEEKCONFIGS_WKCONFIG_ID) VALUES (2, 460);
INSERT INTO WEEKHOURCONFIG (WKCONFIG_ID,ENDTIME,IS_CLOSED,STARTTIME,WEEKDAY,CALLCENTER_ID,DESTINATION_ID,SITE_ID) VALUES (461,TO_DATE('2100-12-31 23:59:59','YYYY-MM-DD HH24:MI:SS'),0,TO_DATE('1970-01-01 00:00:00','YYYY-MM-DD HH24:MI:SS'),5,2,66,2);
INSERT INTO SITE_WEEKHOURCONFIG (SITE_SITE_ID,WEEKCONFIGS_WKCONFIG_ID) VALUES (2, 461);
INSERT INTO WEEKHOURCONFIG (WKCONFIG_ID,ENDTIME,IS_CLOSED,STARTTIME,WEEKDAY,CALLCENTER_ID,DESTINATION_ID,SITE_ID) VALUES (462,TO_DATE('2100-12-31 23:59:59','YYYY-MM-DD HH24:MI:SS'),0,TO_DATE('1970-01-01 00:00:00','YYYY-MM-DD HH24:MI:SS'),6,2,66,2);
INSERT INTO SITE_WEEKHOURCONFIG (SITE_SITE_ID,WEEKCONFIGS_WKCONFIG_ID) VALUES (2, 462);
INSERT INTO DESTINATION (DESTINATION_ID,AUDIO_ID,DESCRIPTION,DESTINATION_NUMBER,LAST_UPDATE_TIMESTAMP,NAME,HOLIDAYSLIST_ID,SITE_ID,IS_OVERWRITE_WEEKHOURCONFIG,IS_OVERWRITE_HOLIDAYLIST) VALUES (67,'audio','20947','20947',SYSDATE,'20947',1,2,1,1);
INSERT INTO WEEKHOURCONFIG (WKCONFIG_ID,ENDTIME,IS_CLOSED,STARTTIME,WEEKDAY,CALLCENTER_ID,DESTINATION_ID,SITE_ID) VALUES (463,TO_DATE('2100-12-31 23:59:59','YYYY-MM-DD HH24:MI:SS'),0,TO_DATE('1970-01-01 00:00:00','YYYY-MM-DD HH24:MI:SS'),0,2,67,2);
INSERT INTO SITE_WEEKHOURCONFIG (SITE_SITE_ID,WEEKCONFIGS_WKCONFIG_ID) VALUES (2, 463);
INSERT INTO WEEKHOURCONFIG (WKCONFIG_ID,ENDTIME,IS_CLOSED,STARTTIME,WEEKDAY,CALLCENTER_ID,DESTINATION_ID,SITE_ID) VALUES (464,TO_DATE('2100-12-31 23:59:59','YYYY-MM-DD HH24:MI:SS'),0,TO_DATE('1970-01-01 00:00:00','YYYY-MM-DD HH24:MI:SS'),1,2,67,2);
INSERT INTO SITE_WEEKHOURCONFIG (SITE_SITE_ID,WEEKCONFIGS_WKCONFIG_ID) VALUES (2, 464);
INSERT INTO WEEKHOURCONFIG (WKCONFIG_ID,ENDTIME,IS_CLOSED,STARTTIME,WEEKDAY,CALLCENTER_ID,DESTINATION_ID,SITE_ID) VALUES (465,TO_DATE('2100-12-31 23:59:59','YYYY-MM-DD HH24:MI:SS'),0,TO_DATE('1970-01-01 00:00:00','YYYY-MM-DD HH24:MI:SS'),2,2,67,2);
INSERT INTO SITE_WEEKHOURCONFIG (SITE_SITE_ID,WEEKCONFIGS_WKCONFIG_ID) VALUES (2, 465);
INSERT INTO WEEKHOURCONFIG (WKCONFIG_ID,ENDTIME,IS_CLOSED,STARTTIME,WEEKDAY,CALLCENTER_ID,DESTINATION_ID,SITE_ID) VALUES (466,TO_DATE('2100-12-31 23:59:59','YYYY-MM-DD HH24:MI:SS'),0,TO_DATE('1970-01-01 00:00:00','YYYY-MM-DD HH24:MI:SS'),3,2,67,2);
INSERT INTO SITE_WEEKHOURCONFIG (SITE_SITE_ID,WEEKCONFIGS_WKCONFIG_ID) VALUES (2, 466);
INSERT INTO WEEKHOURCONFIG (WKCONFIG_ID,ENDTIME,IS_CLOSED,STARTTIME,WEEKDAY,CALLCENTER_ID,DESTINATION_ID,SITE_ID) VALUES (467,TO_DATE('2100-12-31 23:59:59','YYYY-MM-DD HH24:MI:SS'),0,TO_DATE('1970-01-01 00:00:00','YYYY-MM-DD HH24:MI:SS'),4,2,67,2);
INSERT INTO SITE_WEEKHOURCONFIG (SITE_SITE_ID,WEEKCONFIGS_WKCONFIG_ID) VALUES (2, 467);
INSERT INTO WEEKHOURCONFIG (WKCONFIG_ID,ENDTIME,IS_CLOSED,STARTTIME,WEEKDAY,CALLCENTER_ID,DESTINATION_ID,SITE_ID) VALUES (468,TO_DATE('2100-12-31 23:59:59','YYYY-MM-DD HH24:MI:SS'),0,TO_DATE('1970-01-01 00:00:00','YYYY-MM-DD HH24:MI:SS'),5,2,67,2);
INSERT INTO SITE_WEEKHOURCONFIG (SITE_SITE_ID,WEEKCONFIGS_WKCONFIG_ID) VALUES (2, 468);
INSERT INTO WEEKHOURCONFIG (WKCONFIG_ID,ENDTIME,IS_CLOSED,STARTTIME,WEEKDAY,CALLCENTER_ID,DESTINATION_ID,SITE_ID) VALUES (469,TO_DATE('2100-12-31 23:59:59','YYYY-MM-DD HH24:MI:SS'),0,TO_DATE('1970-01-01 00:00:00','YYYY-MM-DD HH24:MI:SS'),6,2,67,2);
INSERT INTO SITE_WEEKHOURCONFIG (SITE_SITE_ID,WEEKCONFIGS_WKCONFIG_ID) VALUES (2, 469);
INSERT INTO DESTINATION (DESTINATION_ID,AUDIO_ID,DESCRIPTION,DESTINATION_NUMBER,LAST_UPDATE_TIMESTAMP,NAME,HOLIDAYSLIST_ID,SITE_ID,IS_OVERWRITE_WEEKHOURCONFIG,IS_OVERWRITE_HOLIDAYLIST) VALUES (68,'audio','27979','27979',SYSDATE,'27979',1,2,1,1);
INSERT INTO WEEKHOURCONFIG (WKCONFIG_ID,ENDTIME,IS_CLOSED,STARTTIME,WEEKDAY,CALLCENTER_ID,DESTINATION_ID,SITE_ID) VALUES (470,TO_DATE('2100-12-31 23:59:59','YYYY-MM-DD HH24:MI:SS'),0,TO_DATE('1970-01-01 00:00:00','YYYY-MM-DD HH24:MI:SS'),0,2,68,2);
INSERT INTO SITE_WEEKHOURCONFIG (SITE_SITE_ID,WEEKCONFIGS_WKCONFIG_ID) VALUES (2, 470);
INSERT INTO WEEKHOURCONFIG (WKCONFIG_ID,ENDTIME,IS_CLOSED,STARTTIME,WEEKDAY,CALLCENTER_ID,DESTINATION_ID,SITE_ID) VALUES (471,TO_DATE('2100-12-31 23:59:59','YYYY-MM-DD HH24:MI:SS'),0,TO_DATE('1970-01-01 00:00:00','YYYY-MM-DD HH24:MI:SS'),1,2,68,2);
INSERT INTO SITE_WEEKHOURCONFIG (SITE_SITE_ID,WEEKCONFIGS_WKCONFIG_ID) VALUES (2, 471);
INSERT INTO WEEKHOURCONFIG (WKCONFIG_ID,ENDTIME,IS_CLOSED,STARTTIME,WEEKDAY,CALLCENTER_ID,DESTINATION_ID,SITE_ID) VALUES (472,TO_DATE('2100-12-31 23:59:59','YYYY-MM-DD HH24:MI:SS'),0,TO_DATE('1970-01-01 00:00:00','YYYY-MM-DD HH24:MI:SS'),2,2,68,2);
INSERT INTO SITE_WEEKHOURCONFIG (SITE_SITE_ID,WEEKCONFIGS_WKCONFIG_ID) VALUES (2, 472);
INSERT INTO WEEKHOURCONFIG (WKCONFIG_ID,ENDTIME,IS_CLOSED,STARTTIME,WEEKDAY,CALLCENTER_ID,DESTINATION_ID,SITE_ID) VALUES (473,TO_DATE('2100-12-31 23:59:59','YYYY-MM-DD HH24:MI:SS'),0,TO_DATE('1970-01-01 00:00:00','YYYY-MM-DD HH24:MI:SS'),3,2,68,2);
INSERT INTO SITE_WEEKHOURCONFIG (SITE_SITE_ID,WEEKCONFIGS_WKCONFIG_ID) VALUES (2, 473);
INSERT INTO WEEKHOURCONFIG (WKCONFIG_ID,ENDTIME,IS_CLOSED,STARTTIME,WEEKDAY,CALLCENTER_ID,DESTINATION_ID,SITE_ID) VALUES (474,TO_DATE('2100-12-31 23:59:59','YYYY-MM-DD HH24:MI:SS'),0,TO_DATE('1970-01-01 00:00:00','YYYY-MM-DD HH24:MI:SS'),4,2,68,2);
INSERT INTO SITE_WEEKHOURCONFIG (SITE_SITE_ID,WEEKCONFIGS_WKCONFIG_ID) VALUES (2, 474);
INSERT INTO WEEKHOURCONFIG (WKCONFIG_ID,ENDTIME,IS_CLOSED,STARTTIME,WEEKDAY,CALLCENTER_ID,DESTINATION_ID,SITE_ID) VALUES (475,TO_DATE('2100-12-31 23:59:59','YYYY-MM-DD HH24:MI:SS'),0,TO_DATE('1970-01-01 00:00:00','YYYY-MM-DD HH24:MI:SS'),5,2,68,2);
INSERT INTO SITE_WEEKHOURCONFIG (SITE_SITE_ID,WEEKCONFIGS_WKCONFIG_ID) VALUES (2, 475);
INSERT INTO WEEKHOURCONFIG (WKCONFIG_ID,ENDTIME,IS_CLOSED,STARTTIME,WEEKDAY,CALLCENTER_ID,DESTINATION_ID,SITE_ID) VALUES (476,TO_DATE('2100-12-31 23:59:59','YYYY-MM-DD HH24:MI:SS'),0,TO_DATE('1970-01-01 00:00:00','YYYY-MM-DD HH24:MI:SS'),6,2,68,2);
INSERT INTO SITE_WEEKHOURCONFIG (SITE_SITE_ID,WEEKCONFIGS_WKCONFIG_ID) VALUES (2, 476);
INSERT INTO DESTINATION (DESTINATION_ID,AUDIO_ID,DESCRIPTION,DESTINATION_NUMBER,LAST_UPDATE_TIMESTAMP,NAME,HOLIDAYSLIST_ID,SITE_ID,IS_OVERWRITE_WEEKHOURCONFIG,IS_OVERWRITE_HOLIDAYLIST) VALUES (69,'audio','27187','27187',SYSDATE,'27187',1,2,1,1);
INSERT INTO WEEKHOURCONFIG (WKCONFIG_ID,ENDTIME,IS_CLOSED,STARTTIME,WEEKDAY,CALLCENTER_ID,DESTINATION_ID,SITE_ID) VALUES (477,TO_DATE('2100-12-31 23:59:59','YYYY-MM-DD HH24:MI:SS'),0,TO_DATE('1970-01-01 00:00:00','YYYY-MM-DD HH24:MI:SS'),0,2,69,2);
INSERT INTO SITE_WEEKHOURCONFIG (SITE_SITE_ID,WEEKCONFIGS_WKCONFIG_ID) VALUES (2, 477);
INSERT INTO WEEKHOURCONFIG (WKCONFIG_ID,ENDTIME,IS_CLOSED,STARTTIME,WEEKDAY,CALLCENTER_ID,DESTINATION_ID,SITE_ID) VALUES (478,TO_DATE('2100-12-31 23:59:59','YYYY-MM-DD HH24:MI:SS'),0,TO_DATE('1970-01-01 00:00:00','YYYY-MM-DD HH24:MI:SS'),1,2,69,2);
INSERT INTO SITE_WEEKHOURCONFIG (SITE_SITE_ID,WEEKCONFIGS_WKCONFIG_ID) VALUES (2, 478);
INSERT INTO WEEKHOURCONFIG (WKCONFIG_ID,ENDTIME,IS_CLOSED,STARTTIME,WEEKDAY,CALLCENTER_ID,DESTINATION_ID,SITE_ID) VALUES (479,TO_DATE('2100-12-31 23:59:59','YYYY-MM-DD HH24:MI:SS'),0,TO_DATE('1970-01-01 00:00:00','YYYY-MM-DD HH24:MI:SS'),2,2,69,2);
INSERT INTO SITE_WEEKHOURCONFIG (SITE_SITE_ID,WEEKCONFIGS_WKCONFIG_ID) VALUES (2, 479);
INSERT INTO WEEKHOURCONFIG (WKCONFIG_ID,ENDTIME,IS_CLOSED,STARTTIME,WEEKDAY,CALLCENTER_ID,DESTINATION_ID,SITE_ID) VALUES (480,TO_DATE('2100-12-31 23:59:59','YYYY-MM-DD HH24:MI:SS'),0,TO_DATE('1970-01-01 00:00:00','YYYY-MM-DD HH24:MI:SS'),3,2,69,2);
INSERT INTO SITE_WEEKHOURCONFIG (SITE_SITE_ID,WEEKCONFIGS_WKCONFIG_ID) VALUES (2, 480);
INSERT INTO WEEKHOURCONFIG (WKCONFIG_ID,ENDTIME,IS_CLOSED,STARTTIME,WEEKDAY,CALLCENTER_ID,DESTINATION_ID,SITE_ID) VALUES (481,TO_DATE('2100-12-31 23:59:59','YYYY-MM-DD HH24:MI:SS'),0,TO_DATE('1970-01-01 00:00:00','YYYY-MM-DD HH24:MI:SS'),4,2,69,2);
INSERT INTO SITE_WEEKHOURCONFIG (SITE_SITE_ID,WEEKCONFIGS_WKCONFIG_ID) VALUES (2, 481);
INSERT INTO WEEKHOURCONFIG (WKCONFIG_ID,ENDTIME,IS_CLOSED,STARTTIME,WEEKDAY,CALLCENTER_ID,DESTINATION_ID,SITE_ID) VALUES (482,TO_DATE('2100-12-31 23:59:59','YYYY-MM-DD HH24:MI:SS'),0,TO_DATE('1970-01-01 00:00:00','YYYY-MM-DD HH24:MI:SS'),5,2,69,2);
INSERT INTO SITE_WEEKHOURCONFIG (SITE_SITE_ID,WEEKCONFIGS_WKCONFIG_ID) VALUES (2, 482);
INSERT INTO WEEKHOURCONFIG (WKCONFIG_ID,ENDTIME,IS_CLOSED,STARTTIME,WEEKDAY,CALLCENTER_ID,DESTINATION_ID,SITE_ID) VALUES (483,TO_DATE('2100-12-31 23:59:59','YYYY-MM-DD HH24:MI:SS'),0,TO_DATE('1970-01-01 00:00:00','YYYY-MM-DD HH24:MI:SS'),6,2,69,2);
INSERT INTO SITE_WEEKHOURCONFIG (SITE_SITE_ID,WEEKCONFIGS_WKCONFIG_ID) VALUES (2, 483);
INSERT INTO DESTINATION (DESTINATION_ID,AUDIO_ID,DESCRIPTION,DESTINATION_NUMBER,LAST_UPDATE_TIMESTAMP,NAME,HOLIDAYSLIST_ID,SITE_ID,IS_OVERWRITE_WEEKHOURCONFIG,IS_OVERWRITE_HOLIDAYLIST) VALUES (70,'audio','27971','27971',SYSDATE,'27971',1,2,1,1);
INSERT INTO WEEKHOURCONFIG (WKCONFIG_ID,ENDTIME,IS_CLOSED,STARTTIME,WEEKDAY,CALLCENTER_ID,DESTINATION_ID,SITE_ID) VALUES (484,TO_DATE('2100-12-31 23:59:59','YYYY-MM-DD HH24:MI:SS'),0,TO_DATE('1970-01-01 00:00:00','YYYY-MM-DD HH24:MI:SS'),0,2,70,2);
INSERT INTO SITE_WEEKHOURCONFIG (SITE_SITE_ID,WEEKCONFIGS_WKCONFIG_ID) VALUES (2, 484);
INSERT INTO WEEKHOURCONFIG (WKCONFIG_ID,ENDTIME,IS_CLOSED,STARTTIME,WEEKDAY,CALLCENTER_ID,DESTINATION_ID,SITE_ID) VALUES (485,TO_DATE('2100-12-31 23:59:59','YYYY-MM-DD HH24:MI:SS'),0,TO_DATE('1970-01-01 00:00:00','YYYY-MM-DD HH24:MI:SS'),1,2,70,2);
INSERT INTO SITE_WEEKHOURCONFIG (SITE_SITE_ID,WEEKCONFIGS_WKCONFIG_ID) VALUES (2, 485);
INSERT INTO WEEKHOURCONFIG (WKCONFIG_ID,ENDTIME,IS_CLOSED,STARTTIME,WEEKDAY,CALLCENTER_ID,DESTINATION_ID,SITE_ID) VALUES (486,TO_DATE('2100-12-31 23:59:59','YYYY-MM-DD HH24:MI:SS'),0,TO_DATE('1970-01-01 00:00:00','YYYY-MM-DD HH24:MI:SS'),2,2,70,2);
INSERT INTO SITE_WEEKHOURCONFIG (SITE_SITE_ID,WEEKCONFIGS_WKCONFIG_ID) VALUES (2, 486);
INSERT INTO WEEKHOURCONFIG (WKCONFIG_ID,ENDTIME,IS_CLOSED,STARTTIME,WEEKDAY,CALLCENTER_ID,DESTINATION_ID,SITE_ID) VALUES (487,TO_DATE('2100-12-31 23:59:59','YYYY-MM-DD HH24:MI:SS'),0,TO_DATE('1970-01-01 00:00:00','YYYY-MM-DD HH24:MI:SS'),3,2,70,2);
INSERT INTO SITE_WEEKHOURCONFIG (SITE_SITE_ID,WEEKCONFIGS_WKCONFIG_ID) VALUES (2, 487);
INSERT INTO WEEKHOURCONFIG (WKCONFIG_ID,ENDTIME,IS_CLOSED,STARTTIME,WEEKDAY,CALLCENTER_ID,DESTINATION_ID,SITE_ID) VALUES (488,TO_DATE('2100-12-31 23:59:59','YYYY-MM-DD HH24:MI:SS'),0,TO_DATE('1970-01-01 00:00:00','YYYY-MM-DD HH24:MI:SS'),4,2,70,2);
INSERT INTO SITE_WEEKHOURCONFIG (SITE_SITE_ID,WEEKCONFIGS_WKCONFIG_ID) VALUES (2, 488);
INSERT INTO WEEKHOURCONFIG (WKCONFIG_ID,ENDTIME,IS_CLOSED,STARTTIME,WEEKDAY,CALLCENTER_ID,DESTINATION_ID,SITE_ID) VALUES (489,TO_DATE('2100-12-31 23:59:59','YYYY-MM-DD HH24:MI:SS'),0,TO_DATE('1970-01-01 00:00:00','YYYY-MM-DD HH24:MI:SS'),5,2,70,2);
INSERT INTO SITE_WEEKHOURCONFIG (SITE_SITE_ID,WEEKCONFIGS_WKCONFIG_ID) VALUES (2, 489);
INSERT INTO WEEKHOURCONFIG (WKCONFIG_ID,ENDTIME,IS_CLOSED,STARTTIME,WEEKDAY,CALLCENTER_ID,DESTINATION_ID,SITE_ID) VALUES (490,TO_DATE('2100-12-31 23:59:59','YYYY-MM-DD HH24:MI:SS'),0,TO_DATE('1970-01-01 00:00:00','YYYY-MM-DD HH24:MI:SS'),6,2,70,2);
INSERT INTO SITE_WEEKHOURCONFIG (SITE_SITE_ID,WEEKCONFIGS_WKCONFIG_ID) VALUES (2, 490);
INSERT INTO DESTINATION (DESTINATION_ID,AUDIO_ID,DESCRIPTION,DESTINATION_NUMBER,LAST_UPDATE_TIMESTAMP,NAME,HOLIDAYSLIST_ID,SITE_ID,IS_OVERWRITE_WEEKHOURCONFIG,IS_OVERWRITE_HOLIDAYLIST) VALUES (71,'audio','21353','21353',SYSDATE,'21353',1,2,1,1);
INSERT INTO WEEKHOURCONFIG (WKCONFIG_ID,ENDTIME,IS_CLOSED,STARTTIME,WEEKDAY,CALLCENTER_ID,DESTINATION_ID,SITE_ID) VALUES (491,TO_DATE('2100-12-31 23:59:59','YYYY-MM-DD HH24:MI:SS'),0,TO_DATE('1970-01-01 00:00:00','YYYY-MM-DD HH24:MI:SS'),0,2,71,2);
INSERT INTO SITE_WEEKHOURCONFIG (SITE_SITE_ID,WEEKCONFIGS_WKCONFIG_ID) VALUES (2, 491);
INSERT INTO WEEKHOURCONFIG (WKCONFIG_ID,ENDTIME,IS_CLOSED,STARTTIME,WEEKDAY,CALLCENTER_ID,DESTINATION_ID,SITE_ID) VALUES (492,TO_DATE('2100-12-31 23:59:59','YYYY-MM-DD HH24:MI:SS'),0,TO_DATE('1970-01-01 00:00:00','YYYY-MM-DD HH24:MI:SS'),1,2,71,2);
INSERT INTO SITE_WEEKHOURCONFIG (SITE_SITE_ID,WEEKCONFIGS_WKCONFIG_ID) VALUES (2, 492);
INSERT INTO WEEKHOURCONFIG (WKCONFIG_ID,ENDTIME,IS_CLOSED,STARTTIME,WEEKDAY,CALLCENTER_ID,DESTINATION_ID,SITE_ID) VALUES (493,TO_DATE('2100-12-31 23:59:59','YYYY-MM-DD HH24:MI:SS'),0,TO_DATE('1970-01-01 00:00:00','YYYY-MM-DD HH24:MI:SS'),2,2,71,2);
INSERT INTO SITE_WEEKHOURCONFIG (SITE_SITE_ID,WEEKCONFIGS_WKCONFIG_ID) VALUES (2, 493);
INSERT INTO WEEKHOURCONFIG (WKCONFIG_ID,ENDTIME,IS_CLOSED,STARTTIME,WEEKDAY,CALLCENTER_ID,DESTINATION_ID,SITE_ID) VALUES (494,TO_DATE('2100-12-31 23:59:59','YYYY-MM-DD HH24:MI:SS'),0,TO_DATE('1970-01-01 00:00:00','YYYY-MM-DD HH24:MI:SS'),3,2,71,2);
INSERT INTO SITE_WEEKHOURCONFIG (SITE_SITE_ID,WEEKCONFIGS_WKCONFIG_ID) VALUES (2, 494);
INSERT INTO WEEKHOURCONFIG (WKCONFIG_ID,ENDTIME,IS_CLOSED,STARTTIME,WEEKDAY,CALLCENTER_ID,DESTINATION_ID,SITE_ID) VALUES (495,TO_DATE('2100-12-31 23:59:59','YYYY-MM-DD HH24:MI:SS'),0,TO_DATE('1970-01-01 00:00:00','YYYY-MM-DD HH24:MI:SS'),4,2,71,2);
INSERT INTO SITE_WEEKHOURCONFIG (SITE_SITE_ID,WEEKCONFIGS_WKCONFIG_ID) VALUES (2, 495);
INSERT INTO WEEKHOURCONFIG (WKCONFIG_ID,ENDTIME,IS_CLOSED,STARTTIME,WEEKDAY,CALLCENTER_ID,DESTINATION_ID,SITE_ID) VALUES (496,TO_DATE('2100-12-31 23:59:59','YYYY-MM-DD HH24:MI:SS'),0,TO_DATE('1970-01-01 00:00:00','YYYY-MM-DD HH24:MI:SS'),5,2,71,2);
INSERT INTO SITE_WEEKHOURCONFIG (SITE_SITE_ID,WEEKCONFIGS_WKCONFIG_ID) VALUES (2, 496);
INSERT INTO WEEKHOURCONFIG (WKCONFIG_ID,ENDTIME,IS_CLOSED,STARTTIME,WEEKDAY,CALLCENTER_ID,DESTINATION_ID,SITE_ID) VALUES (497,TO_DATE('2100-12-31 23:59:59','YYYY-MM-DD HH24:MI:SS'),0,TO_DATE('1970-01-01 00:00:00','YYYY-MM-DD HH24:MI:SS'),6,2,71,2);
INSERT INTO SITE_WEEKHOURCONFIG (SITE_SITE_ID,WEEKCONFIGS_WKCONFIG_ID) VALUES (2, 497);
INSERT INTO DESTINATION (DESTINATION_ID,AUDIO_ID,DESCRIPTION,DESTINATION_NUMBER,LAST_UPDATE_TIMESTAMP,NAME,HOLIDAYSLIST_ID,SITE_ID,IS_OVERWRITE_WEEKHOURCONFIG,IS_OVERWRITE_HOLIDAYLIST) VALUES (72,'audio','27181','27181',SYSDATE,'27181',1,2,1,1);
INSERT INTO WEEKHOURCONFIG (WKCONFIG_ID,ENDTIME,IS_CLOSED,STARTTIME,WEEKDAY,CALLCENTER_ID,DESTINATION_ID,SITE_ID) VALUES (498,TO_DATE('2100-12-31 23:59:59','YYYY-MM-DD HH24:MI:SS'),0,TO_DATE('1970-01-01 00:00:00','YYYY-MM-DD HH24:MI:SS'),0,2,72,2);
INSERT INTO SITE_WEEKHOURCONFIG (SITE_SITE_ID,WEEKCONFIGS_WKCONFIG_ID) VALUES (2, 498);
INSERT INTO WEEKHOURCONFIG (WKCONFIG_ID,ENDTIME,IS_CLOSED,STARTTIME,WEEKDAY,CALLCENTER_ID,DESTINATION_ID,SITE_ID) VALUES (499,TO_DATE('2100-12-31 23:59:59','YYYY-MM-DD HH24:MI:SS'),0,TO_DATE('1970-01-01 00:00:00','YYYY-MM-DD HH24:MI:SS'),1,2,72,2);
INSERT INTO SITE_WEEKHOURCONFIG (SITE_SITE_ID,WEEKCONFIGS_WKCONFIG_ID) VALUES (2, 499);
INSERT INTO WEEKHOURCONFIG (WKCONFIG_ID,ENDTIME,IS_CLOSED,STARTTIME,WEEKDAY,CALLCENTER_ID,DESTINATION_ID,SITE_ID) VALUES (500,TO_DATE('2100-12-31 23:59:59','YYYY-MM-DD HH24:MI:SS'),0,TO_DATE('1970-01-01 00:00:00','YYYY-MM-DD HH24:MI:SS'),2,2,72,2);
INSERT INTO SITE_WEEKHOURCONFIG (SITE_SITE_ID,WEEKCONFIGS_WKCONFIG_ID) VALUES (2, 500);
INSERT INTO WEEKHOURCONFIG (WKCONFIG_ID,ENDTIME,IS_CLOSED,STARTTIME,WEEKDAY,CALLCENTER_ID,DESTINATION_ID,SITE_ID) VALUES (501,TO_DATE('2100-12-31 23:59:59','YYYY-MM-DD HH24:MI:SS'),0,TO_DATE('1970-01-01 00:00:00','YYYY-MM-DD HH24:MI:SS'),3,2,72,2);
INSERT INTO SITE_WEEKHOURCONFIG (SITE_SITE_ID,WEEKCONFIGS_WKCONFIG_ID) VALUES (2, 501);
INSERT INTO WEEKHOURCONFIG (WKCONFIG_ID,ENDTIME,IS_CLOSED,STARTTIME,WEEKDAY,CALLCENTER_ID,DESTINATION_ID,SITE_ID) VALUES (502,TO_DATE('2100-12-31 23:59:59','YYYY-MM-DD HH24:MI:SS'),0,TO_DATE('1970-01-01 00:00:00','YYYY-MM-DD HH24:MI:SS'),4,2,72,2);
INSERT INTO SITE_WEEKHOURCONFIG (SITE_SITE_ID,WEEKCONFIGS_WKCONFIG_ID) VALUES (2, 502);
INSERT INTO WEEKHOURCONFIG (WKCONFIG_ID,ENDTIME,IS_CLOSED,STARTTIME,WEEKDAY,CALLCENTER_ID,DESTINATION_ID,SITE_ID) VALUES (503,TO_DATE('2100-12-31 23:59:59','YYYY-MM-DD HH24:MI:SS'),0,TO_DATE('1970-01-01 00:00:00','YYYY-MM-DD HH24:MI:SS'),5,2,72,2);
INSERT INTO SITE_WEEKHOURCONFIG (SITE_SITE_ID,WEEKCONFIGS_WKCONFIG_ID) VALUES (2, 503);
INSERT INTO WEEKHOURCONFIG (WKCONFIG_ID,ENDTIME,IS_CLOSED,STARTTIME,WEEKDAY,CALLCENTER_ID,DESTINATION_ID,SITE_ID) VALUES (504,TO_DATE('2100-12-31 23:59:59','YYYY-MM-DD HH24:MI:SS'),0,TO_DATE('1970-01-01 00:00:00','YYYY-MM-DD HH24:MI:SS'),6,2,72,2);
INSERT INTO SITE_WEEKHOURCONFIG (SITE_SITE_ID,WEEKCONFIGS_WKCONFIG_ID) VALUES (2, 504);
INSERT INTO DESTINATION (DESTINATION_ID,AUDIO_ID,DESCRIPTION,DESTINATION_NUMBER,LAST_UPDATE_TIMESTAMP,NAME,HOLIDAYSLIST_ID,SITE_ID,IS_OVERWRITE_WEEKHOURCONFIG,IS_OVERWRITE_HOLIDAYLIST) VALUES (73,'audio','20540','20540',SYSDATE,'20540',1,2,1,1);
INSERT INTO WEEKHOURCONFIG (WKCONFIG_ID,ENDTIME,IS_CLOSED,STARTTIME,WEEKDAY,CALLCENTER_ID,DESTINATION_ID,SITE_ID) VALUES (505,TO_DATE('2100-12-31 23:59:59','YYYY-MM-DD HH24:MI:SS'),0,TO_DATE('1970-01-01 00:00:00','YYYY-MM-DD HH24:MI:SS'),0,2,73,2);
INSERT INTO SITE_WEEKHOURCONFIG (SITE_SITE_ID,WEEKCONFIGS_WKCONFIG_ID) VALUES (2, 505);
INSERT INTO WEEKHOURCONFIG (WKCONFIG_ID,ENDTIME,IS_CLOSED,STARTTIME,WEEKDAY,CALLCENTER_ID,DESTINATION_ID,SITE_ID) VALUES (506,TO_DATE('2100-12-31 23:59:59','YYYY-MM-DD HH24:MI:SS'),0,TO_DATE('1970-01-01 00:00:00','YYYY-MM-DD HH24:MI:SS'),1,2,73,2);
INSERT INTO SITE_WEEKHOURCONFIG (SITE_SITE_ID,WEEKCONFIGS_WKCONFIG_ID) VALUES (2, 506);
INSERT INTO WEEKHOURCONFIG (WKCONFIG_ID,ENDTIME,IS_CLOSED,STARTTIME,WEEKDAY,CALLCENTER_ID,DESTINATION_ID,SITE_ID) VALUES (507,TO_DATE('2100-12-31 23:59:59','YYYY-MM-DD HH24:MI:SS'),0,TO_DATE('1970-01-01 00:00:00','YYYY-MM-DD HH24:MI:SS'),2,2,73,2);
INSERT INTO SITE_WEEKHOURCONFIG (SITE_SITE_ID,WEEKCONFIGS_WKCONFIG_ID) VALUES (2, 507);
INSERT INTO WEEKHOURCONFIG (WKCONFIG_ID,ENDTIME,IS_CLOSED,STARTTIME,WEEKDAY,CALLCENTER_ID,DESTINATION_ID,SITE_ID) VALUES (508,TO_DATE('2100-12-31 23:59:59','YYYY-MM-DD HH24:MI:SS'),0,TO_DATE('1970-01-01 00:00:00','YYYY-MM-DD HH24:MI:SS'),3,2,73,2);
INSERT INTO SITE_WEEKHOURCONFIG (SITE_SITE_ID,WEEKCONFIGS_WKCONFIG_ID) VALUES (2, 508);
INSERT INTO WEEKHOURCONFIG (WKCONFIG_ID,ENDTIME,IS_CLOSED,STARTTIME,WEEKDAY,CALLCENTER_ID,DESTINATION_ID,SITE_ID) VALUES (509,TO_DATE('2100-12-31 23:59:59','YYYY-MM-DD HH24:MI:SS'),0,TO_DATE('1970-01-01 00:00:00','YYYY-MM-DD HH24:MI:SS'),4,2,73,2);
INSERT INTO SITE_WEEKHOURCONFIG (SITE_SITE_ID,WEEKCONFIGS_WKCONFIG_ID) VALUES (2, 509);
INSERT INTO WEEKHOURCONFIG (WKCONFIG_ID,ENDTIME,IS_CLOSED,STARTTIME,WEEKDAY,CALLCENTER_ID,DESTINATION_ID,SITE_ID) VALUES (510,TO_DATE('2100-12-31 23:59:59','YYYY-MM-DD HH24:MI:SS'),0,TO_DATE('1970-01-01 00:00:00','YYYY-MM-DD HH24:MI:SS'),5,2,73,2);
INSERT INTO SITE_WEEKHOURCONFIG (SITE_SITE_ID,WEEKCONFIGS_WKCONFIG_ID) VALUES (2, 510);
INSERT INTO WEEKHOURCONFIG (WKCONFIG_ID,ENDTIME,IS_CLOSED,STARTTIME,WEEKDAY,CALLCENTER_ID,DESTINATION_ID,SITE_ID) VALUES (511,TO_DATE('2100-12-31 23:59:59','YYYY-MM-DD HH24:MI:SS'),0,TO_DATE('1970-01-01 00:00:00','YYYY-MM-DD HH24:MI:SS'),6,2,73,2);
INSERT INTO SITE_WEEKHOURCONFIG (SITE_SITE_ID,WEEKCONFIGS_WKCONFIG_ID) VALUES (2, 511);
INSERT INTO DESTINATION (DESTINATION_ID,AUDIO_ID,DESCRIPTION,DESTINATION_NUMBER,LAST_UPDATE_TIMESTAMP,NAME,HOLIDAYSLIST_ID,SITE_ID,IS_OVERWRITE_WEEKHOURCONFIG,IS_OVERWRITE_HOLIDAYLIST) VALUES (74,'audio','20943','20943',SYSDATE,'20943',1,2,1,1);
INSERT INTO WEEKHOURCONFIG (WKCONFIG_ID,ENDTIME,IS_CLOSED,STARTTIME,WEEKDAY,CALLCENTER_ID,DESTINATION_ID,SITE_ID) VALUES (512,TO_DATE('2100-12-31 23:59:59','YYYY-MM-DD HH24:MI:SS'),0,TO_DATE('1970-01-01 00:00:00','YYYY-MM-DD HH24:MI:SS'),0,2,74,2);
INSERT INTO SITE_WEEKHOURCONFIG (SITE_SITE_ID,WEEKCONFIGS_WKCONFIG_ID) VALUES (2, 512);
INSERT INTO WEEKHOURCONFIG (WKCONFIG_ID,ENDTIME,IS_CLOSED,STARTTIME,WEEKDAY,CALLCENTER_ID,DESTINATION_ID,SITE_ID) VALUES (513,TO_DATE('2100-12-31 23:59:59','YYYY-MM-DD HH24:MI:SS'),0,TO_DATE('1970-01-01 00:00:00','YYYY-MM-DD HH24:MI:SS'),1,2,74,2);
INSERT INTO SITE_WEEKHOURCONFIG (SITE_SITE_ID,WEEKCONFIGS_WKCONFIG_ID) VALUES (2, 513);
INSERT INTO WEEKHOURCONFIG (WKCONFIG_ID,ENDTIME,IS_CLOSED,STARTTIME,WEEKDAY,CALLCENTER_ID,DESTINATION_ID,SITE_ID) VALUES (514,TO_DATE('2100-12-31 23:59:59','YYYY-MM-DD HH24:MI:SS'),0,TO_DATE('1970-01-01 00:00:00','YYYY-MM-DD HH24:MI:SS'),2,2,74,2);
INSERT INTO SITE_WEEKHOURCONFIG (SITE_SITE_ID,WEEKCONFIGS_WKCONFIG_ID) VALUES (2, 514);
INSERT INTO WEEKHOURCONFIG (WKCONFIG_ID,ENDTIME,IS_CLOSED,STARTTIME,WEEKDAY,CALLCENTER_ID,DESTINATION_ID,SITE_ID) VALUES (515,TO_DATE('2100-12-31 23:59:59','YYYY-MM-DD HH24:MI:SS'),0,TO_DATE('1970-01-01 00:00:00','YYYY-MM-DD HH24:MI:SS'),3,2,74,2);
INSERT INTO SITE_WEEKHOURCONFIG (SITE_SITE_ID,WEEKCONFIGS_WKCONFIG_ID) VALUES (2, 515);
INSERT INTO WEEKHOURCONFIG (WKCONFIG_ID,ENDTIME,IS_CLOSED,STARTTIME,WEEKDAY,CALLCENTER_ID,DESTINATION_ID,SITE_ID) VALUES (516,TO_DATE('2100-12-31 23:59:59','YYYY-MM-DD HH24:MI:SS'),0,TO_DATE('1970-01-01 00:00:00','YYYY-MM-DD HH24:MI:SS'),4,2,74,2);
INSERT INTO SITE_WEEKHOURCONFIG (SITE_SITE_ID,WEEKCONFIGS_WKCONFIG_ID) VALUES (2, 516);
INSERT INTO WEEKHOURCONFIG (WKCONFIG_ID,ENDTIME,IS_CLOSED,STARTTIME,WEEKDAY,CALLCENTER_ID,DESTINATION_ID,SITE_ID) VALUES (517,TO_DATE('2100-12-31 23:59:59','YYYY-MM-DD HH24:MI:SS'),0,TO_DATE('1970-01-01 00:00:00','YYYY-MM-DD HH24:MI:SS'),5,2,74,2);
INSERT INTO SITE_WEEKHOURCONFIG (SITE_SITE_ID,WEEKCONFIGS_WKCONFIG_ID) VALUES (2, 517);
INSERT INTO WEEKHOURCONFIG (WKCONFIG_ID,ENDTIME,IS_CLOSED,STARTTIME,WEEKDAY,CALLCENTER_ID,DESTINATION_ID,SITE_ID) VALUES (518,TO_DATE('2100-12-31 23:59:59','YYYY-MM-DD HH24:MI:SS'),0,TO_DATE('1970-01-01 00:00:00','YYYY-MM-DD HH24:MI:SS'),6,2,74,2);
INSERT INTO SITE_WEEKHOURCONFIG (SITE_SITE_ID,WEEKCONFIGS_WKCONFIG_ID) VALUES (2, 518);
INSERT INTO DESTINATION (DESTINATION_ID,AUDIO_ID,DESCRIPTION,DESTINATION_NUMBER,LAST_UPDATE_TIMESTAMP,NAME,HOLIDAYSLIST_ID,SITE_ID,IS_OVERWRITE_WEEKHOURCONFIG,IS_OVERWRITE_HOLIDAYLIST) VALUES (75,'audio','20942','20942',SYSDATE,'20942',1,2,1,1);
INSERT INTO WEEKHOURCONFIG (WKCONFIG_ID,ENDTIME,IS_CLOSED,STARTTIME,WEEKDAY,CALLCENTER_ID,DESTINATION_ID,SITE_ID) VALUES (519,TO_DATE('2100-12-31 23:59:59','YYYY-MM-DD HH24:MI:SS'),0,TO_DATE('1970-01-01 00:00:00','YYYY-MM-DD HH24:MI:SS'),0,2,75,2);
INSERT INTO SITE_WEEKHOURCONFIG (SITE_SITE_ID,WEEKCONFIGS_WKCONFIG_ID) VALUES (2, 519);
INSERT INTO WEEKHOURCONFIG (WKCONFIG_ID,ENDTIME,IS_CLOSED,STARTTIME,WEEKDAY,CALLCENTER_ID,DESTINATION_ID,SITE_ID) VALUES (520,TO_DATE('2100-12-31 23:59:59','YYYY-MM-DD HH24:MI:SS'),0,TO_DATE('1970-01-01 00:00:00','YYYY-MM-DD HH24:MI:SS'),1,2,75,2);
INSERT INTO SITE_WEEKHOURCONFIG (SITE_SITE_ID,WEEKCONFIGS_WKCONFIG_ID) VALUES (2, 520);
INSERT INTO WEEKHOURCONFIG (WKCONFIG_ID,ENDTIME,IS_CLOSED,STARTTIME,WEEKDAY,CALLCENTER_ID,DESTINATION_ID,SITE_ID) VALUES (521,TO_DATE('2100-12-31 23:59:59','YYYY-MM-DD HH24:MI:SS'),0,TO_DATE('1970-01-01 00:00:00','YYYY-MM-DD HH24:MI:SS'),2,2,75,2);
INSERT INTO SITE_WEEKHOURCONFIG (SITE_SITE_ID,WEEKCONFIGS_WKCONFIG_ID) VALUES (2, 521);
INSERT INTO WEEKHOURCONFIG (WKCONFIG_ID,ENDTIME,IS_CLOSED,STARTTIME,WEEKDAY,CALLCENTER_ID,DESTINATION_ID,SITE_ID) VALUES (522,TO_DATE('2100-12-31 23:59:59','YYYY-MM-DD HH24:MI:SS'),0,TO_DATE('1970-01-01 00:00:00','YYYY-MM-DD HH24:MI:SS'),3,2,75,2);
INSERT INTO SITE_WEEKHOURCONFIG (SITE_SITE_ID,WEEKCONFIGS_WKCONFIG_ID) VALUES (2, 522);
INSERT INTO WEEKHOURCONFIG (WKCONFIG_ID,ENDTIME,IS_CLOSED,STARTTIME,WEEKDAY,CALLCENTER_ID,DESTINATION_ID,SITE_ID) VALUES (523,TO_DATE('2100-12-31 23:59:59','YYYY-MM-DD HH24:MI:SS'),0,TO_DATE('1970-01-01 00:00:00','YYYY-MM-DD HH24:MI:SS'),4,2,75,2);
INSERT INTO SITE_WEEKHOURCONFIG (SITE_SITE_ID,WEEKCONFIGS_WKCONFIG_ID) VALUES (2, 523);
INSERT INTO WEEKHOURCONFIG (WKCONFIG_ID,ENDTIME,IS_CLOSED,STARTTIME,WEEKDAY,CALLCENTER_ID,DESTINATION_ID,SITE_ID) VALUES (524,TO_DATE('2100-12-31 23:59:59','YYYY-MM-DD HH24:MI:SS'),0,TO_DATE('1970-01-01 00:00:00','YYYY-MM-DD HH24:MI:SS'),5,2,75,2);
INSERT INTO SITE_WEEKHOURCONFIG (SITE_SITE_ID,WEEKCONFIGS_WKCONFIG_ID) VALUES (2, 524);
INSERT INTO WEEKHOURCONFIG (WKCONFIG_ID,ENDTIME,IS_CLOSED,STARTTIME,WEEKDAY,CALLCENTER_ID,DESTINATION_ID,SITE_ID) VALUES (525,TO_DATE('2100-12-31 23:59:59','YYYY-MM-DD HH24:MI:SS'),0,TO_DATE('1970-01-01 00:00:00','YYYY-MM-DD HH24:MI:SS'),6,2,75,2);
INSERT INTO SITE_WEEKHOURCONFIG (SITE_SITE_ID,WEEKCONFIGS_WKCONFIG_ID) VALUES (2, 525);
INSERT INTO DESTINATION (DESTINATION_ID,AUDIO_ID,DESCRIPTION,DESTINATION_NUMBER,LAST_UPDATE_TIMESTAMP,NAME,HOLIDAYSLIST_ID,SITE_ID,IS_OVERWRITE_WEEKHOURCONFIG,IS_OVERWRITE_HOLIDAYLIST) VALUES (76,'audio','20935','20935',SYSDATE,'20935',1,2,1,1);
INSERT INTO WEEKHOURCONFIG (WKCONFIG_ID,ENDTIME,IS_CLOSED,STARTTIME,WEEKDAY,CALLCENTER_ID,DESTINATION_ID,SITE_ID) VALUES (526,TO_DATE('2100-12-31 23:59:59','YYYY-MM-DD HH24:MI:SS'),0,TO_DATE('1970-01-01 00:00:00','YYYY-MM-DD HH24:MI:SS'),0,2,76,2);
INSERT INTO SITE_WEEKHOURCONFIG (SITE_SITE_ID,WEEKCONFIGS_WKCONFIG_ID) VALUES (2, 526);
INSERT INTO WEEKHOURCONFIG (WKCONFIG_ID,ENDTIME,IS_CLOSED,STARTTIME,WEEKDAY,CALLCENTER_ID,DESTINATION_ID,SITE_ID) VALUES (527,TO_DATE('2100-12-31 23:59:59','YYYY-MM-DD HH24:MI:SS'),0,TO_DATE('1970-01-01 00:00:00','YYYY-MM-DD HH24:MI:SS'),1,2,76,2);
INSERT INTO SITE_WEEKHOURCONFIG (SITE_SITE_ID,WEEKCONFIGS_WKCONFIG_ID) VALUES (2, 527);
INSERT INTO WEEKHOURCONFIG (WKCONFIG_ID,ENDTIME,IS_CLOSED,STARTTIME,WEEKDAY,CALLCENTER_ID,DESTINATION_ID,SITE_ID) VALUES (528,TO_DATE('2100-12-31 23:59:59','YYYY-MM-DD HH24:MI:SS'),0,TO_DATE('1970-01-01 00:00:00','YYYY-MM-DD HH24:MI:SS'),2,2,76,2);
INSERT INTO SITE_WEEKHOURCONFIG (SITE_SITE_ID,WEEKCONFIGS_WKCONFIG_ID) VALUES (2, 528);
INSERT INTO WEEKHOURCONFIG (WKCONFIG_ID,ENDTIME,IS_CLOSED,STARTTIME,WEEKDAY,CALLCENTER_ID,DESTINATION_ID,SITE_ID) VALUES (529,TO_DATE('2100-12-31 23:59:59','YYYY-MM-DD HH24:MI:SS'),0,TO_DATE('1970-01-01 00:00:00','YYYY-MM-DD HH24:MI:SS'),3,2,76,2);
INSERT INTO SITE_WEEKHOURCONFIG (SITE_SITE_ID,WEEKCONFIGS_WKCONFIG_ID) VALUES (2, 529);
INSERT INTO WEEKHOURCONFIG (WKCONFIG_ID,ENDTIME,IS_CLOSED,STARTTIME,WEEKDAY,CALLCENTER_ID,DESTINATION_ID,SITE_ID) VALUES (530,TO_DATE('2100-12-31 23:59:59','YYYY-MM-DD HH24:MI:SS'),0,TO_DATE('1970-01-01 00:00:00','YYYY-MM-DD HH24:MI:SS'),4,2,76,2);
INSERT INTO SITE_WEEKHOURCONFIG (SITE_SITE_ID,WEEKCONFIGS_WKCONFIG_ID) VALUES (2, 530);
INSERT INTO WEEKHOURCONFIG (WKCONFIG_ID,ENDTIME,IS_CLOSED,STARTTIME,WEEKDAY,CALLCENTER_ID,DESTINATION_ID,SITE_ID) VALUES (531,TO_DATE('2100-12-31 23:59:59','YYYY-MM-DD HH24:MI:SS'),0,TO_DATE('1970-01-01 00:00:00','YYYY-MM-DD HH24:MI:SS'),5,2,76,2);
INSERT INTO SITE_WEEKHOURCONFIG (SITE_SITE_ID,WEEKCONFIGS_WKCONFIG_ID) VALUES (2, 531);
INSERT INTO WEEKHOURCONFIG (WKCONFIG_ID,ENDTIME,IS_CLOSED,STARTTIME,WEEKDAY,CALLCENTER_ID,DESTINATION_ID,SITE_ID) VALUES (532,TO_DATE('2100-12-31 23:59:59','YYYY-MM-DD HH24:MI:SS'),0,TO_DATE('1970-01-01 00:00:00','YYYY-MM-DD HH24:MI:SS'),6,2,76,2);
INSERT INTO SITE_WEEKHOURCONFIG (SITE_SITE_ID,WEEKCONFIGS_WKCONFIG_ID) VALUES (2, 532);
INSERT INTO DESTINATION (DESTINATION_ID,AUDIO_ID,DESCRIPTION,DESTINATION_NUMBER,LAST_UPDATE_TIMESTAMP,NAME,HOLIDAYSLIST_ID,SITE_ID,IS_OVERWRITE_WEEKHOURCONFIG,IS_OVERWRITE_HOLIDAYLIST) VALUES (77,'audio','20929','20929',SYSDATE,'20929',1,2,1,1);
INSERT INTO WEEKHOURCONFIG (WKCONFIG_ID,ENDTIME,IS_CLOSED,STARTTIME,WEEKDAY,CALLCENTER_ID,DESTINATION_ID,SITE_ID) VALUES (533,TO_DATE('2100-12-31 23:59:59','YYYY-MM-DD HH24:MI:SS'),0,TO_DATE('1970-01-01 00:00:00','YYYY-MM-DD HH24:MI:SS'),0,2,77,2);
INSERT INTO SITE_WEEKHOURCONFIG (SITE_SITE_ID,WEEKCONFIGS_WKCONFIG_ID) VALUES (2, 533);
INSERT INTO WEEKHOURCONFIG (WKCONFIG_ID,ENDTIME,IS_CLOSED,STARTTIME,WEEKDAY,CALLCENTER_ID,DESTINATION_ID,SITE_ID) VALUES (534,TO_DATE('2100-12-31 23:59:59','YYYY-MM-DD HH24:MI:SS'),0,TO_DATE('1970-01-01 00:00:00','YYYY-MM-DD HH24:MI:SS'),1,2,77,2);
INSERT INTO SITE_WEEKHOURCONFIG (SITE_SITE_ID,WEEKCONFIGS_WKCONFIG_ID) VALUES (2, 534);
INSERT INTO WEEKHOURCONFIG (WKCONFIG_ID,ENDTIME,IS_CLOSED,STARTTIME,WEEKDAY,CALLCENTER_ID,DESTINATION_ID,SITE_ID) VALUES (535,TO_DATE('2100-12-31 23:59:59','YYYY-MM-DD HH24:MI:SS'),0,TO_DATE('1970-01-01 00:00:00','YYYY-MM-DD HH24:MI:SS'),2,2,77,2);
INSERT INTO SITE_WEEKHOURCONFIG (SITE_SITE_ID,WEEKCONFIGS_WKCONFIG_ID) VALUES (2, 535);
INSERT INTO WEEKHOURCONFIG (WKCONFIG_ID,ENDTIME,IS_CLOSED,STARTTIME,WEEKDAY,CALLCENTER_ID,DESTINATION_ID,SITE_ID) VALUES (536,TO_DATE('2100-12-31 23:59:59','YYYY-MM-DD HH24:MI:SS'),0,TO_DATE('1970-01-01 00:00:00','YYYY-MM-DD HH24:MI:SS'),3,2,77,2);
INSERT INTO SITE_WEEKHOURCONFIG (SITE_SITE_ID,WEEKCONFIGS_WKCONFIG_ID) VALUES (2, 536);
INSERT INTO WEEKHOURCONFIG (WKCONFIG_ID,ENDTIME,IS_CLOSED,STARTTIME,WEEKDAY,CALLCENTER_ID,DESTINATION_ID,SITE_ID) VALUES (537,TO_DATE('2100-12-31 23:59:59','YYYY-MM-DD HH24:MI:SS'),0,TO_DATE('1970-01-01 00:00:00','YYYY-MM-DD HH24:MI:SS'),4,2,77,2);
INSERT INTO SITE_WEEKHOURCONFIG (SITE_SITE_ID,WEEKCONFIGS_WKCONFIG_ID) VALUES (2, 537);
INSERT INTO WEEKHOURCONFIG (WKCONFIG_ID,ENDTIME,IS_CLOSED,STARTTIME,WEEKDAY,CALLCENTER_ID,DESTINATION_ID,SITE_ID) VALUES (538,TO_DATE('2100-12-31 23:59:59','YYYY-MM-DD HH24:MI:SS'),0,TO_DATE('1970-01-01 00:00:00','YYYY-MM-DD HH24:MI:SS'),5,2,77,2);
INSERT INTO SITE_WEEKHOURCONFIG (SITE_SITE_ID,WEEKCONFIGS_WKCONFIG_ID) VALUES (2, 538);
INSERT INTO WEEKHOURCONFIG (WKCONFIG_ID,ENDTIME,IS_CLOSED,STARTTIME,WEEKDAY,CALLCENTER_ID,DESTINATION_ID,SITE_ID) VALUES (539,TO_DATE('2100-12-31 23:59:59','YYYY-MM-DD HH24:MI:SS'),0,TO_DATE('1970-01-01 00:00:00','YYYY-MM-DD HH24:MI:SS'),6,2,77,2);
INSERT INTO SITE_WEEKHOURCONFIG (SITE_SITE_ID,WEEKCONFIGS_WKCONFIG_ID) VALUES (2, 539);
INSERT INTO DESTINATION (DESTINATION_ID,AUDIO_ID,DESCRIPTION,DESTINATION_NUMBER,LAST_UPDATE_TIMESTAMP,NAME,HOLIDAYSLIST_ID,SITE_ID,IS_OVERWRITE_WEEKHOURCONFIG,IS_OVERWRITE_HOLIDAYLIST) VALUES (78,'audio','20928','20928',SYSDATE,'20928',1,2,1,1);
INSERT INTO WEEKHOURCONFIG (WKCONFIG_ID,ENDTIME,IS_CLOSED,STARTTIME,WEEKDAY,CALLCENTER_ID,DESTINATION_ID,SITE_ID) VALUES (540,TO_DATE('2100-12-31 23:59:59','YYYY-MM-DD HH24:MI:SS'),0,TO_DATE('1970-01-01 00:00:00','YYYY-MM-DD HH24:MI:SS'),0,2,78,2);
INSERT INTO SITE_WEEKHOURCONFIG (SITE_SITE_ID,WEEKCONFIGS_WKCONFIG_ID) VALUES (2, 540);
INSERT INTO WEEKHOURCONFIG (WKCONFIG_ID,ENDTIME,IS_CLOSED,STARTTIME,WEEKDAY,CALLCENTER_ID,DESTINATION_ID,SITE_ID) VALUES (541,TO_DATE('2100-12-31 23:59:59','YYYY-MM-DD HH24:MI:SS'),0,TO_DATE('1970-01-01 00:00:00','YYYY-MM-DD HH24:MI:SS'),1,2,78,2);
INSERT INTO SITE_WEEKHOURCONFIG (SITE_SITE_ID,WEEKCONFIGS_WKCONFIG_ID) VALUES (2, 541);
INSERT INTO WEEKHOURCONFIG (WKCONFIG_ID,ENDTIME,IS_CLOSED,STARTTIME,WEEKDAY,CALLCENTER_ID,DESTINATION_ID,SITE_ID) VALUES (542,TO_DATE('2100-12-31 23:59:59','YYYY-MM-DD HH24:MI:SS'),0,TO_DATE('1970-01-01 00:00:00','YYYY-MM-DD HH24:MI:SS'),2,2,78,2);
INSERT INTO SITE_WEEKHOURCONFIG (SITE_SITE_ID,WEEKCONFIGS_WKCONFIG_ID) VALUES (2, 542);
INSERT INTO WEEKHOURCONFIG (WKCONFIG_ID,ENDTIME,IS_CLOSED,STARTTIME,WEEKDAY,CALLCENTER_ID,DESTINATION_ID,SITE_ID) VALUES (543,TO_DATE('2100-12-31 23:59:59','YYYY-MM-DD HH24:MI:SS'),0,TO_DATE('1970-01-01 00:00:00','YYYY-MM-DD HH24:MI:SS'),3,2,78,2);
INSERT INTO SITE_WEEKHOURCONFIG (SITE_SITE_ID,WEEKCONFIGS_WKCONFIG_ID) VALUES (2, 543);
INSERT INTO WEEKHOURCONFIG (WKCONFIG_ID,ENDTIME,IS_CLOSED,STARTTIME,WEEKDAY,CALLCENTER_ID,DESTINATION_ID,SITE_ID) VALUES (544,TO_DATE('2100-12-31 23:59:59','YYYY-MM-DD HH24:MI:SS'),0,TO_DATE('1970-01-01 00:00:00','YYYY-MM-DD HH24:MI:SS'),4,2,78,2);
INSERT INTO SITE_WEEKHOURCONFIG (SITE_SITE_ID,WEEKCONFIGS_WKCONFIG_ID) VALUES (2, 544);
INSERT INTO WEEKHOURCONFIG (WKCONFIG_ID,ENDTIME,IS_CLOSED,STARTTIME,WEEKDAY,CALLCENTER_ID,DESTINATION_ID,SITE_ID) VALUES (545,TO_DATE('2100-12-31 23:59:59','YYYY-MM-DD HH24:MI:SS'),0,TO_DATE('1970-01-01 00:00:00','YYYY-MM-DD HH24:MI:SS'),5,2,78,2);
INSERT INTO SITE_WEEKHOURCONFIG (SITE_SITE_ID,WEEKCONFIGS_WKCONFIG_ID) VALUES (2, 545);
INSERT INTO WEEKHOURCONFIG (WKCONFIG_ID,ENDTIME,IS_CLOSED,STARTTIME,WEEKDAY,CALLCENTER_ID,DESTINATION_ID,SITE_ID) VALUES (546,TO_DATE('2100-12-31 23:59:59','YYYY-MM-DD HH24:MI:SS'),0,TO_DATE('1970-01-01 00:00:00','YYYY-MM-DD HH24:MI:SS'),6,2,78,2);
INSERT INTO SITE_WEEKHOURCONFIG (SITE_SITE_ID,WEEKCONFIGS_WKCONFIG_ID) VALUES (2, 546);
INSERT INTO DESTINATION (DESTINATION_ID,AUDIO_ID,DESCRIPTION,DESTINATION_NUMBER,LAST_UPDATE_TIMESTAMP,NAME,HOLIDAYSLIST_ID,SITE_ID,IS_OVERWRITE_WEEKHOURCONFIG,IS_OVERWRITE_HOLIDAYLIST) VALUES (79,'audio','27968','27968',SYSDATE,'27968',1,2,1,1);
INSERT INTO WEEKHOURCONFIG (WKCONFIG_ID,ENDTIME,IS_CLOSED,STARTTIME,WEEKDAY,CALLCENTER_ID,DESTINATION_ID,SITE_ID) VALUES (547,TO_DATE('2100-12-31 23:59:59','YYYY-MM-DD HH24:MI:SS'),0,TO_DATE('1970-01-01 00:00:00','YYYY-MM-DD HH24:MI:SS'),0,2,79,2);
INSERT INTO SITE_WEEKHOURCONFIG (SITE_SITE_ID,WEEKCONFIGS_WKCONFIG_ID) VALUES (2, 547);
INSERT INTO WEEKHOURCONFIG (WKCONFIG_ID,ENDTIME,IS_CLOSED,STARTTIME,WEEKDAY,CALLCENTER_ID,DESTINATION_ID,SITE_ID) VALUES (548,TO_DATE('2100-12-31 23:59:59','YYYY-MM-DD HH24:MI:SS'),0,TO_DATE('1970-01-01 00:00:00','YYYY-MM-DD HH24:MI:SS'),1,2,79,2);
INSERT INTO SITE_WEEKHOURCONFIG (SITE_SITE_ID,WEEKCONFIGS_WKCONFIG_ID) VALUES (2, 548);
INSERT INTO WEEKHOURCONFIG (WKCONFIG_ID,ENDTIME,IS_CLOSED,STARTTIME,WEEKDAY,CALLCENTER_ID,DESTINATION_ID,SITE_ID) VALUES (549,TO_DATE('2100-12-31 23:59:59','YYYY-MM-DD HH24:MI:SS'),0,TO_DATE('1970-01-01 00:00:00','YYYY-MM-DD HH24:MI:SS'),2,2,79,2);
INSERT INTO SITE_WEEKHOURCONFIG (SITE_SITE_ID,WEEKCONFIGS_WKCONFIG_ID) VALUES (2, 549);
INSERT INTO WEEKHOURCONFIG (WKCONFIG_ID,ENDTIME,IS_CLOSED,STARTTIME,WEEKDAY,CALLCENTER_ID,DESTINATION_ID,SITE_ID) VALUES (550,TO_DATE('2100-12-31 23:59:59','YYYY-MM-DD HH24:MI:SS'),0,TO_DATE('1970-01-01 00:00:00','YYYY-MM-DD HH24:MI:SS'),3,2,79,2);
INSERT INTO SITE_WEEKHOURCONFIG (SITE_SITE_ID,WEEKCONFIGS_WKCONFIG_ID) VALUES (2, 550);
INSERT INTO WEEKHOURCONFIG (WKCONFIG_ID,ENDTIME,IS_CLOSED,STARTTIME,WEEKDAY,CALLCENTER_ID,DESTINATION_ID,SITE_ID) VALUES (551,TO_DATE('2100-12-31 23:59:59','YYYY-MM-DD HH24:MI:SS'),0,TO_DATE('1970-01-01 00:00:00','YYYY-MM-DD HH24:MI:SS'),4,2,79,2);
INSERT INTO SITE_WEEKHOURCONFIG (SITE_SITE_ID,WEEKCONFIGS_WKCONFIG_ID) VALUES (2, 551);
INSERT INTO WEEKHOURCONFIG (WKCONFIG_ID,ENDTIME,IS_CLOSED,STARTTIME,WEEKDAY,CALLCENTER_ID,DESTINATION_ID,SITE_ID) VALUES (552,TO_DATE('2100-12-31 23:59:59','YYYY-MM-DD HH24:MI:SS'),0,TO_DATE('1970-01-01 00:00:00','YYYY-MM-DD HH24:MI:SS'),5,2,79,2);
INSERT INTO SITE_WEEKHOURCONFIG (SITE_SITE_ID,WEEKCONFIGS_WKCONFIG_ID) VALUES (2, 552);
INSERT INTO WEEKHOURCONFIG (WKCONFIG_ID,ENDTIME,IS_CLOSED,STARTTIME,WEEKDAY,CALLCENTER_ID,DESTINATION_ID,SITE_ID) VALUES (553,TO_DATE('2100-12-31 23:59:59','YYYY-MM-DD HH24:MI:SS'),0,TO_DATE('1970-01-01 00:00:00','YYYY-MM-DD HH24:MI:SS'),6,2,79,2);
INSERT INTO SITE_WEEKHOURCONFIG (SITE_SITE_ID,WEEKCONFIGS_WKCONFIG_ID) VALUES (2, 553);
INSERT INTO DESTINATION (DESTINATION_ID,AUDIO_ID,DESCRIPTION,DESTINATION_NUMBER,LAST_UPDATE_TIMESTAMP,NAME,HOLIDAYSLIST_ID,SITE_ID,IS_OVERWRITE_WEEKHOURCONFIG,IS_OVERWRITE_HOLIDAYLIST) VALUES (80,'audio','27969','27969',SYSDATE,'27969',1,2,1,1);
INSERT INTO WEEKHOURCONFIG (WKCONFIG_ID,ENDTIME,IS_CLOSED,STARTTIME,WEEKDAY,CALLCENTER_ID,DESTINATION_ID,SITE_ID) VALUES (554,TO_DATE('2100-12-31 23:59:59','YYYY-MM-DD HH24:MI:SS'),0,TO_DATE('1970-01-01 00:00:00','YYYY-MM-DD HH24:MI:SS'),0,2,80,2);
INSERT INTO SITE_WEEKHOURCONFIG (SITE_SITE_ID,WEEKCONFIGS_WKCONFIG_ID) VALUES (2, 554);
INSERT INTO WEEKHOURCONFIG (WKCONFIG_ID,ENDTIME,IS_CLOSED,STARTTIME,WEEKDAY,CALLCENTER_ID,DESTINATION_ID,SITE_ID) VALUES (555,TO_DATE('2100-12-31 23:59:59','YYYY-MM-DD HH24:MI:SS'),0,TO_DATE('1970-01-01 00:00:00','YYYY-MM-DD HH24:MI:SS'),1,2,80,2);
INSERT INTO SITE_WEEKHOURCONFIG (SITE_SITE_ID,WEEKCONFIGS_WKCONFIG_ID) VALUES (2, 555);
INSERT INTO WEEKHOURCONFIG (WKCONFIG_ID,ENDTIME,IS_CLOSED,STARTTIME,WEEKDAY,CALLCENTER_ID,DESTINATION_ID,SITE_ID) VALUES (556,TO_DATE('2100-12-31 23:59:59','YYYY-MM-DD HH24:MI:SS'),0,TO_DATE('1970-01-01 00:00:00','YYYY-MM-DD HH24:MI:SS'),2,2,80,2);
INSERT INTO SITE_WEEKHOURCONFIG (SITE_SITE_ID,WEEKCONFIGS_WKCONFIG_ID) VALUES (2, 556);
INSERT INTO WEEKHOURCONFIG (WKCONFIG_ID,ENDTIME,IS_CLOSED,STARTTIME,WEEKDAY,CALLCENTER_ID,DESTINATION_ID,SITE_ID) VALUES (557,TO_DATE('2100-12-31 23:59:59','YYYY-MM-DD HH24:MI:SS'),0,TO_DATE('1970-01-01 00:00:00','YYYY-MM-DD HH24:MI:SS'),3,2,80,2);
INSERT INTO SITE_WEEKHOURCONFIG (SITE_SITE_ID,WEEKCONFIGS_WKCONFIG_ID) VALUES (2, 557);
INSERT INTO WEEKHOURCONFIG (WKCONFIG_ID,ENDTIME,IS_CLOSED,STARTTIME,WEEKDAY,CALLCENTER_ID,DESTINATION_ID,SITE_ID) VALUES (558,TO_DATE('2100-12-31 23:59:59','YYYY-MM-DD HH24:MI:SS'),0,TO_DATE('1970-01-01 00:00:00','YYYY-MM-DD HH24:MI:SS'),4,2,80,2);
INSERT INTO SITE_WEEKHOURCONFIG (SITE_SITE_ID,WEEKCONFIGS_WKCONFIG_ID) VALUES (2, 558);
INSERT INTO WEEKHOURCONFIG (WKCONFIG_ID,ENDTIME,IS_CLOSED,STARTTIME,WEEKDAY,CALLCENTER_ID,DESTINATION_ID,SITE_ID) VALUES (559,TO_DATE('2100-12-31 23:59:59','YYYY-MM-DD HH24:MI:SS'),0,TO_DATE('1970-01-01 00:00:00','YYYY-MM-DD HH24:MI:SS'),5,2,80,2);
INSERT INTO SITE_WEEKHOURCONFIG (SITE_SITE_ID,WEEKCONFIGS_WKCONFIG_ID) VALUES (2, 559);
INSERT INTO WEEKHOURCONFIG (WKCONFIG_ID,ENDTIME,IS_CLOSED,STARTTIME,WEEKDAY,CALLCENTER_ID,DESTINATION_ID,SITE_ID) VALUES (560,TO_DATE('2100-12-31 23:59:59','YYYY-MM-DD HH24:MI:SS'),0,TO_DATE('1970-01-01 00:00:00','YYYY-MM-DD HH24:MI:SS'),6,2,80,2);
INSERT INTO SITE_WEEKHOURCONFIG (SITE_SITE_ID,WEEKCONFIGS_WKCONFIG_ID) VALUES (2, 560);
INSERT INTO DESTINATION (DESTINATION_ID,AUDIO_ID,DESCRIPTION,DESTINATION_NUMBER,LAST_UPDATE_TIMESTAMP,NAME,HOLIDAYSLIST_ID,SITE_ID,IS_OVERWRITE_WEEKHOURCONFIG,IS_OVERWRITE_HOLIDAYLIST) VALUES (81,'audio','27962','27962',SYSDATE,'27962',1,2,1,1);
INSERT INTO WEEKHOURCONFIG (WKCONFIG_ID,ENDTIME,IS_CLOSED,STARTTIME,WEEKDAY,CALLCENTER_ID,DESTINATION_ID,SITE_ID) VALUES (561,TO_DATE('2100-12-31 23:59:59','YYYY-MM-DD HH24:MI:SS'),0,TO_DATE('1970-01-01 00:00:00','YYYY-MM-DD HH24:MI:SS'),0,2,81,2);
INSERT INTO SITE_WEEKHOURCONFIG (SITE_SITE_ID,WEEKCONFIGS_WKCONFIG_ID) VALUES (2, 561);
INSERT INTO WEEKHOURCONFIG (WKCONFIG_ID,ENDTIME,IS_CLOSED,STARTTIME,WEEKDAY,CALLCENTER_ID,DESTINATION_ID,SITE_ID) VALUES (562,TO_DATE('2100-12-31 23:59:59','YYYY-MM-DD HH24:MI:SS'),0,TO_DATE('1970-01-01 00:00:00','YYYY-MM-DD HH24:MI:SS'),1,2,81,2);
INSERT INTO SITE_WEEKHOURCONFIG (SITE_SITE_ID,WEEKCONFIGS_WKCONFIG_ID) VALUES (2, 562);
INSERT INTO WEEKHOURCONFIG (WKCONFIG_ID,ENDTIME,IS_CLOSED,STARTTIME,WEEKDAY,CALLCENTER_ID,DESTINATION_ID,SITE_ID) VALUES (563,TO_DATE('2100-12-31 23:59:59','YYYY-MM-DD HH24:MI:SS'),0,TO_DATE('1970-01-01 00:00:00','YYYY-MM-DD HH24:MI:SS'),2,2,81,2);
INSERT INTO SITE_WEEKHOURCONFIG (SITE_SITE_ID,WEEKCONFIGS_WKCONFIG_ID) VALUES (2, 563);
INSERT INTO WEEKHOURCONFIG (WKCONFIG_ID,ENDTIME,IS_CLOSED,STARTTIME,WEEKDAY,CALLCENTER_ID,DESTINATION_ID,SITE_ID) VALUES (564,TO_DATE('2100-12-31 23:59:59','YYYY-MM-DD HH24:MI:SS'),0,TO_DATE('1970-01-01 00:00:00','YYYY-MM-DD HH24:MI:SS'),3,2,81,2);
INSERT INTO SITE_WEEKHOURCONFIG (SITE_SITE_ID,WEEKCONFIGS_WKCONFIG_ID) VALUES (2, 564);
INSERT INTO WEEKHOURCONFIG (WKCONFIG_ID,ENDTIME,IS_CLOSED,STARTTIME,WEEKDAY,CALLCENTER_ID,DESTINATION_ID,SITE_ID) VALUES (565,TO_DATE('2100-12-31 23:59:59','YYYY-MM-DD HH24:MI:SS'),0,TO_DATE('1970-01-01 00:00:00','YYYY-MM-DD HH24:MI:SS'),4,2,81,2);
INSERT INTO SITE_WEEKHOURCONFIG (SITE_SITE_ID,WEEKCONFIGS_WKCONFIG_ID) VALUES (2, 565);
INSERT INTO WEEKHOURCONFIG (WKCONFIG_ID,ENDTIME,IS_CLOSED,STARTTIME,WEEKDAY,CALLCENTER_ID,DESTINATION_ID,SITE_ID) VALUES (566,TO_DATE('2100-12-31 23:59:59','YYYY-MM-DD HH24:MI:SS'),0,TO_DATE('1970-01-01 00:00:00','YYYY-MM-DD HH24:MI:SS'),5,2,81,2);
INSERT INTO SITE_WEEKHOURCONFIG (SITE_SITE_ID,WEEKCONFIGS_WKCONFIG_ID) VALUES (2, 566);
INSERT INTO WEEKHOURCONFIG (WKCONFIG_ID,ENDTIME,IS_CLOSED,STARTTIME,WEEKDAY,CALLCENTER_ID,DESTINATION_ID,SITE_ID) VALUES (567,TO_DATE('2100-12-31 23:59:59','YYYY-MM-DD HH24:MI:SS'),0,TO_DATE('1970-01-01 00:00:00','YYYY-MM-DD HH24:MI:SS'),6,2,81,2);
INSERT INTO SITE_WEEKHOURCONFIG (SITE_SITE_ID,WEEKCONFIGS_WKCONFIG_ID) VALUES (2, 567);
INSERT INTO DESTINATION (DESTINATION_ID,AUDIO_ID,DESCRIPTION,DESTINATION_NUMBER,LAST_UPDATE_TIMESTAMP,NAME,HOLIDAYSLIST_ID,SITE_ID,IS_OVERWRITE_WEEKHOURCONFIG,IS_OVERWRITE_HOLIDAYLIST) VALUES (82,'audio','27963','27963',SYSDATE,'27963',1,2,1,1);
INSERT INTO WEEKHOURCONFIG (WKCONFIG_ID,ENDTIME,IS_CLOSED,STARTTIME,WEEKDAY,CALLCENTER_ID,DESTINATION_ID,SITE_ID) VALUES (568,TO_DATE('2100-12-31 23:59:59','YYYY-MM-DD HH24:MI:SS'),0,TO_DATE('1970-01-01 00:00:00','YYYY-MM-DD HH24:MI:SS'),0,2,82,2);
INSERT INTO SITE_WEEKHOURCONFIG (SITE_SITE_ID,WEEKCONFIGS_WKCONFIG_ID) VALUES (2, 568);
INSERT INTO WEEKHOURCONFIG (WKCONFIG_ID,ENDTIME,IS_CLOSED,STARTTIME,WEEKDAY,CALLCENTER_ID,DESTINATION_ID,SITE_ID) VALUES (569,TO_DATE('2100-12-31 23:59:59','YYYY-MM-DD HH24:MI:SS'),0,TO_DATE('1970-01-01 00:00:00','YYYY-MM-DD HH24:MI:SS'),1,2,82,2);
INSERT INTO SITE_WEEKHOURCONFIG (SITE_SITE_ID,WEEKCONFIGS_WKCONFIG_ID) VALUES (2, 569);
INSERT INTO WEEKHOURCONFIG (WKCONFIG_ID,ENDTIME,IS_CLOSED,STARTTIME,WEEKDAY,CALLCENTER_ID,DESTINATION_ID,SITE_ID) VALUES (570,TO_DATE('2100-12-31 23:59:59','YYYY-MM-DD HH24:MI:SS'),0,TO_DATE('1970-01-01 00:00:00','YYYY-MM-DD HH24:MI:SS'),2,2,82,2);
INSERT INTO SITE_WEEKHOURCONFIG (SITE_SITE_ID,WEEKCONFIGS_WKCONFIG_ID) VALUES (2, 570);
INSERT INTO WEEKHOURCONFIG (WKCONFIG_ID,ENDTIME,IS_CLOSED,STARTTIME,WEEKDAY,CALLCENTER_ID,DESTINATION_ID,SITE_ID) VALUES (571,TO_DATE('2100-12-31 23:59:59','YYYY-MM-DD HH24:MI:SS'),0,TO_DATE('1970-01-01 00:00:00','YYYY-MM-DD HH24:MI:SS'),3,2,82,2);
INSERT INTO SITE_WEEKHOURCONFIG (SITE_SITE_ID,WEEKCONFIGS_WKCONFIG_ID) VALUES (2, 571);
INSERT INTO WEEKHOURCONFIG (WKCONFIG_ID,ENDTIME,IS_CLOSED,STARTTIME,WEEKDAY,CALLCENTER_ID,DESTINATION_ID,SITE_ID) VALUES (572,TO_DATE('2100-12-31 23:59:59','YYYY-MM-DD HH24:MI:SS'),0,TO_DATE('1970-01-01 00:00:00','YYYY-MM-DD HH24:MI:SS'),4,2,82,2);
INSERT INTO SITE_WEEKHOURCONFIG (SITE_SITE_ID,WEEKCONFIGS_WKCONFIG_ID) VALUES (2, 572);
INSERT INTO WEEKHOURCONFIG (WKCONFIG_ID,ENDTIME,IS_CLOSED,STARTTIME,WEEKDAY,CALLCENTER_ID,DESTINATION_ID,SITE_ID) VALUES (573,TO_DATE('2100-12-31 23:59:59','YYYY-MM-DD HH24:MI:SS'),0,TO_DATE('1970-01-01 00:00:00','YYYY-MM-DD HH24:MI:SS'),5,2,82,2);
INSERT INTO SITE_WEEKHOURCONFIG (SITE_SITE_ID,WEEKCONFIGS_WKCONFIG_ID) VALUES (2, 573);
INSERT INTO WEEKHOURCONFIG (WKCONFIG_ID,ENDTIME,IS_CLOSED,STARTTIME,WEEKDAY,CALLCENTER_ID,DESTINATION_ID,SITE_ID) VALUES (574,TO_DATE('2100-12-31 23:59:59','YYYY-MM-DD HH24:MI:SS'),0,TO_DATE('1970-01-01 00:00:00','YYYY-MM-DD HH24:MI:SS'),6,2,82,2);
INSERT INTO SITE_WEEKHOURCONFIG (SITE_SITE_ID,WEEKCONFIGS_WKCONFIG_ID) VALUES (2, 574);
INSERT INTO DESTINATION (DESTINATION_ID,AUDIO_ID,DESCRIPTION,DESTINATION_NUMBER,LAST_UPDATE_TIMESTAMP,NAME,HOLIDAYSLIST_ID,SITE_ID,IS_OVERWRITE_WEEKHOURCONFIG,IS_OVERWRITE_HOLIDAYLIST) VALUES (83,'audio','27960','27960',SYSDATE,'27960',1,2,1,1);
INSERT INTO WEEKHOURCONFIG (WKCONFIG_ID,ENDTIME,IS_CLOSED,STARTTIME,WEEKDAY,CALLCENTER_ID,DESTINATION_ID,SITE_ID) VALUES (575,TO_DATE('2100-12-31 23:59:59','YYYY-MM-DD HH24:MI:SS'),0,TO_DATE('1970-01-01 00:00:00','YYYY-MM-DD HH24:MI:SS'),0,2,83,2);
INSERT INTO SITE_WEEKHOURCONFIG (SITE_SITE_ID,WEEKCONFIGS_WKCONFIG_ID) VALUES (2, 575);
INSERT INTO WEEKHOURCONFIG (WKCONFIG_ID,ENDTIME,IS_CLOSED,STARTTIME,WEEKDAY,CALLCENTER_ID,DESTINATION_ID,SITE_ID) VALUES (576,TO_DATE('2100-12-31 23:59:59','YYYY-MM-DD HH24:MI:SS'),0,TO_DATE('1970-01-01 00:00:00','YYYY-MM-DD HH24:MI:SS'),1,2,83,2);
INSERT INTO SITE_WEEKHOURCONFIG (SITE_SITE_ID,WEEKCONFIGS_WKCONFIG_ID) VALUES (2, 576);
INSERT INTO WEEKHOURCONFIG (WKCONFIG_ID,ENDTIME,IS_CLOSED,STARTTIME,WEEKDAY,CALLCENTER_ID,DESTINATION_ID,SITE_ID) VALUES (577,TO_DATE('2100-12-31 23:59:59','YYYY-MM-DD HH24:MI:SS'),0,TO_DATE('1970-01-01 00:00:00','YYYY-MM-DD HH24:MI:SS'),2,2,83,2);
INSERT INTO SITE_WEEKHOURCONFIG (SITE_SITE_ID,WEEKCONFIGS_WKCONFIG_ID) VALUES (2, 577);
INSERT INTO WEEKHOURCONFIG (WKCONFIG_ID,ENDTIME,IS_CLOSED,STARTTIME,WEEKDAY,CALLCENTER_ID,DESTINATION_ID,SITE_ID) VALUES (578,TO_DATE('2100-12-31 23:59:59','YYYY-MM-DD HH24:MI:SS'),0,TO_DATE('1970-01-01 00:00:00','YYYY-MM-DD HH24:MI:SS'),3,2,83,2);
INSERT INTO SITE_WEEKHOURCONFIG (SITE_SITE_ID,WEEKCONFIGS_WKCONFIG_ID) VALUES (2, 578);
INSERT INTO WEEKHOURCONFIG (WKCONFIG_ID,ENDTIME,IS_CLOSED,STARTTIME,WEEKDAY,CALLCENTER_ID,DESTINATION_ID,SITE_ID) VALUES (579,TO_DATE('2100-12-31 23:59:59','YYYY-MM-DD HH24:MI:SS'),0,TO_DATE('1970-01-01 00:00:00','YYYY-MM-DD HH24:MI:SS'),4,2,83,2);
INSERT INTO SITE_WEEKHOURCONFIG (SITE_SITE_ID,WEEKCONFIGS_WKCONFIG_ID) VALUES (2, 579);
INSERT INTO WEEKHOURCONFIG (WKCONFIG_ID,ENDTIME,IS_CLOSED,STARTTIME,WEEKDAY,CALLCENTER_ID,DESTINATION_ID,SITE_ID) VALUES (580,TO_DATE('2100-12-31 23:59:59','YYYY-MM-DD HH24:MI:SS'),0,TO_DATE('1970-01-01 00:00:00','YYYY-MM-DD HH24:MI:SS'),5,2,83,2);
INSERT INTO SITE_WEEKHOURCONFIG (SITE_SITE_ID,WEEKCONFIGS_WKCONFIG_ID) VALUES (2, 580);
INSERT INTO WEEKHOURCONFIG (WKCONFIG_ID,ENDTIME,IS_CLOSED,STARTTIME,WEEKDAY,CALLCENTER_ID,DESTINATION_ID,SITE_ID) VALUES (581,TO_DATE('2100-12-31 23:59:59','YYYY-MM-DD HH24:MI:SS'),0,TO_DATE('1970-01-01 00:00:00','YYYY-MM-DD HH24:MI:SS'),6,2,83,2);
INSERT INTO SITE_WEEKHOURCONFIG (SITE_SITE_ID,WEEKCONFIGS_WKCONFIG_ID) VALUES (2, 581);
INSERT INTO DESTINATION (DESTINATION_ID,AUDIO_ID,DESCRIPTION,DESTINATION_NUMBER,LAST_UPDATE_TIMESTAMP,NAME,HOLIDAYSLIST_ID,SITE_ID,IS_OVERWRITE_WEEKHOURCONFIG,IS_OVERWRITE_HOLIDAYLIST) VALUES (84,'audio','27961','27961',SYSDATE,'27961',1,2,1,1);
INSERT INTO WEEKHOURCONFIG (WKCONFIG_ID,ENDTIME,IS_CLOSED,STARTTIME,WEEKDAY,CALLCENTER_ID,DESTINATION_ID,SITE_ID) VALUES (582,TO_DATE('2100-12-31 23:59:59','YYYY-MM-DD HH24:MI:SS'),0,TO_DATE('1970-01-01 00:00:00','YYYY-MM-DD HH24:MI:SS'),0,2,84,2);
INSERT INTO SITE_WEEKHOURCONFIG (SITE_SITE_ID,WEEKCONFIGS_WKCONFIG_ID) VALUES (2, 582);
INSERT INTO WEEKHOURCONFIG (WKCONFIG_ID,ENDTIME,IS_CLOSED,STARTTIME,WEEKDAY,CALLCENTER_ID,DESTINATION_ID,SITE_ID) VALUES (583,TO_DATE('2100-12-31 23:59:59','YYYY-MM-DD HH24:MI:SS'),0,TO_DATE('1970-01-01 00:00:00','YYYY-MM-DD HH24:MI:SS'),1,2,84,2);
INSERT INTO SITE_WEEKHOURCONFIG (SITE_SITE_ID,WEEKCONFIGS_WKCONFIG_ID) VALUES (2, 583);
INSERT INTO WEEKHOURCONFIG (WKCONFIG_ID,ENDTIME,IS_CLOSED,STARTTIME,WEEKDAY,CALLCENTER_ID,DESTINATION_ID,SITE_ID) VALUES (584,TO_DATE('2100-12-31 23:59:59','YYYY-MM-DD HH24:MI:SS'),0,TO_DATE('1970-01-01 00:00:00','YYYY-MM-DD HH24:MI:SS'),2,2,84,2);
INSERT INTO SITE_WEEKHOURCONFIG (SITE_SITE_ID,WEEKCONFIGS_WKCONFIG_ID) VALUES (2, 584);
INSERT INTO WEEKHOURCONFIG (WKCONFIG_ID,ENDTIME,IS_CLOSED,STARTTIME,WEEKDAY,CALLCENTER_ID,DESTINATION_ID,SITE_ID) VALUES (585,TO_DATE('2100-12-31 23:59:59','YYYY-MM-DD HH24:MI:SS'),0,TO_DATE('1970-01-01 00:00:00','YYYY-MM-DD HH24:MI:SS'),3,2,84,2);
INSERT INTO SITE_WEEKHOURCONFIG (SITE_SITE_ID,WEEKCONFIGS_WKCONFIG_ID) VALUES (2, 585);
INSERT INTO WEEKHOURCONFIG (WKCONFIG_ID,ENDTIME,IS_CLOSED,STARTTIME,WEEKDAY,CALLCENTER_ID,DESTINATION_ID,SITE_ID) VALUES (586,TO_DATE('2100-12-31 23:59:59','YYYY-MM-DD HH24:MI:SS'),0,TO_DATE('1970-01-01 00:00:00','YYYY-MM-DD HH24:MI:SS'),4,2,84,2);
INSERT INTO SITE_WEEKHOURCONFIG (SITE_SITE_ID,WEEKCONFIGS_WKCONFIG_ID) VALUES (2, 586);
INSERT INTO WEEKHOURCONFIG (WKCONFIG_ID,ENDTIME,IS_CLOSED,STARTTIME,WEEKDAY,CALLCENTER_ID,DESTINATION_ID,SITE_ID) VALUES (587,TO_DATE('2100-12-31 23:59:59','YYYY-MM-DD HH24:MI:SS'),0,TO_DATE('1970-01-01 00:00:00','YYYY-MM-DD HH24:MI:SS'),5,2,84,2);
INSERT INTO SITE_WEEKHOURCONFIG (SITE_SITE_ID,WEEKCONFIGS_WKCONFIG_ID) VALUES (2, 587);
INSERT INTO WEEKHOURCONFIG (WKCONFIG_ID,ENDTIME,IS_CLOSED,STARTTIME,WEEKDAY,CALLCENTER_ID,DESTINATION_ID,SITE_ID) VALUES (588,TO_DATE('2100-12-31 23:59:59','YYYY-MM-DD HH24:MI:SS'),0,TO_DATE('1970-01-01 00:00:00','YYYY-MM-DD HH24:MI:SS'),6,2,84,2);
INSERT INTO SITE_WEEKHOURCONFIG (SITE_SITE_ID,WEEKCONFIGS_WKCONFIG_ID) VALUES (2, 588);
INSERT INTO DESTINATION (DESTINATION_ID,AUDIO_ID,DESCRIPTION,DESTINATION_NUMBER,LAST_UPDATE_TIMESTAMP,NAME,HOLIDAYSLIST_ID,SITE_ID,IS_OVERWRITE_WEEKHOURCONFIG,IS_OVERWRITE_HOLIDAYLIST) VALUES (85,'audio','27966','27966',SYSDATE,'27966',1,2,1,1);
INSERT INTO WEEKHOURCONFIG (WKCONFIG_ID,ENDTIME,IS_CLOSED,STARTTIME,WEEKDAY,CALLCENTER_ID,DESTINATION_ID,SITE_ID) VALUES (589,TO_DATE('2100-12-31 23:59:59','YYYY-MM-DD HH24:MI:SS'),0,TO_DATE('1970-01-01 00:00:00','YYYY-MM-DD HH24:MI:SS'),0,2,85,2);
INSERT INTO SITE_WEEKHOURCONFIG (SITE_SITE_ID,WEEKCONFIGS_WKCONFIG_ID) VALUES (2, 589);
INSERT INTO WEEKHOURCONFIG (WKCONFIG_ID,ENDTIME,IS_CLOSED,STARTTIME,WEEKDAY,CALLCENTER_ID,DESTINATION_ID,SITE_ID) VALUES (590,TO_DATE('2100-12-31 23:59:59','YYYY-MM-DD HH24:MI:SS'),0,TO_DATE('1970-01-01 00:00:00','YYYY-MM-DD HH24:MI:SS'),1,2,85,2);
INSERT INTO SITE_WEEKHOURCONFIG (SITE_SITE_ID,WEEKCONFIGS_WKCONFIG_ID) VALUES (2, 590);
INSERT INTO WEEKHOURCONFIG (WKCONFIG_ID,ENDTIME,IS_CLOSED,STARTTIME,WEEKDAY,CALLCENTER_ID,DESTINATION_ID,SITE_ID) VALUES (591,TO_DATE('2100-12-31 23:59:59','YYYY-MM-DD HH24:MI:SS'),0,TO_DATE('1970-01-01 00:00:00','YYYY-MM-DD HH24:MI:SS'),2,2,85,2);
INSERT INTO SITE_WEEKHOURCONFIG (SITE_SITE_ID,WEEKCONFIGS_WKCONFIG_ID) VALUES (2, 591);
INSERT INTO WEEKHOURCONFIG (WKCONFIG_ID,ENDTIME,IS_CLOSED,STARTTIME,WEEKDAY,CALLCENTER_ID,DESTINATION_ID,SITE_ID) VALUES (592,TO_DATE('2100-12-31 23:59:59','YYYY-MM-DD HH24:MI:SS'),0,TO_DATE('1970-01-01 00:00:00','YYYY-MM-DD HH24:MI:SS'),3,2,85,2);
INSERT INTO SITE_WEEKHOURCONFIG (SITE_SITE_ID,WEEKCONFIGS_WKCONFIG_ID) VALUES (2, 592);
INSERT INTO WEEKHOURCONFIG (WKCONFIG_ID,ENDTIME,IS_CLOSED,STARTTIME,WEEKDAY,CALLCENTER_ID,DESTINATION_ID,SITE_ID) VALUES (593,TO_DATE('2100-12-31 23:59:59','YYYY-MM-DD HH24:MI:SS'),0,TO_DATE('1970-01-01 00:00:00','YYYY-MM-DD HH24:MI:SS'),4,2,85,2);
INSERT INTO SITE_WEEKHOURCONFIG (SITE_SITE_ID,WEEKCONFIGS_WKCONFIG_ID) VALUES (2, 593);
INSERT INTO WEEKHOURCONFIG (WKCONFIG_ID,ENDTIME,IS_CLOSED,STARTTIME,WEEKDAY,CALLCENTER_ID,DESTINATION_ID,SITE_ID) VALUES (594,TO_DATE('2100-12-31 23:59:59','YYYY-MM-DD HH24:MI:SS'),0,TO_DATE('1970-01-01 00:00:00','YYYY-MM-DD HH24:MI:SS'),5,2,85,2);
INSERT INTO SITE_WEEKHOURCONFIG (SITE_SITE_ID,WEEKCONFIGS_WKCONFIG_ID) VALUES (2, 594);
INSERT INTO WEEKHOURCONFIG (WKCONFIG_ID,ENDTIME,IS_CLOSED,STARTTIME,WEEKDAY,CALLCENTER_ID,DESTINATION_ID,SITE_ID) VALUES (595,TO_DATE('2100-12-31 23:59:59','YYYY-MM-DD HH24:MI:SS'),0,TO_DATE('1970-01-01 00:00:00','YYYY-MM-DD HH24:MI:SS'),6,2,85,2);
INSERT INTO SITE_WEEKHOURCONFIG (SITE_SITE_ID,WEEKCONFIGS_WKCONFIG_ID) VALUES (2, 595);
INSERT INTO DESTINATION (DESTINATION_ID,AUDIO_ID,DESCRIPTION,DESTINATION_NUMBER,LAST_UPDATE_TIMESTAMP,NAME,HOLIDAYSLIST_ID,SITE_ID,IS_OVERWRITE_WEEKHOURCONFIG,IS_OVERWRITE_HOLIDAYLIST) VALUES (86,'audio','27964','27964',SYSDATE,'27964',1,2,1,1);
INSERT INTO WEEKHOURCONFIG (WKCONFIG_ID,ENDTIME,IS_CLOSED,STARTTIME,WEEKDAY,CALLCENTER_ID,DESTINATION_ID,SITE_ID) VALUES (596,TO_DATE('2100-12-31 23:59:59','YYYY-MM-DD HH24:MI:SS'),0,TO_DATE('1970-01-01 00:00:00','YYYY-MM-DD HH24:MI:SS'),0,2,86,2);
INSERT INTO SITE_WEEKHOURCONFIG (SITE_SITE_ID,WEEKCONFIGS_WKCONFIG_ID) VALUES (2, 596);
INSERT INTO WEEKHOURCONFIG (WKCONFIG_ID,ENDTIME,IS_CLOSED,STARTTIME,WEEKDAY,CALLCENTER_ID,DESTINATION_ID,SITE_ID) VALUES (597,TO_DATE('2100-12-31 23:59:59','YYYY-MM-DD HH24:MI:SS'),0,TO_DATE('1970-01-01 00:00:00','YYYY-MM-DD HH24:MI:SS'),1,2,86,2);
INSERT INTO SITE_WEEKHOURCONFIG (SITE_SITE_ID,WEEKCONFIGS_WKCONFIG_ID) VALUES (2, 597);
INSERT INTO WEEKHOURCONFIG (WKCONFIG_ID,ENDTIME,IS_CLOSED,STARTTIME,WEEKDAY,CALLCENTER_ID,DESTINATION_ID,SITE_ID) VALUES (598,TO_DATE('2100-12-31 23:59:59','YYYY-MM-DD HH24:MI:SS'),0,TO_DATE('1970-01-01 00:00:00','YYYY-MM-DD HH24:MI:SS'),2,2,86,2);
INSERT INTO SITE_WEEKHOURCONFIG (SITE_SITE_ID,WEEKCONFIGS_WKCONFIG_ID) VALUES (2, 598);
INSERT INTO WEEKHOURCONFIG (WKCONFIG_ID,ENDTIME,IS_CLOSED,STARTTIME,WEEKDAY,CALLCENTER_ID,DESTINATION_ID,SITE_ID) VALUES (599,TO_DATE('2100-12-31 23:59:59','YYYY-MM-DD HH24:MI:SS'),0,TO_DATE('1970-01-01 00:00:00','YYYY-MM-DD HH24:MI:SS'),3,2,86,2);
INSERT INTO SITE_WEEKHOURCONFIG (SITE_SITE_ID,WEEKCONFIGS_WKCONFIG_ID) VALUES (2, 599);
INSERT INTO WEEKHOURCONFIG (WKCONFIG_ID,ENDTIME,IS_CLOSED,STARTTIME,WEEKDAY,CALLCENTER_ID,DESTINATION_ID,SITE_ID) VALUES (600,TO_DATE('2100-12-31 23:59:59','YYYY-MM-DD HH24:MI:SS'),0,TO_DATE('1970-01-01 00:00:00','YYYY-MM-DD HH24:MI:SS'),4,2,86,2);
INSERT INTO SITE_WEEKHOURCONFIG (SITE_SITE_ID,WEEKCONFIGS_WKCONFIG_ID) VALUES (2, 600);
INSERT INTO WEEKHOURCONFIG (WKCONFIG_ID,ENDTIME,IS_CLOSED,STARTTIME,WEEKDAY,CALLCENTER_ID,DESTINATION_ID,SITE_ID) VALUES (601,TO_DATE('2100-12-31 23:59:59','YYYY-MM-DD HH24:MI:SS'),0,TO_DATE('1970-01-01 00:00:00','YYYY-MM-DD HH24:MI:SS'),5,2,86,2);
INSERT INTO SITE_WEEKHOURCONFIG (SITE_SITE_ID,WEEKCONFIGS_WKCONFIG_ID) VALUES (2, 601);
INSERT INTO WEEKHOURCONFIG (WKCONFIG_ID,ENDTIME,IS_CLOSED,STARTTIME,WEEKDAY,CALLCENTER_ID,DESTINATION_ID,SITE_ID) VALUES (602,TO_DATE('2100-12-31 23:59:59','YYYY-MM-DD HH24:MI:SS'),0,TO_DATE('1970-01-01 00:00:00','YYYY-MM-DD HH24:MI:SS'),6,2,86,2);
INSERT INTO SITE_WEEKHOURCONFIG (SITE_SITE_ID,WEEKCONFIGS_WKCONFIG_ID) VALUES (2, 602);
INSERT INTO DESTINATION (DESTINATION_ID,AUDIO_ID,DESCRIPTION,DESTINATION_NUMBER,LAST_UPDATE_TIMESTAMP,NAME,HOLIDAYSLIST_ID,SITE_ID,IS_OVERWRITE_WEEKHOURCONFIG,IS_OVERWRITE_HOLIDAYLIST) VALUES (87,'audio','27965','27965',SYSDATE,'27965',1,2,1,1);
INSERT INTO WEEKHOURCONFIG (WKCONFIG_ID,ENDTIME,IS_CLOSED,STARTTIME,WEEKDAY,CALLCENTER_ID,DESTINATION_ID,SITE_ID) VALUES (603,TO_DATE('2100-12-31 23:59:59','YYYY-MM-DD HH24:MI:SS'),0,TO_DATE('1970-01-01 00:00:00','YYYY-MM-DD HH24:MI:SS'),0,2,87,2);
INSERT INTO SITE_WEEKHOURCONFIG (SITE_SITE_ID,WEEKCONFIGS_WKCONFIG_ID) VALUES (2, 603);
INSERT INTO WEEKHOURCONFIG (WKCONFIG_ID,ENDTIME,IS_CLOSED,STARTTIME,WEEKDAY,CALLCENTER_ID,DESTINATION_ID,SITE_ID) VALUES (604,TO_DATE('2100-12-31 23:59:59','YYYY-MM-DD HH24:MI:SS'),0,TO_DATE('1970-01-01 00:00:00','YYYY-MM-DD HH24:MI:SS'),1,2,87,2);
INSERT INTO SITE_WEEKHOURCONFIG (SITE_SITE_ID,WEEKCONFIGS_WKCONFIG_ID) VALUES (2, 604);
INSERT INTO WEEKHOURCONFIG (WKCONFIG_ID,ENDTIME,IS_CLOSED,STARTTIME,WEEKDAY,CALLCENTER_ID,DESTINATION_ID,SITE_ID) VALUES (605,TO_DATE('2100-12-31 23:59:59','YYYY-MM-DD HH24:MI:SS'),0,TO_DATE('1970-01-01 00:00:00','YYYY-MM-DD HH24:MI:SS'),2,2,87,2);
INSERT INTO SITE_WEEKHOURCONFIG (SITE_SITE_ID,WEEKCONFIGS_WKCONFIG_ID) VALUES (2, 605);
INSERT INTO WEEKHOURCONFIG (WKCONFIG_ID,ENDTIME,IS_CLOSED,STARTTIME,WEEKDAY,CALLCENTER_ID,DESTINATION_ID,SITE_ID) VALUES (606,TO_DATE('2100-12-31 23:59:59','YYYY-MM-DD HH24:MI:SS'),0,TO_DATE('1970-01-01 00:00:00','YYYY-MM-DD HH24:MI:SS'),3,2,87,2);
INSERT INTO SITE_WEEKHOURCONFIG (SITE_SITE_ID,WEEKCONFIGS_WKCONFIG_ID) VALUES (2, 606);
INSERT INTO WEEKHOURCONFIG (WKCONFIG_ID,ENDTIME,IS_CLOSED,STARTTIME,WEEKDAY,CALLCENTER_ID,DESTINATION_ID,SITE_ID) VALUES (607,TO_DATE('2100-12-31 23:59:59','YYYY-MM-DD HH24:MI:SS'),0,TO_DATE('1970-01-01 00:00:00','YYYY-MM-DD HH24:MI:SS'),4,2,87,2);
INSERT INTO SITE_WEEKHOURCONFIG (SITE_SITE_ID,WEEKCONFIGS_WKCONFIG_ID) VALUES (2, 607);
INSERT INTO WEEKHOURCONFIG (WKCONFIG_ID,ENDTIME,IS_CLOSED,STARTTIME,WEEKDAY,CALLCENTER_ID,DESTINATION_ID,SITE_ID) VALUES (608,TO_DATE('2100-12-31 23:59:59','YYYY-MM-DD HH24:MI:SS'),0,TO_DATE('1970-01-01 00:00:00','YYYY-MM-DD HH24:MI:SS'),5,2,87,2);
INSERT INTO SITE_WEEKHOURCONFIG (SITE_SITE_ID,WEEKCONFIGS_WKCONFIG_ID) VALUES (2, 608);
INSERT INTO WEEKHOURCONFIG (WKCONFIG_ID,ENDTIME,IS_CLOSED,STARTTIME,WEEKDAY,CALLCENTER_ID,DESTINATION_ID,SITE_ID) VALUES (609,TO_DATE('2100-12-31 23:59:59','YYYY-MM-DD HH24:MI:SS'),0,TO_DATE('1970-01-01 00:00:00','YYYY-MM-DD HH24:MI:SS'),6,2,87,2);
INSERT INTO SITE_WEEKHOURCONFIG (SITE_SITE_ID,WEEKCONFIGS_WKCONFIG_ID) VALUES (2, 609);
INSERT INTO DESTINATION (DESTINATION_ID,AUDIO_ID,DESCRIPTION,DESTINATION_NUMBER,LAST_UPDATE_TIMESTAMP,NAME,HOLIDAYSLIST_ID,SITE_ID,IS_OVERWRITE_WEEKHOURCONFIG,IS_OVERWRITE_HOLIDAYLIST) VALUES (88,'audio','27193','27193',SYSDATE,'27193',1,2,1,1);
INSERT INTO WEEKHOURCONFIG (WKCONFIG_ID,ENDTIME,IS_CLOSED,STARTTIME,WEEKDAY,CALLCENTER_ID,DESTINATION_ID,SITE_ID) VALUES (610,TO_DATE('2100-12-31 23:59:59','YYYY-MM-DD HH24:MI:SS'),0,TO_DATE('1970-01-01 00:00:00','YYYY-MM-DD HH24:MI:SS'),0,2,88,2);
INSERT INTO SITE_WEEKHOURCONFIG (SITE_SITE_ID,WEEKCONFIGS_WKCONFIG_ID) VALUES (2, 610);
INSERT INTO WEEKHOURCONFIG (WKCONFIG_ID,ENDTIME,IS_CLOSED,STARTTIME,WEEKDAY,CALLCENTER_ID,DESTINATION_ID,SITE_ID) VALUES (611,TO_DATE('2100-12-31 23:59:59','YYYY-MM-DD HH24:MI:SS'),0,TO_DATE('1970-01-01 00:00:00','YYYY-MM-DD HH24:MI:SS'),1,2,88,2);
INSERT INTO SITE_WEEKHOURCONFIG (SITE_SITE_ID,WEEKCONFIGS_WKCONFIG_ID) VALUES (2, 611);
INSERT INTO WEEKHOURCONFIG (WKCONFIG_ID,ENDTIME,IS_CLOSED,STARTTIME,WEEKDAY,CALLCENTER_ID,DESTINATION_ID,SITE_ID) VALUES (612,TO_DATE('2100-12-31 23:59:59','YYYY-MM-DD HH24:MI:SS'),0,TO_DATE('1970-01-01 00:00:00','YYYY-MM-DD HH24:MI:SS'),2,2,88,2);
INSERT INTO SITE_WEEKHOURCONFIG (SITE_SITE_ID,WEEKCONFIGS_WKCONFIG_ID) VALUES (2, 612);
INSERT INTO WEEKHOURCONFIG (WKCONFIG_ID,ENDTIME,IS_CLOSED,STARTTIME,WEEKDAY,CALLCENTER_ID,DESTINATION_ID,SITE_ID) VALUES (613,TO_DATE('2100-12-31 23:59:59','YYYY-MM-DD HH24:MI:SS'),0,TO_DATE('1970-01-01 00:00:00','YYYY-MM-DD HH24:MI:SS'),3,2,88,2);
INSERT INTO SITE_WEEKHOURCONFIG (SITE_SITE_ID,WEEKCONFIGS_WKCONFIG_ID) VALUES (2, 613);
INSERT INTO WEEKHOURCONFIG (WKCONFIG_ID,ENDTIME,IS_CLOSED,STARTTIME,WEEKDAY,CALLCENTER_ID,DESTINATION_ID,SITE_ID) VALUES (614,TO_DATE('2100-12-31 23:59:59','YYYY-MM-DD HH24:MI:SS'),0,TO_DATE('1970-01-01 00:00:00','YYYY-MM-DD HH24:MI:SS'),4,2,88,2);
INSERT INTO SITE_WEEKHOURCONFIG (SITE_SITE_ID,WEEKCONFIGS_WKCONFIG_ID) VALUES (2, 614);
INSERT INTO WEEKHOURCONFIG (WKCONFIG_ID,ENDTIME,IS_CLOSED,STARTTIME,WEEKDAY,CALLCENTER_ID,DESTINATION_ID,SITE_ID) VALUES (615,TO_DATE('2100-12-31 23:59:59','YYYY-MM-DD HH24:MI:SS'),0,TO_DATE('1970-01-01 00:00:00','YYYY-MM-DD HH24:MI:SS'),5,2,88,2);
INSERT INTO SITE_WEEKHOURCONFIG (SITE_SITE_ID,WEEKCONFIGS_WKCONFIG_ID) VALUES (2, 615);
INSERT INTO WEEKHOURCONFIG (WKCONFIG_ID,ENDTIME,IS_CLOSED,STARTTIME,WEEKDAY,CALLCENTER_ID,DESTINATION_ID,SITE_ID) VALUES (616,TO_DATE('2100-12-31 23:59:59','YYYY-MM-DD HH24:MI:SS'),0,TO_DATE('1970-01-01 00:00:00','YYYY-MM-DD HH24:MI:SS'),6,2,88,2);
INSERT INTO SITE_WEEKHOURCONFIG (SITE_SITE_ID,WEEKCONFIGS_WKCONFIG_ID) VALUES (2, 616);
INSERT INTO DESTINATION (DESTINATION_ID,AUDIO_ID,DESCRIPTION,DESTINATION_NUMBER,LAST_UPDATE_TIMESTAMP,NAME,HOLIDAYSLIST_ID,SITE_ID,IS_OVERWRITE_WEEKHOURCONFIG,IS_OVERWRITE_HOLIDAYLIST) VALUES (89,'audio','27192','27192',SYSDATE,'27192',1,2,1,1);
INSERT INTO WEEKHOURCONFIG (WKCONFIG_ID,ENDTIME,IS_CLOSED,STARTTIME,WEEKDAY,CALLCENTER_ID,DESTINATION_ID,SITE_ID) VALUES (617,TO_DATE('2100-12-31 23:59:59','YYYY-MM-DD HH24:MI:SS'),0,TO_DATE('1970-01-01 00:00:00','YYYY-MM-DD HH24:MI:SS'),0,2,89,2);
INSERT INTO SITE_WEEKHOURCONFIG (SITE_SITE_ID,WEEKCONFIGS_WKCONFIG_ID) VALUES (2, 617);
INSERT INTO WEEKHOURCONFIG (WKCONFIG_ID,ENDTIME,IS_CLOSED,STARTTIME,WEEKDAY,CALLCENTER_ID,DESTINATION_ID,SITE_ID) VALUES (618,TO_DATE('2100-12-31 23:59:59','YYYY-MM-DD HH24:MI:SS'),0,TO_DATE('1970-01-01 00:00:00','YYYY-MM-DD HH24:MI:SS'),1,2,89,2);
INSERT INTO SITE_WEEKHOURCONFIG (SITE_SITE_ID,WEEKCONFIGS_WKCONFIG_ID) VALUES (2, 618);
INSERT INTO WEEKHOURCONFIG (WKCONFIG_ID,ENDTIME,IS_CLOSED,STARTTIME,WEEKDAY,CALLCENTER_ID,DESTINATION_ID,SITE_ID) VALUES (619,TO_DATE('2100-12-31 23:59:59','YYYY-MM-DD HH24:MI:SS'),0,TO_DATE('1970-01-01 00:00:00','YYYY-MM-DD HH24:MI:SS'),2,2,89,2);
INSERT INTO SITE_WEEKHOURCONFIG (SITE_SITE_ID,WEEKCONFIGS_WKCONFIG_ID) VALUES (2, 619);
INSERT INTO WEEKHOURCONFIG (WKCONFIG_ID,ENDTIME,IS_CLOSED,STARTTIME,WEEKDAY,CALLCENTER_ID,DESTINATION_ID,SITE_ID) VALUES (620,TO_DATE('2100-12-31 23:59:59','YYYY-MM-DD HH24:MI:SS'),0,TO_DATE('1970-01-01 00:00:00','YYYY-MM-DD HH24:MI:SS'),3,2,89,2);
INSERT INTO SITE_WEEKHOURCONFIG (SITE_SITE_ID,WEEKCONFIGS_WKCONFIG_ID) VALUES (2, 620);
INSERT INTO WEEKHOURCONFIG (WKCONFIG_ID,ENDTIME,IS_CLOSED,STARTTIME,WEEKDAY,CALLCENTER_ID,DESTINATION_ID,SITE_ID) VALUES (621,TO_DATE('2100-12-31 23:59:59','YYYY-MM-DD HH24:MI:SS'),0,TO_DATE('1970-01-01 00:00:00','YYYY-MM-DD HH24:MI:SS'),4,2,89,2);
INSERT INTO SITE_WEEKHOURCONFIG (SITE_SITE_ID,WEEKCONFIGS_WKCONFIG_ID) VALUES (2, 621);
INSERT INTO WEEKHOURCONFIG (WKCONFIG_ID,ENDTIME,IS_CLOSED,STARTTIME,WEEKDAY,CALLCENTER_ID,DESTINATION_ID,SITE_ID) VALUES (622,TO_DATE('2100-12-31 23:59:59','YYYY-MM-DD HH24:MI:SS'),0,TO_DATE('1970-01-01 00:00:00','YYYY-MM-DD HH24:MI:SS'),5,2,89,2);
INSERT INTO SITE_WEEKHOURCONFIG (SITE_SITE_ID,WEEKCONFIGS_WKCONFIG_ID) VALUES (2, 622);
INSERT INTO WEEKHOURCONFIG (WKCONFIG_ID,ENDTIME,IS_CLOSED,STARTTIME,WEEKDAY,CALLCENTER_ID,DESTINATION_ID,SITE_ID) VALUES (623,TO_DATE('2100-12-31 23:59:59','YYYY-MM-DD HH24:MI:SS'),0,TO_DATE('1970-01-01 00:00:00','YYYY-MM-DD HH24:MI:SS'),6,2,89,2);
INSERT INTO SITE_WEEKHOURCONFIG (SITE_SITE_ID,WEEKCONFIGS_WKCONFIG_ID) VALUES (2, 623);
INSERT INTO DESTINATION (DESTINATION_ID,AUDIO_ID,DESCRIPTION,DESTINATION_NUMBER,LAST_UPDATE_TIMESTAMP,NAME,HOLIDAYSLIST_ID,SITE_ID,IS_OVERWRITE_WEEKHOURCONFIG,IS_OVERWRITE_HOLIDAYLIST) VALUES (90,'audio','24996','24996',SYSDATE,'24996',1,2,1,1);
INSERT INTO WEEKHOURCONFIG (WKCONFIG_ID,ENDTIME,IS_CLOSED,STARTTIME,WEEKDAY,CALLCENTER_ID,DESTINATION_ID,SITE_ID) VALUES (624,TO_DATE('2100-12-31 23:59:59','YYYY-MM-DD HH24:MI:SS'),0,TO_DATE('1970-01-01 00:00:00','YYYY-MM-DD HH24:MI:SS'),0,2,90,2);
INSERT INTO SITE_WEEKHOURCONFIG (SITE_SITE_ID,WEEKCONFIGS_WKCONFIG_ID) VALUES (2, 624);
INSERT INTO WEEKHOURCONFIG (WKCONFIG_ID,ENDTIME,IS_CLOSED,STARTTIME,WEEKDAY,CALLCENTER_ID,DESTINATION_ID,SITE_ID) VALUES (625,TO_DATE('2100-12-31 23:59:59','YYYY-MM-DD HH24:MI:SS'),0,TO_DATE('1970-01-01 00:00:00','YYYY-MM-DD HH24:MI:SS'),1,2,90,2);
INSERT INTO SITE_WEEKHOURCONFIG (SITE_SITE_ID,WEEKCONFIGS_WKCONFIG_ID) VALUES (2, 625);
INSERT INTO WEEKHOURCONFIG (WKCONFIG_ID,ENDTIME,IS_CLOSED,STARTTIME,WEEKDAY,CALLCENTER_ID,DESTINATION_ID,SITE_ID) VALUES (626,TO_DATE('2100-12-31 23:59:59','YYYY-MM-DD HH24:MI:SS'),0,TO_DATE('1970-01-01 00:00:00','YYYY-MM-DD HH24:MI:SS'),2,2,90,2);
INSERT INTO SITE_WEEKHOURCONFIG (SITE_SITE_ID,WEEKCONFIGS_WKCONFIG_ID) VALUES (2, 626);
INSERT INTO WEEKHOURCONFIG (WKCONFIG_ID,ENDTIME,IS_CLOSED,STARTTIME,WEEKDAY,CALLCENTER_ID,DESTINATION_ID,SITE_ID) VALUES (627,TO_DATE('2100-12-31 23:59:59','YYYY-MM-DD HH24:MI:SS'),0,TO_DATE('1970-01-01 00:00:00','YYYY-MM-DD HH24:MI:SS'),3,2,90,2);
INSERT INTO SITE_WEEKHOURCONFIG (SITE_SITE_ID,WEEKCONFIGS_WKCONFIG_ID) VALUES (2, 627);
INSERT INTO WEEKHOURCONFIG (WKCONFIG_ID,ENDTIME,IS_CLOSED,STARTTIME,WEEKDAY,CALLCENTER_ID,DESTINATION_ID,SITE_ID) VALUES (628,TO_DATE('2100-12-31 23:59:59','YYYY-MM-DD HH24:MI:SS'),0,TO_DATE('1970-01-01 00:00:00','YYYY-MM-DD HH24:MI:SS'),4,2,90,2);
INSERT INTO SITE_WEEKHOURCONFIG (SITE_SITE_ID,WEEKCONFIGS_WKCONFIG_ID) VALUES (2, 628);
INSERT INTO WEEKHOURCONFIG (WKCONFIG_ID,ENDTIME,IS_CLOSED,STARTTIME,WEEKDAY,CALLCENTER_ID,DESTINATION_ID,SITE_ID) VALUES (629,TO_DATE('2100-12-31 23:59:59','YYYY-MM-DD HH24:MI:SS'),0,TO_DATE('1970-01-01 00:00:00','YYYY-MM-DD HH24:MI:SS'),5,2,90,2);
INSERT INTO SITE_WEEKHOURCONFIG (SITE_SITE_ID,WEEKCONFIGS_WKCONFIG_ID) VALUES (2, 629);
INSERT INTO WEEKHOURCONFIG (WKCONFIG_ID,ENDTIME,IS_CLOSED,STARTTIME,WEEKDAY,CALLCENTER_ID,DESTINATION_ID,SITE_ID) VALUES (630,TO_DATE('2100-12-31 23:59:59','YYYY-MM-DD HH24:MI:SS'),0,TO_DATE('1970-01-01 00:00:00','YYYY-MM-DD HH24:MI:SS'),6,2,90,2);
INSERT INTO SITE_WEEKHOURCONFIG (SITE_SITE_ID,WEEKCONFIGS_WKCONFIG_ID) VALUES (2, 630);
INSERT INTO DESTINATION (DESTINATION_ID,AUDIO_ID,DESCRIPTION,DESTINATION_NUMBER,LAST_UPDATE_TIMESTAMP,NAME,HOLIDAYSLIST_ID,SITE_ID,IS_OVERWRITE_WEEKHOURCONFIG,IS_OVERWRITE_HOLIDAYLIST) VALUES (91,'audio','24997','24997',SYSDATE,'24997',1,2,1,1);
INSERT INTO WEEKHOURCONFIG (WKCONFIG_ID,ENDTIME,IS_CLOSED,STARTTIME,WEEKDAY,CALLCENTER_ID,DESTINATION_ID,SITE_ID) VALUES (631,TO_DATE('2100-12-31 23:59:59','YYYY-MM-DD HH24:MI:SS'),0,TO_DATE('1970-01-01 00:00:00','YYYY-MM-DD HH24:MI:SS'),0,2,91,2);
INSERT INTO SITE_WEEKHOURCONFIG (SITE_SITE_ID,WEEKCONFIGS_WKCONFIG_ID) VALUES (2, 631);
INSERT INTO WEEKHOURCONFIG (WKCONFIG_ID,ENDTIME,IS_CLOSED,STARTTIME,WEEKDAY,CALLCENTER_ID,DESTINATION_ID,SITE_ID) VALUES (632,TO_DATE('2100-12-31 23:59:59','YYYY-MM-DD HH24:MI:SS'),0,TO_DATE('1970-01-01 00:00:00','YYYY-MM-DD HH24:MI:SS'),1,2,91,2);
INSERT INTO SITE_WEEKHOURCONFIG (SITE_SITE_ID,WEEKCONFIGS_WKCONFIG_ID) VALUES (2, 632);
INSERT INTO WEEKHOURCONFIG (WKCONFIG_ID,ENDTIME,IS_CLOSED,STARTTIME,WEEKDAY,CALLCENTER_ID,DESTINATION_ID,SITE_ID) VALUES (633,TO_DATE('2100-12-31 23:59:59','YYYY-MM-DD HH24:MI:SS'),0,TO_DATE('1970-01-01 00:00:00','YYYY-MM-DD HH24:MI:SS'),2,2,91,2);
INSERT INTO SITE_WEEKHOURCONFIG (SITE_SITE_ID,WEEKCONFIGS_WKCONFIG_ID) VALUES (2, 633);
INSERT INTO WEEKHOURCONFIG (WKCONFIG_ID,ENDTIME,IS_CLOSED,STARTTIME,WEEKDAY,CALLCENTER_ID,DESTINATION_ID,SITE_ID) VALUES (634,TO_DATE('2100-12-31 23:59:59','YYYY-MM-DD HH24:MI:SS'),0,TO_DATE('1970-01-01 00:00:00','YYYY-MM-DD HH24:MI:SS'),3,2,91,2);
INSERT INTO SITE_WEEKHOURCONFIG (SITE_SITE_ID,WEEKCONFIGS_WKCONFIG_ID) VALUES (2, 634);
INSERT INTO WEEKHOURCONFIG (WKCONFIG_ID,ENDTIME,IS_CLOSED,STARTTIME,WEEKDAY,CALLCENTER_ID,DESTINATION_ID,SITE_ID) VALUES (635,TO_DATE('2100-12-31 23:59:59','YYYY-MM-DD HH24:MI:SS'),0,TO_DATE('1970-01-01 00:00:00','YYYY-MM-DD HH24:MI:SS'),4,2,91,2);
INSERT INTO SITE_WEEKHOURCONFIG (SITE_SITE_ID,WEEKCONFIGS_WKCONFIG_ID) VALUES (2, 635);
INSERT INTO WEEKHOURCONFIG (WKCONFIG_ID,ENDTIME,IS_CLOSED,STARTTIME,WEEKDAY,CALLCENTER_ID,DESTINATION_ID,SITE_ID) VALUES (636,TO_DATE('2100-12-31 23:59:59','YYYY-MM-DD HH24:MI:SS'),0,TO_DATE('1970-01-01 00:00:00','YYYY-MM-DD HH24:MI:SS'),5,2,91,2);
INSERT INTO SITE_WEEKHOURCONFIG (SITE_SITE_ID,WEEKCONFIGS_WKCONFIG_ID) VALUES (2, 636);
INSERT INTO WEEKHOURCONFIG (WKCONFIG_ID,ENDTIME,IS_CLOSED,STARTTIME,WEEKDAY,CALLCENTER_ID,DESTINATION_ID,SITE_ID) VALUES (637,TO_DATE('2100-12-31 23:59:59','YYYY-MM-DD HH24:MI:SS'),0,TO_DATE('1970-01-01 00:00:00','YYYY-MM-DD HH24:MI:SS'),6,2,91,2);
INSERT INTO SITE_WEEKHOURCONFIG (SITE_SITE_ID,WEEKCONFIGS_WKCONFIG_ID) VALUES (2, 637);
INSERT INTO DESTINATION (DESTINATION_ID,AUDIO_ID,DESCRIPTION,DESTINATION_NUMBER,LAST_UPDATE_TIMESTAMP,NAME,HOLIDAYSLIST_ID,SITE_ID,IS_OVERWRITE_WEEKHOURCONFIG,IS_OVERWRITE_HOLIDAYLIST) VALUES (92,'audio','24994','24994',SYSDATE,'24994',1,2,1,1);
INSERT INTO WEEKHOURCONFIG (WKCONFIG_ID,ENDTIME,IS_CLOSED,STARTTIME,WEEKDAY,CALLCENTER_ID,DESTINATION_ID,SITE_ID) VALUES (638,TO_DATE('2100-12-31 23:59:59','YYYY-MM-DD HH24:MI:SS'),0,TO_DATE('1970-01-01 00:00:00','YYYY-MM-DD HH24:MI:SS'),0,2,92,2);
INSERT INTO SITE_WEEKHOURCONFIG (SITE_SITE_ID,WEEKCONFIGS_WKCONFIG_ID) VALUES (2, 638);
INSERT INTO WEEKHOURCONFIG (WKCONFIG_ID,ENDTIME,IS_CLOSED,STARTTIME,WEEKDAY,CALLCENTER_ID,DESTINATION_ID,SITE_ID) VALUES (639,TO_DATE('2100-12-31 23:59:59','YYYY-MM-DD HH24:MI:SS'),0,TO_DATE('1970-01-01 00:00:00','YYYY-MM-DD HH24:MI:SS'),1,2,92,2);
INSERT INTO SITE_WEEKHOURCONFIG (SITE_SITE_ID,WEEKCONFIGS_WKCONFIG_ID) VALUES (2, 639);
INSERT INTO WEEKHOURCONFIG (WKCONFIG_ID,ENDTIME,IS_CLOSED,STARTTIME,WEEKDAY,CALLCENTER_ID,DESTINATION_ID,SITE_ID) VALUES (640,TO_DATE('2100-12-31 23:59:59','YYYY-MM-DD HH24:MI:SS'),0,TO_DATE('1970-01-01 00:00:00','YYYY-MM-DD HH24:MI:SS'),2,2,92,2);
INSERT INTO SITE_WEEKHOURCONFIG (SITE_SITE_ID,WEEKCONFIGS_WKCONFIG_ID) VALUES (2, 640);
INSERT INTO WEEKHOURCONFIG (WKCONFIG_ID,ENDTIME,IS_CLOSED,STARTTIME,WEEKDAY,CALLCENTER_ID,DESTINATION_ID,SITE_ID) VALUES (641,TO_DATE('2100-12-31 23:59:59','YYYY-MM-DD HH24:MI:SS'),0,TO_DATE('1970-01-01 00:00:00','YYYY-MM-DD HH24:MI:SS'),3,2,92,2);
INSERT INTO SITE_WEEKHOURCONFIG (SITE_SITE_ID,WEEKCONFIGS_WKCONFIG_ID) VALUES (2, 641);
INSERT INTO WEEKHOURCONFIG (WKCONFIG_ID,ENDTIME,IS_CLOSED,STARTTIME,WEEKDAY,CALLCENTER_ID,DESTINATION_ID,SITE_ID) VALUES (642,TO_DATE('2100-12-31 23:59:59','YYYY-MM-DD HH24:MI:SS'),0,TO_DATE('1970-01-01 00:00:00','YYYY-MM-DD HH24:MI:SS'),4,2,92,2);
INSERT INTO SITE_WEEKHOURCONFIG (SITE_SITE_ID,WEEKCONFIGS_WKCONFIG_ID) VALUES (2, 642);
INSERT INTO WEEKHOURCONFIG (WKCONFIG_ID,ENDTIME,IS_CLOSED,STARTTIME,WEEKDAY,CALLCENTER_ID,DESTINATION_ID,SITE_ID) VALUES (643,TO_DATE('2100-12-31 23:59:59','YYYY-MM-DD HH24:MI:SS'),0,TO_DATE('1970-01-01 00:00:00','YYYY-MM-DD HH24:MI:SS'),5,2,92,2);
INSERT INTO SITE_WEEKHOURCONFIG (SITE_SITE_ID,WEEKCONFIGS_WKCONFIG_ID) VALUES (2, 643);
INSERT INTO WEEKHOURCONFIG (WKCONFIG_ID,ENDTIME,IS_CLOSED,STARTTIME,WEEKDAY,CALLCENTER_ID,DESTINATION_ID,SITE_ID) VALUES (644,TO_DATE('2100-12-31 23:59:59','YYYY-MM-DD HH24:MI:SS'),0,TO_DATE('1970-01-01 00:00:00','YYYY-MM-DD HH24:MI:SS'),6,2,92,2);
INSERT INTO SITE_WEEKHOURCONFIG (SITE_SITE_ID,WEEKCONFIGS_WKCONFIG_ID) VALUES (2, 644);
INSERT INTO DESTINATION (DESTINATION_ID,AUDIO_ID,DESCRIPTION,DESTINATION_NUMBER,LAST_UPDATE_TIMESTAMP,NAME,HOLIDAYSLIST_ID,SITE_ID,IS_OVERWRITE_WEEKHOURCONFIG,IS_OVERWRITE_HOLIDAYLIST) VALUES (93,'audio','24995','24995',SYSDATE,'24995',1,2,1,1);
INSERT INTO WEEKHOURCONFIG (WKCONFIG_ID,ENDTIME,IS_CLOSED,STARTTIME,WEEKDAY,CALLCENTER_ID,DESTINATION_ID,SITE_ID) VALUES (645,TO_DATE('2100-12-31 23:59:59','YYYY-MM-DD HH24:MI:SS'),0,TO_DATE('1970-01-01 00:00:00','YYYY-MM-DD HH24:MI:SS'),0,2,93,2);
INSERT INTO SITE_WEEKHOURCONFIG (SITE_SITE_ID,WEEKCONFIGS_WKCONFIG_ID) VALUES (2, 645);
INSERT INTO WEEKHOURCONFIG (WKCONFIG_ID,ENDTIME,IS_CLOSED,STARTTIME,WEEKDAY,CALLCENTER_ID,DESTINATION_ID,SITE_ID) VALUES (646,TO_DATE('2100-12-31 23:59:59','YYYY-MM-DD HH24:MI:SS'),0,TO_DATE('1970-01-01 00:00:00','YYYY-MM-DD HH24:MI:SS'),1,2,93,2);
INSERT INTO SITE_WEEKHOURCONFIG (SITE_SITE_ID,WEEKCONFIGS_WKCONFIG_ID) VALUES (2, 646);
INSERT INTO WEEKHOURCONFIG (WKCONFIG_ID,ENDTIME,IS_CLOSED,STARTTIME,WEEKDAY,CALLCENTER_ID,DESTINATION_ID,SITE_ID) VALUES (647,TO_DATE('2100-12-31 23:59:59','YYYY-MM-DD HH24:MI:SS'),0,TO_DATE('1970-01-01 00:00:00','YYYY-MM-DD HH24:MI:SS'),2,2,93,2);
INSERT INTO SITE_WEEKHOURCONFIG (SITE_SITE_ID,WEEKCONFIGS_WKCONFIG_ID) VALUES (2, 647);
INSERT INTO WEEKHOURCONFIG (WKCONFIG_ID,ENDTIME,IS_CLOSED,STARTTIME,WEEKDAY,CALLCENTER_ID,DESTINATION_ID,SITE_ID) VALUES (648,TO_DATE('2100-12-31 23:59:59','YYYY-MM-DD HH24:MI:SS'),0,TO_DATE('1970-01-01 00:00:00','YYYY-MM-DD HH24:MI:SS'),3,2,93,2);
INSERT INTO SITE_WEEKHOURCONFIG (SITE_SITE_ID,WEEKCONFIGS_WKCONFIG_ID) VALUES (2, 648);
INSERT INTO WEEKHOURCONFIG (WKCONFIG_ID,ENDTIME,IS_CLOSED,STARTTIME,WEEKDAY,CALLCENTER_ID,DESTINATION_ID,SITE_ID) VALUES (649,TO_DATE('2100-12-31 23:59:59','YYYY-MM-DD HH24:MI:SS'),0,TO_DATE('1970-01-01 00:00:00','YYYY-MM-DD HH24:MI:SS'),4,2,93,2);
INSERT INTO SITE_WEEKHOURCONFIG (SITE_SITE_ID,WEEKCONFIGS_WKCONFIG_ID) VALUES (2, 649);
INSERT INTO WEEKHOURCONFIG (WKCONFIG_ID,ENDTIME,IS_CLOSED,STARTTIME,WEEKDAY,CALLCENTER_ID,DESTINATION_ID,SITE_ID) VALUES (650,TO_DATE('2100-12-31 23:59:59','YYYY-MM-DD HH24:MI:SS'),0,TO_DATE('1970-01-01 00:00:00','YYYY-MM-DD HH24:MI:SS'),5,2,93,2);
INSERT INTO SITE_WEEKHOURCONFIG (SITE_SITE_ID,WEEKCONFIGS_WKCONFIG_ID) VALUES (2, 650);
INSERT INTO WEEKHOURCONFIG (WKCONFIG_ID,ENDTIME,IS_CLOSED,STARTTIME,WEEKDAY,CALLCENTER_ID,DESTINATION_ID,SITE_ID) VALUES (651,TO_DATE('2100-12-31 23:59:59','YYYY-MM-DD HH24:MI:SS'),0,TO_DATE('1970-01-01 00:00:00','YYYY-MM-DD HH24:MI:SS'),6,2,93,2);
INSERT INTO SITE_WEEKHOURCONFIG (SITE_SITE_ID,WEEKCONFIGS_WKCONFIG_ID) VALUES (2, 651);
INSERT INTO DESTINATION (DESTINATION_ID,AUDIO_ID,DESCRIPTION,DESTINATION_NUMBER,LAST_UPDATE_TIMESTAMP,NAME,HOLIDAYSLIST_ID,SITE_ID,IS_OVERWRITE_WEEKHOURCONFIG,IS_OVERWRITE_HOLIDAYLIST) VALUES (94,'audio','24992','24992',SYSDATE,'24992',1,2,1,1);
INSERT INTO WEEKHOURCONFIG (WKCONFIG_ID,ENDTIME,IS_CLOSED,STARTTIME,WEEKDAY,CALLCENTER_ID,DESTINATION_ID,SITE_ID) VALUES (652,TO_DATE('2100-12-31 23:59:59','YYYY-MM-DD HH24:MI:SS'),0,TO_DATE('1970-01-01 00:00:00','YYYY-MM-DD HH24:MI:SS'),0,2,94,2);
INSERT INTO SITE_WEEKHOURCONFIG (SITE_SITE_ID,WEEKCONFIGS_WKCONFIG_ID) VALUES (2, 652);
INSERT INTO WEEKHOURCONFIG (WKCONFIG_ID,ENDTIME,IS_CLOSED,STARTTIME,WEEKDAY,CALLCENTER_ID,DESTINATION_ID,SITE_ID) VALUES (653,TO_DATE('2100-12-31 23:59:59','YYYY-MM-DD HH24:MI:SS'),0,TO_DATE('1970-01-01 00:00:00','YYYY-MM-DD HH24:MI:SS'),1,2,94,2);
INSERT INTO SITE_WEEKHOURCONFIG (SITE_SITE_ID,WEEKCONFIGS_WKCONFIG_ID) VALUES (2, 653);
INSERT INTO WEEKHOURCONFIG (WKCONFIG_ID,ENDTIME,IS_CLOSED,STARTTIME,WEEKDAY,CALLCENTER_ID,DESTINATION_ID,SITE_ID) VALUES (654,TO_DATE('2100-12-31 23:59:59','YYYY-MM-DD HH24:MI:SS'),0,TO_DATE('1970-01-01 00:00:00','YYYY-MM-DD HH24:MI:SS'),2,2,94,2);
INSERT INTO SITE_WEEKHOURCONFIG (SITE_SITE_ID,WEEKCONFIGS_WKCONFIG_ID) VALUES (2, 654);
INSERT INTO WEEKHOURCONFIG (WKCONFIG_ID,ENDTIME,IS_CLOSED,STARTTIME,WEEKDAY,CALLCENTER_ID,DESTINATION_ID,SITE_ID) VALUES (655,TO_DATE('2100-12-31 23:59:59','YYYY-MM-DD HH24:MI:SS'),0,TO_DATE('1970-01-01 00:00:00','YYYY-MM-DD HH24:MI:SS'),3,2,94,2);
INSERT INTO SITE_WEEKHOURCONFIG (SITE_SITE_ID,WEEKCONFIGS_WKCONFIG_ID) VALUES (2, 655);
INSERT INTO WEEKHOURCONFIG (WKCONFIG_ID,ENDTIME,IS_CLOSED,STARTTIME,WEEKDAY,CALLCENTER_ID,DESTINATION_ID,SITE_ID) VALUES (656,TO_DATE('2100-12-31 23:59:59','YYYY-MM-DD HH24:MI:SS'),0,TO_DATE('1970-01-01 00:00:00','YYYY-MM-DD HH24:MI:SS'),4,2,94,2);
INSERT INTO SITE_WEEKHOURCONFIG (SITE_SITE_ID,WEEKCONFIGS_WKCONFIG_ID) VALUES (2, 656);
INSERT INTO WEEKHOURCONFIG (WKCONFIG_ID,ENDTIME,IS_CLOSED,STARTTIME,WEEKDAY,CALLCENTER_ID,DESTINATION_ID,SITE_ID) VALUES (657,TO_DATE('2100-12-31 23:59:59','YYYY-MM-DD HH24:MI:SS'),0,TO_DATE('1970-01-01 00:00:00','YYYY-MM-DD HH24:MI:SS'),5,2,94,2);
INSERT INTO SITE_WEEKHOURCONFIG (SITE_SITE_ID,WEEKCONFIGS_WKCONFIG_ID) VALUES (2, 657);
INSERT INTO WEEKHOURCONFIG (WKCONFIG_ID,ENDTIME,IS_CLOSED,STARTTIME,WEEKDAY,CALLCENTER_ID,DESTINATION_ID,SITE_ID) VALUES (658,TO_DATE('2100-12-31 23:59:59','YYYY-MM-DD HH24:MI:SS'),0,TO_DATE('1970-01-01 00:00:00','YYYY-MM-DD HH24:MI:SS'),6,2,94,2);
INSERT INTO SITE_WEEKHOURCONFIG (SITE_SITE_ID,WEEKCONFIGS_WKCONFIG_ID) VALUES (2, 658);
INSERT INTO DESTINATION (DESTINATION_ID,AUDIO_ID,DESCRIPTION,DESTINATION_NUMBER,LAST_UPDATE_TIMESTAMP,NAME,HOLIDAYSLIST_ID,SITE_ID,IS_OVERWRITE_WEEKHOURCONFIG,IS_OVERWRITE_HOLIDAYLIST) VALUES (95,'audio','24993','24993',SYSDATE,'24993',1,2,1,1);
INSERT INTO WEEKHOURCONFIG (WKCONFIG_ID,ENDTIME,IS_CLOSED,STARTTIME,WEEKDAY,CALLCENTER_ID,DESTINATION_ID,SITE_ID) VALUES (659,TO_DATE('2100-12-31 23:59:59','YYYY-MM-DD HH24:MI:SS'),0,TO_DATE('1970-01-01 00:00:00','YYYY-MM-DD HH24:MI:SS'),0,2,95,2);
INSERT INTO SITE_WEEKHOURCONFIG (SITE_SITE_ID,WEEKCONFIGS_WKCONFIG_ID) VALUES (2, 659);
INSERT INTO WEEKHOURCONFIG (WKCONFIG_ID,ENDTIME,IS_CLOSED,STARTTIME,WEEKDAY,CALLCENTER_ID,DESTINATION_ID,SITE_ID) VALUES (660,TO_DATE('2100-12-31 23:59:59','YYYY-MM-DD HH24:MI:SS'),0,TO_DATE('1970-01-01 00:00:00','YYYY-MM-DD HH24:MI:SS'),1,2,95,2);
INSERT INTO SITE_WEEKHOURCONFIG (SITE_SITE_ID,WEEKCONFIGS_WKCONFIG_ID) VALUES (2, 660);
INSERT INTO WEEKHOURCONFIG (WKCONFIG_ID,ENDTIME,IS_CLOSED,STARTTIME,WEEKDAY,CALLCENTER_ID,DESTINATION_ID,SITE_ID) VALUES (661,TO_DATE('2100-12-31 23:59:59','YYYY-MM-DD HH24:MI:SS'),0,TO_DATE('1970-01-01 00:00:00','YYYY-MM-DD HH24:MI:SS'),2,2,95,2);
INSERT INTO SITE_WEEKHOURCONFIG (SITE_SITE_ID,WEEKCONFIGS_WKCONFIG_ID) VALUES (2, 661);
INSERT INTO WEEKHOURCONFIG (WKCONFIG_ID,ENDTIME,IS_CLOSED,STARTTIME,WEEKDAY,CALLCENTER_ID,DESTINATION_ID,SITE_ID) VALUES (662,TO_DATE('2100-12-31 23:59:59','YYYY-MM-DD HH24:MI:SS'),0,TO_DATE('1970-01-01 00:00:00','YYYY-MM-DD HH24:MI:SS'),3,2,95,2);
INSERT INTO SITE_WEEKHOURCONFIG (SITE_SITE_ID,WEEKCONFIGS_WKCONFIG_ID) VALUES (2, 662);
INSERT INTO WEEKHOURCONFIG (WKCONFIG_ID,ENDTIME,IS_CLOSED,STARTTIME,WEEKDAY,CALLCENTER_ID,DESTINATION_ID,SITE_ID) VALUES (663,TO_DATE('2100-12-31 23:59:59','YYYY-MM-DD HH24:MI:SS'),0,TO_DATE('1970-01-01 00:00:00','YYYY-MM-DD HH24:MI:SS'),4,2,95,2);
INSERT INTO SITE_WEEKHOURCONFIG (SITE_SITE_ID,WEEKCONFIGS_WKCONFIG_ID) VALUES (2, 663);
INSERT INTO WEEKHOURCONFIG (WKCONFIG_ID,ENDTIME,IS_CLOSED,STARTTIME,WEEKDAY,CALLCENTER_ID,DESTINATION_ID,SITE_ID) VALUES (664,TO_DATE('2100-12-31 23:59:59','YYYY-MM-DD HH24:MI:SS'),0,TO_DATE('1970-01-01 00:00:00','YYYY-MM-DD HH24:MI:SS'),5,2,95,2);
INSERT INTO SITE_WEEKHOURCONFIG (SITE_SITE_ID,WEEKCONFIGS_WKCONFIG_ID) VALUES (2, 664);
INSERT INTO WEEKHOURCONFIG (WKCONFIG_ID,ENDTIME,IS_CLOSED,STARTTIME,WEEKDAY,CALLCENTER_ID,DESTINATION_ID,SITE_ID) VALUES (665,TO_DATE('2100-12-31 23:59:59','YYYY-MM-DD HH24:MI:SS'),0,TO_DATE('1970-01-01 00:00:00','YYYY-MM-DD HH24:MI:SS'),6,2,95,2);
INSERT INTO SITE_WEEKHOURCONFIG (SITE_SITE_ID,WEEKCONFIGS_WKCONFIG_ID) VALUES (2, 665);
INSERT INTO DESTINATION (DESTINATION_ID,AUDIO_ID,DESCRIPTION,DESTINATION_NUMBER,LAST_UPDATE_TIMESTAMP,NAME,HOLIDAYSLIST_ID,SITE_ID,IS_OVERWRITE_WEEKHOURCONFIG,IS_OVERWRITE_HOLIDAYLIST) VALUES (96,'audio','24990','24990',SYSDATE,'24990',1,2,1,1);
INSERT INTO WEEKHOURCONFIG (WKCONFIG_ID,ENDTIME,IS_CLOSED,STARTTIME,WEEKDAY,CALLCENTER_ID,DESTINATION_ID,SITE_ID) VALUES (666,TO_DATE('2100-12-31 23:59:59','YYYY-MM-DD HH24:MI:SS'),0,TO_DATE('1970-01-01 00:00:00','YYYY-MM-DD HH24:MI:SS'),0,2,96,2);
INSERT INTO SITE_WEEKHOURCONFIG (SITE_SITE_ID,WEEKCONFIGS_WKCONFIG_ID) VALUES (2, 666);
INSERT INTO WEEKHOURCONFIG (WKCONFIG_ID,ENDTIME,IS_CLOSED,STARTTIME,WEEKDAY,CALLCENTER_ID,DESTINATION_ID,SITE_ID) VALUES (667,TO_DATE('2100-12-31 23:59:59','YYYY-MM-DD HH24:MI:SS'),0,TO_DATE('1970-01-01 00:00:00','YYYY-MM-DD HH24:MI:SS'),1,2,96,2);
INSERT INTO SITE_WEEKHOURCONFIG (SITE_SITE_ID,WEEKCONFIGS_WKCONFIG_ID) VALUES (2, 667);
INSERT INTO WEEKHOURCONFIG (WKCONFIG_ID,ENDTIME,IS_CLOSED,STARTTIME,WEEKDAY,CALLCENTER_ID,DESTINATION_ID,SITE_ID) VALUES (668,TO_DATE('2100-12-31 23:59:59','YYYY-MM-DD HH24:MI:SS'),0,TO_DATE('1970-01-01 00:00:00','YYYY-MM-DD HH24:MI:SS'),2,2,96,2);
INSERT INTO SITE_WEEKHOURCONFIG (SITE_SITE_ID,WEEKCONFIGS_WKCONFIG_ID) VALUES (2, 668);
INSERT INTO WEEKHOURCONFIG (WKCONFIG_ID,ENDTIME,IS_CLOSED,STARTTIME,WEEKDAY,CALLCENTER_ID,DESTINATION_ID,SITE_ID) VALUES (669,TO_DATE('2100-12-31 23:59:59','YYYY-MM-DD HH24:MI:SS'),0,TO_DATE('1970-01-01 00:00:00','YYYY-MM-DD HH24:MI:SS'),3,2,96,2);
INSERT INTO SITE_WEEKHOURCONFIG (SITE_SITE_ID,WEEKCONFIGS_WKCONFIG_ID) VALUES (2, 669);
INSERT INTO WEEKHOURCONFIG (WKCONFIG_ID,ENDTIME,IS_CLOSED,STARTTIME,WEEKDAY,CALLCENTER_ID,DESTINATION_ID,SITE_ID) VALUES (670,TO_DATE('2100-12-31 23:59:59','YYYY-MM-DD HH24:MI:SS'),0,TO_DATE('1970-01-01 00:00:00','YYYY-MM-DD HH24:MI:SS'),4,2,96,2);
INSERT INTO SITE_WEEKHOURCONFIG (SITE_SITE_ID,WEEKCONFIGS_WKCONFIG_ID) VALUES (2, 670);
INSERT INTO WEEKHOURCONFIG (WKCONFIG_ID,ENDTIME,IS_CLOSED,STARTTIME,WEEKDAY,CALLCENTER_ID,DESTINATION_ID,SITE_ID) VALUES (671,TO_DATE('2100-12-31 23:59:59','YYYY-MM-DD HH24:MI:SS'),0,TO_DATE('1970-01-01 00:00:00','YYYY-MM-DD HH24:MI:SS'),5,2,96,2);
INSERT INTO SITE_WEEKHOURCONFIG (SITE_SITE_ID,WEEKCONFIGS_WKCONFIG_ID) VALUES (2, 671);
INSERT INTO WEEKHOURCONFIG (WKCONFIG_ID,ENDTIME,IS_CLOSED,STARTTIME,WEEKDAY,CALLCENTER_ID,DESTINATION_ID,SITE_ID) VALUES (672,TO_DATE('2100-12-31 23:59:59','YYYY-MM-DD HH24:MI:SS'),0,TO_DATE('1970-01-01 00:00:00','YYYY-MM-DD HH24:MI:SS'),6,2,96,2);
INSERT INTO SITE_WEEKHOURCONFIG (SITE_SITE_ID,WEEKCONFIGS_WKCONFIG_ID) VALUES (2, 672);
INSERT INTO DESTINATION (DESTINATION_ID,AUDIO_ID,DESCRIPTION,DESTINATION_NUMBER,LAST_UPDATE_TIMESTAMP,NAME,HOLIDAYSLIST_ID,SITE_ID,IS_OVERWRITE_WEEKHOURCONFIG,IS_OVERWRITE_HOLIDAYLIST) VALUES (97,'audio','24991','24991',SYSDATE,'24991',1,2,1,1);
INSERT INTO WEEKHOURCONFIG (WKCONFIG_ID,ENDTIME,IS_CLOSED,STARTTIME,WEEKDAY,CALLCENTER_ID,DESTINATION_ID,SITE_ID) VALUES (673,TO_DATE('2100-12-31 23:59:59','YYYY-MM-DD HH24:MI:SS'),0,TO_DATE('1970-01-01 00:00:00','YYYY-MM-DD HH24:MI:SS'),0,2,97,2);
INSERT INTO SITE_WEEKHOURCONFIG (SITE_SITE_ID,WEEKCONFIGS_WKCONFIG_ID) VALUES (2, 673);
INSERT INTO WEEKHOURCONFIG (WKCONFIG_ID,ENDTIME,IS_CLOSED,STARTTIME,WEEKDAY,CALLCENTER_ID,DESTINATION_ID,SITE_ID) VALUES (674,TO_DATE('2100-12-31 23:59:59','YYYY-MM-DD HH24:MI:SS'),0,TO_DATE('1970-01-01 00:00:00','YYYY-MM-DD HH24:MI:SS'),1,2,97,2);
INSERT INTO SITE_WEEKHOURCONFIG (SITE_SITE_ID,WEEKCONFIGS_WKCONFIG_ID) VALUES (2, 674);
INSERT INTO WEEKHOURCONFIG (WKCONFIG_ID,ENDTIME,IS_CLOSED,STARTTIME,WEEKDAY,CALLCENTER_ID,DESTINATION_ID,SITE_ID) VALUES (675,TO_DATE('2100-12-31 23:59:59','YYYY-MM-DD HH24:MI:SS'),0,TO_DATE('1970-01-01 00:00:00','YYYY-MM-DD HH24:MI:SS'),2,2,97,2);
INSERT INTO SITE_WEEKHOURCONFIG (SITE_SITE_ID,WEEKCONFIGS_WKCONFIG_ID) VALUES (2, 675);
INSERT INTO WEEKHOURCONFIG (WKCONFIG_ID,ENDTIME,IS_CLOSED,STARTTIME,WEEKDAY,CALLCENTER_ID,DESTINATION_ID,SITE_ID) VALUES (676,TO_DATE('2100-12-31 23:59:59','YYYY-MM-DD HH24:MI:SS'),0,TO_DATE('1970-01-01 00:00:00','YYYY-MM-DD HH24:MI:SS'),3,2,97,2);
INSERT INTO SITE_WEEKHOURCONFIG (SITE_SITE_ID,WEEKCONFIGS_WKCONFIG_ID) VALUES (2, 676);
INSERT INTO WEEKHOURCONFIG (WKCONFIG_ID,ENDTIME,IS_CLOSED,STARTTIME,WEEKDAY,CALLCENTER_ID,DESTINATION_ID,SITE_ID) VALUES (677,TO_DATE('2100-12-31 23:59:59','YYYY-MM-DD HH24:MI:SS'),0,TO_DATE('1970-01-01 00:00:00','YYYY-MM-DD HH24:MI:SS'),4,2,97,2);
INSERT INTO SITE_WEEKHOURCONFIG (SITE_SITE_ID,WEEKCONFIGS_WKCONFIG_ID) VALUES (2, 677);
INSERT INTO WEEKHOURCONFIG (WKCONFIG_ID,ENDTIME,IS_CLOSED,STARTTIME,WEEKDAY,CALLCENTER_ID,DESTINATION_ID,SITE_ID) VALUES (678,TO_DATE('2100-12-31 23:59:59','YYYY-MM-DD HH24:MI:SS'),0,TO_DATE('1970-01-01 00:00:00','YYYY-MM-DD HH24:MI:SS'),5,2,97,2);
INSERT INTO SITE_WEEKHOURCONFIG (SITE_SITE_ID,WEEKCONFIGS_WKCONFIG_ID) VALUES (2, 678);
INSERT INTO WEEKHOURCONFIG (WKCONFIG_ID,ENDTIME,IS_CLOSED,STARTTIME,WEEKDAY,CALLCENTER_ID,DESTINATION_ID,SITE_ID) VALUES (679,TO_DATE('2100-12-31 23:59:59','YYYY-MM-DD HH24:MI:SS'),0,TO_DATE('1970-01-01 00:00:00','YYYY-MM-DD HH24:MI:SS'),6,2,97,2);
INSERT INTO SITE_WEEKHOURCONFIG (SITE_SITE_ID,WEEKCONFIGS_WKCONFIG_ID) VALUES (2, 679);
INSERT INTO DESTINATION (DESTINATION_ID,AUDIO_ID,DESCRIPTION,DESTINATION_NUMBER,LAST_UPDATE_TIMESTAMP,NAME,HOLIDAYSLIST_ID,SITE_ID,IS_OVERWRITE_WEEKHOURCONFIG,IS_OVERWRITE_HOLIDAYLIST) VALUES (98,'audio','27197','27197',SYSDATE,'27197',1,2,1,1);
INSERT INTO WEEKHOURCONFIG (WKCONFIG_ID,ENDTIME,IS_CLOSED,STARTTIME,WEEKDAY,CALLCENTER_ID,DESTINATION_ID,SITE_ID) VALUES (680,TO_DATE('2100-12-31 23:59:59','YYYY-MM-DD HH24:MI:SS'),0,TO_DATE('1970-01-01 00:00:00','YYYY-MM-DD HH24:MI:SS'),0,2,98,2);
INSERT INTO SITE_WEEKHOURCONFIG (SITE_SITE_ID,WEEKCONFIGS_WKCONFIG_ID) VALUES (2, 680);
INSERT INTO WEEKHOURCONFIG (WKCONFIG_ID,ENDTIME,IS_CLOSED,STARTTIME,WEEKDAY,CALLCENTER_ID,DESTINATION_ID,SITE_ID) VALUES (681,TO_DATE('2100-12-31 23:59:59','YYYY-MM-DD HH24:MI:SS'),0,TO_DATE('1970-01-01 00:00:00','YYYY-MM-DD HH24:MI:SS'),1,2,98,2);
INSERT INTO SITE_WEEKHOURCONFIG (SITE_SITE_ID,WEEKCONFIGS_WKCONFIG_ID) VALUES (2, 681);
INSERT INTO WEEKHOURCONFIG (WKCONFIG_ID,ENDTIME,IS_CLOSED,STARTTIME,WEEKDAY,CALLCENTER_ID,DESTINATION_ID,SITE_ID) VALUES (682,TO_DATE('2100-12-31 23:59:59','YYYY-MM-DD HH24:MI:SS'),0,TO_DATE('1970-01-01 00:00:00','YYYY-MM-DD HH24:MI:SS'),2,2,98,2);
INSERT INTO SITE_WEEKHOURCONFIG (SITE_SITE_ID,WEEKCONFIGS_WKCONFIG_ID) VALUES (2, 682);
INSERT INTO WEEKHOURCONFIG (WKCONFIG_ID,ENDTIME,IS_CLOSED,STARTTIME,WEEKDAY,CALLCENTER_ID,DESTINATION_ID,SITE_ID) VALUES (683,TO_DATE('2100-12-31 23:59:59','YYYY-MM-DD HH24:MI:SS'),0,TO_DATE('1970-01-01 00:00:00','YYYY-MM-DD HH24:MI:SS'),3,2,98,2);
INSERT INTO SITE_WEEKHOURCONFIG (SITE_SITE_ID,WEEKCONFIGS_WKCONFIG_ID) VALUES (2, 683);
INSERT INTO WEEKHOURCONFIG (WKCONFIG_ID,ENDTIME,IS_CLOSED,STARTTIME,WEEKDAY,CALLCENTER_ID,DESTINATION_ID,SITE_ID) VALUES (684,TO_DATE('2100-12-31 23:59:59','YYYY-MM-DD HH24:MI:SS'),0,TO_DATE('1970-01-01 00:00:00','YYYY-MM-DD HH24:MI:SS'),4,2,98,2);
INSERT INTO SITE_WEEKHOURCONFIG (SITE_SITE_ID,WEEKCONFIGS_WKCONFIG_ID) VALUES (2, 684);
INSERT INTO WEEKHOURCONFIG (WKCONFIG_ID,ENDTIME,IS_CLOSED,STARTTIME,WEEKDAY,CALLCENTER_ID,DESTINATION_ID,SITE_ID) VALUES (685,TO_DATE('2100-12-31 23:59:59','YYYY-MM-DD HH24:MI:SS'),0,TO_DATE('1970-01-01 00:00:00','YYYY-MM-DD HH24:MI:SS'),5,2,98,2);
INSERT INTO SITE_WEEKHOURCONFIG (SITE_SITE_ID,WEEKCONFIGS_WKCONFIG_ID) VALUES (2, 685);
INSERT INTO WEEKHOURCONFIG (WKCONFIG_ID,ENDTIME,IS_CLOSED,STARTTIME,WEEKDAY,CALLCENTER_ID,DESTINATION_ID,SITE_ID) VALUES (686,TO_DATE('2100-12-31 23:59:59','YYYY-MM-DD HH24:MI:SS'),0,TO_DATE('1970-01-01 00:00:00','YYYY-MM-DD HH24:MI:SS'),6,2,98,2);
INSERT INTO SITE_WEEKHOURCONFIG (SITE_SITE_ID,WEEKCONFIGS_WKCONFIG_ID) VALUES (2, 686);
INSERT INTO DESTINATION (DESTINATION_ID,AUDIO_ID,DESCRIPTION,DESTINATION_NUMBER,LAST_UPDATE_TIMESTAMP,NAME,HOLIDAYSLIST_ID,SITE_ID,IS_OVERWRITE_WEEKHOURCONFIG,IS_OVERWRITE_HOLIDAYLIST) VALUES (99,'audio','24998','24998',SYSDATE,'24998',1,2,1,1);
INSERT INTO WEEKHOURCONFIG (WKCONFIG_ID,ENDTIME,IS_CLOSED,STARTTIME,WEEKDAY,CALLCENTER_ID,DESTINATION_ID,SITE_ID) VALUES (687,TO_DATE('2100-12-31 23:59:59','YYYY-MM-DD HH24:MI:SS'),0,TO_DATE('1970-01-01 00:00:00','YYYY-MM-DD HH24:MI:SS'),0,2,99,2);
INSERT INTO SITE_WEEKHOURCONFIG (SITE_SITE_ID,WEEKCONFIGS_WKCONFIG_ID) VALUES (2, 687);
INSERT INTO WEEKHOURCONFIG (WKCONFIG_ID,ENDTIME,IS_CLOSED,STARTTIME,WEEKDAY,CALLCENTER_ID,DESTINATION_ID,SITE_ID) VALUES (688,TO_DATE('2100-12-31 23:59:59','YYYY-MM-DD HH24:MI:SS'),0,TO_DATE('1970-01-01 00:00:00','YYYY-MM-DD HH24:MI:SS'),1,2,99,2);
INSERT INTO SITE_WEEKHOURCONFIG (SITE_SITE_ID,WEEKCONFIGS_WKCONFIG_ID) VALUES (2, 688);
INSERT INTO WEEKHOURCONFIG (WKCONFIG_ID,ENDTIME,IS_CLOSED,STARTTIME,WEEKDAY,CALLCENTER_ID,DESTINATION_ID,SITE_ID) VALUES (689,TO_DATE('2100-12-31 23:59:59','YYYY-MM-DD HH24:MI:SS'),0,TO_DATE('1970-01-01 00:00:00','YYYY-MM-DD HH24:MI:SS'),2,2,99,2);
INSERT INTO SITE_WEEKHOURCONFIG (SITE_SITE_ID,WEEKCONFIGS_WKCONFIG_ID) VALUES (2, 689);
INSERT INTO WEEKHOURCONFIG (WKCONFIG_ID,ENDTIME,IS_CLOSED,STARTTIME,WEEKDAY,CALLCENTER_ID,DESTINATION_ID,SITE_ID) VALUES (690,TO_DATE('2100-12-31 23:59:59','YYYY-MM-DD HH24:MI:SS'),0,TO_DATE('1970-01-01 00:00:00','YYYY-MM-DD HH24:MI:SS'),3,2,99,2);
INSERT INTO SITE_WEEKHOURCONFIG (SITE_SITE_ID,WEEKCONFIGS_WKCONFIG_ID) VALUES (2, 690);
INSERT INTO WEEKHOURCONFIG (WKCONFIG_ID,ENDTIME,IS_CLOSED,STARTTIME,WEEKDAY,CALLCENTER_ID,DESTINATION_ID,SITE_ID) VALUES (691,TO_DATE('2100-12-31 23:59:59','YYYY-MM-DD HH24:MI:SS'),0,TO_DATE('1970-01-01 00:00:00','YYYY-MM-DD HH24:MI:SS'),4,2,99,2);
INSERT INTO SITE_WEEKHOURCONFIG (SITE_SITE_ID,WEEKCONFIGS_WKCONFIG_ID) VALUES (2, 691);
INSERT INTO WEEKHOURCONFIG (WKCONFIG_ID,ENDTIME,IS_CLOSED,STARTTIME,WEEKDAY,CALLCENTER_ID,DESTINATION_ID,SITE_ID) VALUES (692,TO_DATE('2100-12-31 23:59:59','YYYY-MM-DD HH24:MI:SS'),0,TO_DATE('1970-01-01 00:00:00','YYYY-MM-DD HH24:MI:SS'),5,2,99,2);
INSERT INTO SITE_WEEKHOURCONFIG (SITE_SITE_ID,WEEKCONFIGS_WKCONFIG_ID) VALUES (2, 692);
INSERT INTO WEEKHOURCONFIG (WKCONFIG_ID,ENDTIME,IS_CLOSED,STARTTIME,WEEKDAY,CALLCENTER_ID,DESTINATION_ID,SITE_ID) VALUES (693,TO_DATE('2100-12-31 23:59:59','YYYY-MM-DD HH24:MI:SS'),0,TO_DATE('1970-01-01 00:00:00','YYYY-MM-DD HH24:MI:SS'),6,2,99,2);
INSERT INTO SITE_WEEKHOURCONFIG (SITE_SITE_ID,WEEKCONFIGS_WKCONFIG_ID) VALUES (2, 693);
INSERT INTO DESTINATION (DESTINATION_ID,AUDIO_ID,DESCRIPTION,DESTINATION_NUMBER,LAST_UPDATE_TIMESTAMP,NAME,HOLIDAYSLIST_ID,SITE_ID,IS_OVERWRITE_WEEKHOURCONFIG,IS_OVERWRITE_HOLIDAYLIST) VALUES (100,'audio','24999','24999',SYSDATE,'24999',1,2,1,1);
INSERT INTO WEEKHOURCONFIG (WKCONFIG_ID,ENDTIME,IS_CLOSED,STARTTIME,WEEKDAY,CALLCENTER_ID,DESTINATION_ID,SITE_ID) VALUES (694,TO_DATE('2100-12-31 23:59:59','YYYY-MM-DD HH24:MI:SS'),0,TO_DATE('1970-01-01 00:00:00','YYYY-MM-DD HH24:MI:SS'),0,2,100,2);
INSERT INTO SITE_WEEKHOURCONFIG (SITE_SITE_ID,WEEKCONFIGS_WKCONFIG_ID) VALUES (2, 694);
INSERT INTO WEEKHOURCONFIG (WKCONFIG_ID,ENDTIME,IS_CLOSED,STARTTIME,WEEKDAY,CALLCENTER_ID,DESTINATION_ID,SITE_ID) VALUES (695,TO_DATE('2100-12-31 23:59:59','YYYY-MM-DD HH24:MI:SS'),0,TO_DATE('1970-01-01 00:00:00','YYYY-MM-DD HH24:MI:SS'),1,2,100,2);
INSERT INTO SITE_WEEKHOURCONFIG (SITE_SITE_ID,WEEKCONFIGS_WKCONFIG_ID) VALUES (2, 695);
INSERT INTO WEEKHOURCONFIG (WKCONFIG_ID,ENDTIME,IS_CLOSED,STARTTIME,WEEKDAY,CALLCENTER_ID,DESTINATION_ID,SITE_ID) VALUES (696,TO_DATE('2100-12-31 23:59:59','YYYY-MM-DD HH24:MI:SS'),0,TO_DATE('1970-01-01 00:00:00','YYYY-MM-DD HH24:MI:SS'),2,2,100,2);
INSERT INTO SITE_WEEKHOURCONFIG (SITE_SITE_ID,WEEKCONFIGS_WKCONFIG_ID) VALUES (2, 696);
INSERT INTO WEEKHOURCONFIG (WKCONFIG_ID,ENDTIME,IS_CLOSED,STARTTIME,WEEKDAY,CALLCENTER_ID,DESTINATION_ID,SITE_ID) VALUES (697,TO_DATE('2100-12-31 23:59:59','YYYY-MM-DD HH24:MI:SS'),0,TO_DATE('1970-01-01 00:00:00','YYYY-MM-DD HH24:MI:SS'),3,2,100,2);
INSERT INTO SITE_WEEKHOURCONFIG (SITE_SITE_ID,WEEKCONFIGS_WKCONFIG_ID) VALUES (2, 697);
INSERT INTO WEEKHOURCONFIG (WKCONFIG_ID,ENDTIME,IS_CLOSED,STARTTIME,WEEKDAY,CALLCENTER_ID,DESTINATION_ID,SITE_ID) VALUES (698,TO_DATE('2100-12-31 23:59:59','YYYY-MM-DD HH24:MI:SS'),0,TO_DATE('1970-01-01 00:00:00','YYYY-MM-DD HH24:MI:SS'),4,2,100,2);
INSERT INTO SITE_WEEKHOURCONFIG (SITE_SITE_ID,WEEKCONFIGS_WKCONFIG_ID) VALUES (2, 698);
INSERT INTO WEEKHOURCONFIG (WKCONFIG_ID,ENDTIME,IS_CLOSED,STARTTIME,WEEKDAY,CALLCENTER_ID,DESTINATION_ID,SITE_ID) VALUES (699,TO_DATE('2100-12-31 23:59:59','YYYY-MM-DD HH24:MI:SS'),0,TO_DATE('1970-01-01 00:00:00','YYYY-MM-DD HH24:MI:SS'),5,2,100,2);
INSERT INTO SITE_WEEKHOURCONFIG (SITE_SITE_ID,WEEKCONFIGS_WKCONFIG_ID) VALUES (2, 699);
INSERT INTO WEEKHOURCONFIG (WKCONFIG_ID,ENDTIME,IS_CLOSED,STARTTIME,WEEKDAY,CALLCENTER_ID,DESTINATION_ID,SITE_ID) VALUES (700,TO_DATE('2100-12-31 23:59:59','YYYY-MM-DD HH24:MI:SS'),0,TO_DATE('1970-01-01 00:00:00','YYYY-MM-DD HH24:MI:SS'),6,2,100,2);
INSERT INTO SITE_WEEKHOURCONFIG (SITE_SITE_ID,WEEKCONFIGS_WKCONFIG_ID) VALUES (2, 700);
INSERT INTO DESTINATION (DESTINATION_ID,AUDIO_ID,DESCRIPTION,DESTINATION_NUMBER,LAST_UPDATE_TIMESTAMP,NAME,HOLIDAYSLIST_ID,SITE_ID,IS_OVERWRITE_WEEKHOURCONFIG,IS_OVERWRITE_HOLIDAYLIST) VALUES (101,'audio','27194','27194',SYSDATE,'27194',1,2,1,1);
INSERT INTO WEEKHOURCONFIG (WKCONFIG_ID,ENDTIME,IS_CLOSED,STARTTIME,WEEKDAY,CALLCENTER_ID,DESTINATION_ID,SITE_ID) VALUES (701,TO_DATE('2100-12-31 23:59:59','YYYY-MM-DD HH24:MI:SS'),0,TO_DATE('1970-01-01 00:00:00','YYYY-MM-DD HH24:MI:SS'),0,2,101,2);
INSERT INTO SITE_WEEKHOURCONFIG (SITE_SITE_ID,WEEKCONFIGS_WKCONFIG_ID) VALUES (2, 701);
INSERT INTO WEEKHOURCONFIG (WKCONFIG_ID,ENDTIME,IS_CLOSED,STARTTIME,WEEKDAY,CALLCENTER_ID,DESTINATION_ID,SITE_ID) VALUES (702,TO_DATE('2100-12-31 23:59:59','YYYY-MM-DD HH24:MI:SS'),0,TO_DATE('1970-01-01 00:00:00','YYYY-MM-DD HH24:MI:SS'),1,2,101,2);
INSERT INTO SITE_WEEKHOURCONFIG (SITE_SITE_ID,WEEKCONFIGS_WKCONFIG_ID) VALUES (2, 702);
INSERT INTO WEEKHOURCONFIG (WKCONFIG_ID,ENDTIME,IS_CLOSED,STARTTIME,WEEKDAY,CALLCENTER_ID,DESTINATION_ID,SITE_ID) VALUES (703,TO_DATE('2100-12-31 23:59:59','YYYY-MM-DD HH24:MI:SS'),0,TO_DATE('1970-01-01 00:00:00','YYYY-MM-DD HH24:MI:SS'),2,2,101,2);
INSERT INTO SITE_WEEKHOURCONFIG (SITE_SITE_ID,WEEKCONFIGS_WKCONFIG_ID) VALUES (2, 703);
INSERT INTO WEEKHOURCONFIG (WKCONFIG_ID,ENDTIME,IS_CLOSED,STARTTIME,WEEKDAY,CALLCENTER_ID,DESTINATION_ID,SITE_ID) VALUES (704,TO_DATE('2100-12-31 23:59:59','YYYY-MM-DD HH24:MI:SS'),0,TO_DATE('1970-01-01 00:00:00','YYYY-MM-DD HH24:MI:SS'),3,2,101,2);
INSERT INTO SITE_WEEKHOURCONFIG (SITE_SITE_ID,WEEKCONFIGS_WKCONFIG_ID) VALUES (2, 704);
INSERT INTO WEEKHOURCONFIG (WKCONFIG_ID,ENDTIME,IS_CLOSED,STARTTIME,WEEKDAY,CALLCENTER_ID,DESTINATION_ID,SITE_ID) VALUES (705,TO_DATE('2100-12-31 23:59:59','YYYY-MM-DD HH24:MI:SS'),0,TO_DATE('1970-01-01 00:00:00','YYYY-MM-DD HH24:MI:SS'),4,2,101,2);
INSERT INTO SITE_WEEKHOURCONFIG (SITE_SITE_ID,WEEKCONFIGS_WKCONFIG_ID) VALUES (2, 705);
INSERT INTO WEEKHOURCONFIG (WKCONFIG_ID,ENDTIME,IS_CLOSED,STARTTIME,WEEKDAY,CALLCENTER_ID,DESTINATION_ID,SITE_ID) VALUES (706,TO_DATE('2100-12-31 23:59:59','YYYY-MM-DD HH24:MI:SS'),0,TO_DATE('1970-01-01 00:00:00','YYYY-MM-DD HH24:MI:SS'),5,2,101,2);
INSERT INTO SITE_WEEKHOURCONFIG (SITE_SITE_ID,WEEKCONFIGS_WKCONFIG_ID) VALUES (2, 706);
INSERT INTO WEEKHOURCONFIG (WKCONFIG_ID,ENDTIME,IS_CLOSED,STARTTIME,WEEKDAY,CALLCENTER_ID,DESTINATION_ID,SITE_ID) VALUES (707,TO_DATE('2100-12-31 23:59:59','YYYY-MM-DD HH24:MI:SS'),0,TO_DATE('1970-01-01 00:00:00','YYYY-MM-DD HH24:MI:SS'),6,2,101,2);
INSERT INTO SITE_WEEKHOURCONFIG (SITE_SITE_ID,WEEKCONFIGS_WKCONFIG_ID) VALUES (2, 707);
INSERT INTO DESTINATION (DESTINATION_ID,AUDIO_ID,DESCRIPTION,DESTINATION_NUMBER,LAST_UPDATE_TIMESTAMP,NAME,HOLIDAYSLIST_ID,SITE_ID,IS_OVERWRITE_WEEKHOURCONFIG,IS_OVERWRITE_HOLIDAYLIST) VALUES (102,'audio','20539','20539',SYSDATE,'20539',1,2,1,1);
INSERT INTO WEEKHOURCONFIG (WKCONFIG_ID,ENDTIME,IS_CLOSED,STARTTIME,WEEKDAY,CALLCENTER_ID,DESTINATION_ID,SITE_ID) VALUES (708,TO_DATE('2100-12-31 23:59:59','YYYY-MM-DD HH24:MI:SS'),0,TO_DATE('1970-01-01 00:00:00','YYYY-MM-DD HH24:MI:SS'),0,2,102,2);
INSERT INTO SITE_WEEKHOURCONFIG (SITE_SITE_ID,WEEKCONFIGS_WKCONFIG_ID) VALUES (2, 708);
INSERT INTO WEEKHOURCONFIG (WKCONFIG_ID,ENDTIME,IS_CLOSED,STARTTIME,WEEKDAY,CALLCENTER_ID,DESTINATION_ID,SITE_ID) VALUES (709,TO_DATE('2100-12-31 23:59:59','YYYY-MM-DD HH24:MI:SS'),0,TO_DATE('1970-01-01 00:00:00','YYYY-MM-DD HH24:MI:SS'),1,2,102,2);
INSERT INTO SITE_WEEKHOURCONFIG (SITE_SITE_ID,WEEKCONFIGS_WKCONFIG_ID) VALUES (2, 709);
INSERT INTO WEEKHOURCONFIG (WKCONFIG_ID,ENDTIME,IS_CLOSED,STARTTIME,WEEKDAY,CALLCENTER_ID,DESTINATION_ID,SITE_ID) VALUES (710,TO_DATE('2100-12-31 23:59:59','YYYY-MM-DD HH24:MI:SS'),0,TO_DATE('1970-01-01 00:00:00','YYYY-MM-DD HH24:MI:SS'),2,2,102,2);
INSERT INTO SITE_WEEKHOURCONFIG (SITE_SITE_ID,WEEKCONFIGS_WKCONFIG_ID) VALUES (2, 710);
INSERT INTO WEEKHOURCONFIG (WKCONFIG_ID,ENDTIME,IS_CLOSED,STARTTIME,WEEKDAY,CALLCENTER_ID,DESTINATION_ID,SITE_ID) VALUES (711,TO_DATE('2100-12-31 23:59:59','YYYY-MM-DD HH24:MI:SS'),0,TO_DATE('1970-01-01 00:00:00','YYYY-MM-DD HH24:MI:SS'),3,2,102,2);
INSERT INTO SITE_WEEKHOURCONFIG (SITE_SITE_ID,WEEKCONFIGS_WKCONFIG_ID) VALUES (2, 711);
INSERT INTO WEEKHOURCONFIG (WKCONFIG_ID,ENDTIME,IS_CLOSED,STARTTIME,WEEKDAY,CALLCENTER_ID,DESTINATION_ID,SITE_ID) VALUES (712,TO_DATE('2100-12-31 23:59:59','YYYY-MM-DD HH24:MI:SS'),0,TO_DATE('1970-01-01 00:00:00','YYYY-MM-DD HH24:MI:SS'),4,2,102,2);
INSERT INTO SITE_WEEKHOURCONFIG (SITE_SITE_ID,WEEKCONFIGS_WKCONFIG_ID) VALUES (2, 712);
INSERT INTO WEEKHOURCONFIG (WKCONFIG_ID,ENDTIME,IS_CLOSED,STARTTIME,WEEKDAY,CALLCENTER_ID,DESTINATION_ID,SITE_ID) VALUES (713,TO_DATE('2100-12-31 23:59:59','YYYY-MM-DD HH24:MI:SS'),0,TO_DATE('1970-01-01 00:00:00','YYYY-MM-DD HH24:MI:SS'),5,2,102,2);
INSERT INTO SITE_WEEKHOURCONFIG (SITE_SITE_ID,WEEKCONFIGS_WKCONFIG_ID) VALUES (2, 713);
INSERT INTO WEEKHOURCONFIG (WKCONFIG_ID,ENDTIME,IS_CLOSED,STARTTIME,WEEKDAY,CALLCENTER_ID,DESTINATION_ID,SITE_ID) VALUES (714,TO_DATE('2100-12-31 23:59:59','YYYY-MM-DD HH24:MI:SS'),0,TO_DATE('1970-01-01 00:00:00','YYYY-MM-DD HH24:MI:SS'),6,2,102,2);
INSERT INTO SITE_WEEKHOURCONFIG (SITE_SITE_ID,WEEKCONFIGS_WKCONFIG_ID) VALUES (2, 714);
INSERT INTO DESTINATION (DESTINATION_ID,AUDIO_ID,DESCRIPTION,DESTINATION_NUMBER,LAST_UPDATE_TIMESTAMP,NAME,HOLIDAYSLIST_ID,SITE_ID,IS_OVERWRITE_WEEKHOURCONFIG,IS_OVERWRITE_HOLIDAYLIST) VALUES (103,'audio','27980','27980',SYSDATE,'27980',1,2,1,1);
INSERT INTO WEEKHOURCONFIG (WKCONFIG_ID,ENDTIME,IS_CLOSED,STARTTIME,WEEKDAY,CALLCENTER_ID,DESTINATION_ID,SITE_ID) VALUES (715,TO_DATE('2100-12-31 23:59:59','YYYY-MM-DD HH24:MI:SS'),0,TO_DATE('1970-01-01 00:00:00','YYYY-MM-DD HH24:MI:SS'),0,2,103,2);
INSERT INTO SITE_WEEKHOURCONFIG (SITE_SITE_ID,WEEKCONFIGS_WKCONFIG_ID) VALUES (2, 715);
INSERT INTO WEEKHOURCONFIG (WKCONFIG_ID,ENDTIME,IS_CLOSED,STARTTIME,WEEKDAY,CALLCENTER_ID,DESTINATION_ID,SITE_ID) VALUES (716,TO_DATE('2100-12-31 23:59:59','YYYY-MM-DD HH24:MI:SS'),0,TO_DATE('1970-01-01 00:00:00','YYYY-MM-DD HH24:MI:SS'),1,2,103,2);
INSERT INTO SITE_WEEKHOURCONFIG (SITE_SITE_ID,WEEKCONFIGS_WKCONFIG_ID) VALUES (2, 716);
INSERT INTO WEEKHOURCONFIG (WKCONFIG_ID,ENDTIME,IS_CLOSED,STARTTIME,WEEKDAY,CALLCENTER_ID,DESTINATION_ID,SITE_ID) VALUES (717,TO_DATE('2100-12-31 23:59:59','YYYY-MM-DD HH24:MI:SS'),0,TO_DATE('1970-01-01 00:00:00','YYYY-MM-DD HH24:MI:SS'),2,2,103,2);
INSERT INTO SITE_WEEKHOURCONFIG (SITE_SITE_ID,WEEKCONFIGS_WKCONFIG_ID) VALUES (2, 717);
INSERT INTO WEEKHOURCONFIG (WKCONFIG_ID,ENDTIME,IS_CLOSED,STARTTIME,WEEKDAY,CALLCENTER_ID,DESTINATION_ID,SITE_ID) VALUES (718,TO_DATE('2100-12-31 23:59:59','YYYY-MM-DD HH24:MI:SS'),0,TO_DATE('1970-01-01 00:00:00','YYYY-MM-DD HH24:MI:SS'),3,2,103,2);
INSERT INTO SITE_WEEKHOURCONFIG (SITE_SITE_ID,WEEKCONFIGS_WKCONFIG_ID) VALUES (2, 718);
INSERT INTO WEEKHOURCONFIG (WKCONFIG_ID,ENDTIME,IS_CLOSED,STARTTIME,WEEKDAY,CALLCENTER_ID,DESTINATION_ID,SITE_ID) VALUES (719,TO_DATE('2100-12-31 23:59:59','YYYY-MM-DD HH24:MI:SS'),0,TO_DATE('1970-01-01 00:00:00','YYYY-MM-DD HH24:MI:SS'),4,2,103,2);
INSERT INTO SITE_WEEKHOURCONFIG (SITE_SITE_ID,WEEKCONFIGS_WKCONFIG_ID) VALUES (2, 719);
INSERT INTO WEEKHOURCONFIG (WKCONFIG_ID,ENDTIME,IS_CLOSED,STARTTIME,WEEKDAY,CALLCENTER_ID,DESTINATION_ID,SITE_ID) VALUES (720,TO_DATE('2100-12-31 23:59:59','YYYY-MM-DD HH24:MI:SS'),0,TO_DATE('1970-01-01 00:00:00','YYYY-MM-DD HH24:MI:SS'),5,2,103,2);
INSERT INTO SITE_WEEKHOURCONFIG (SITE_SITE_ID,WEEKCONFIGS_WKCONFIG_ID) VALUES (2, 720);
INSERT INTO WEEKHOURCONFIG (WKCONFIG_ID,ENDTIME,IS_CLOSED,STARTTIME,WEEKDAY,CALLCENTER_ID,DESTINATION_ID,SITE_ID) VALUES (721,TO_DATE('2100-12-31 23:59:59','YYYY-MM-DD HH24:MI:SS'),0,TO_DATE('1970-01-01 00:00:00','YYYY-MM-DD HH24:MI:SS'),6,2,103,2);
INSERT INTO SITE_WEEKHOURCONFIG (SITE_SITE_ID,WEEKCONFIGS_WKCONFIG_ID) VALUES (2, 721);
INSERT INTO LOB (LOB_ID,DESCRIPTION,EMERGENCY_DESTINATION,LAST_UPDATE_TIMESTAMP,NAME) VALUES (1,'Fixo','123456',SYSDATE,'Fixo');
INSERT INTO ROUTERULE (ROUTERULE_ID,DESCRIPTION,LAST_UPDATE_TIMESTAMP,NAME,LOB_ID) VALUES (1 /*not nullable*/,'Route Rule 1' /*not nullable*/,SYSDATE /*not nullable*/,'Route Rule 1' /*not nullable*/,1 /*not nullable*/);
INSERT INTO ROUTERULEINTERVAL (RRINTERVAL_ID,ENABLED_FRIDAY,ENABLED_MONDAY,ENABLED_SATURDAY,ENABLED_SUNDAY,ENABLED_THURSDAY,ENABLED_TUESDAY,ENABLED_WEDNESDAY,INTERVAL_FROM,LAST_UPDATE_TIMESTAMP,NAME,INTERVAL_TO,ROUTERULE_ID) VALUES (1,1,1,0,0,1,1,1,TO_DATE('1970-01-01 00:00:00','YYYY-MM-DD HH24:MI:SS'),SYSDATE,'Route Rule Interval 1',TO_DATE('2100-12-31 23:59:59','YYYY-MM-DD HH24:MI:SS'),1);
INSERT INTO RRSITESETTINGS (RRSITESETTINGS_ID,LAST_UPDATE_TIMESTAMP,PERCENTAGE_ALLOCATION,ROUTING_TYPE,RRINTERVAL_ID) VALUES (1,SYSDATE,100,'STATIC',1);
INSERT INTO RRSITESETTINGS_SITE (RRSITESETTINGS_ID,SITE_ID) SELECT 1,SITE_ID FROM SITE;
INSERT INTO RR_SITE (ROUTERULE_ID,SITE_ID) SELECT 1,SITE_ID FROM SITE;
INSERT INTO REGION (REGION_ID,DESCRIPTION,LAST_UPDATE_TIMESTAMP,NAME,LOB_ID) VALUES (1,'Region R1',SYSDATE,'Region R1',1);
INSERT INTO STATE (STATE_ID,DESCRIPTION,LAST_UPDATE_TIMESTAMP,NAME,REGION_ID) VALUES (1,'State R1',SYSDATE,'State R1',1);
INSERT INTO CALLGROUP (CALLGROUP_ID,DESCRIPTION,LAST_UPDATE_TIMESTAMP,NAME,STATE_ID) VALUES (1,'Callgroup 1 of State R1',SYSDATE,'Callgroup 1 of State R1',1);
INSERT INTO SCHEDULE (SCHEDULE_ID,ENABLE_TYPE,SCHEDULE_END_DATE,SCHEDULE_END_TIME,SCHEDULE_FRIDAY,LAST_UPDATE_TIMESTAMP,SCHEDULE_MONDAY,SCHEDULE_SATURDAY,SCHEDULE_START_DATE,SCHEDULE_START_TIME,SCHEDULE_SUNDAY,SCHEDULE_THURSDAY,SCHEDULE_TUESDAY,SCHEDULE_WEDNESDAY,CALLGROUP_ID,ROUTERULE_ID) VALUES (1,2,null,TO_DATE('2100-12-31 23:59:59','YYYY-MM-DD HH24:MI:SS'),1,SYSDATE,0,1,null,TO_DATE('1970-01-01 00:00:00','YYYY-MM-DD HH24:MI:SS'),1,0,0,0,1,1);
INSERT INTO CALLGROUP_DEST (CALLGROUP_ID,DESTINATION_ID) SELECT 1, DESTINATION_ID FROM DESTINATION WHERE DESTINATION_NUMBER='27193';
INSERT INTO SEGMENTATION_RULE (SEGMENTATIONRULE_ID,ACTIVE,DESCRIPTION,NAME,PRIORITY,CALLGROUP_ID) VALUES (1,1,'Segmentation Rule 1','Segmentation Rule 1',1,1);
INSERT INTO SEGMENTION_RULE_VARIABLE (SEGMENTATIONRULEVAR_ID,VALUE,SEGMENTATIONRULE_ID,SEGMENTATIONVAR_ID) SELECT 1,'COMPRA',1,SEGMENTATIONVAR_ID FROM SEGMENTION_VARIABLE WHERE NAME='OPERACAO';
INSERT INTO SEGMENTION_RULE_VARIABLE (SEGMENTATIONRULEVAR_ID,VALUE,SEGMENTATIONRULE_ID,SEGMENTATIONVAR_ID) SELECT 2,'OI_FIXO',1,SEGMENTATIONVAR_ID FROM SEGMENTION_VARIABLE WHERE NAME='POSSUI_PRODUTO';
INSERT INTO SEGMENTION_RULE_VARIABLE (SEGMENTATIONRULEVAR_ID,VALUE,SEGMENTATIONRULE_ID,SEGMENTATIONVAR_ID) SELECT 3,'TLV_Velox_Fixo_BA_(_transb_MG)',1,SEGMENTATIONVAR_ID FROM SEGMENTION_VARIABLE WHERE NAME='IVR_GROUP';
INSERT INTO SEGMENTION_RULE_VARIABLE (SEGMENTATIONRULEVAR_ID,VALUE,SEGMENTATIONRULE_ID,SEGMENTATIONVAR_ID) SELECT 4,'OI_VELOX',1,SEGMENTATIONVAR_ID FROM SEGMENTION_VARIABLE WHERE NAME='PRODUTO';
INSERT INTO CALLGROUP (CALLGROUP_ID,DESCRIPTION,LAST_UPDATE_TIMESTAMP,NAME,STATE_ID) VALUES (2,'Callgroup 2 of State R1',SYSDATE,'Callgroup 2 of State R1',1);
INSERT INTO SCHEDULE (SCHEDULE_ID,ENABLE_TYPE,SCHEDULE_END_DATE,SCHEDULE_END_TIME,SCHEDULE_FRIDAY,LAST_UPDATE_TIMESTAMP,SCHEDULE_MONDAY,SCHEDULE_SATURDAY,SCHEDULE_START_DATE,SCHEDULE_START_TIME,SCHEDULE_SUNDAY,SCHEDULE_THURSDAY,SCHEDULE_TUESDAY,SCHEDULE_WEDNESDAY,CALLGROUP_ID,ROUTERULE_ID) VALUES (2,2,null,TO_DATE('2100-12-31 23:59:59','YYYY-MM-DD HH24:MI:SS'),1,SYSDATE,0,1,null,TO_DATE('1970-01-01 00:00:00','YYYY-MM-DD HH24:MI:SS'),1,0,0,0,2,1);
INSERT INTO CALLGROUP_DEST (CALLGROUP_ID,DESTINATION_ID) SELECT 2, DESTINATION_ID FROM DESTINATION WHERE DESTINATION_NUMBER='20540';
INSERT INTO SEGMENTATION_RULE (SEGMENTATIONRULE_ID,ACTIVE,DESCRIPTION,NAME,PRIORITY,CALLGROUP_ID) VALUES (2,1,'Segmentation Rule 2','Segmentation Rule 2',1,2);
INSERT INTO SEGMENTION_RULE_VARIABLE (SEGMENTATIONRULEVAR_ID,VALUE,SEGMENTATIONRULE_ID,SEGMENTATIONVAR_ID) SELECT 5,'COMPRA',2,SEGMENTATIONVAR_ID FROM SEGMENTION_VARIABLE WHERE NAME='OPERACAO';
INSERT INTO SEGMENTION_RULE_VARIABLE (SEGMENTATIONRULEVAR_ID,VALUE,SEGMENTATIONRULE_ID,SEGMENTATIONVAR_ID) SELECT 6,'TLV_Fixo_-_Velox_MG',2,SEGMENTATIONVAR_ID FROM SEGMENTION_VARIABLE WHERE NAME='IVR_GROUP';
INSERT INTO SEGMENTION_RULE_VARIABLE (SEGMENTATIONRULEVAR_ID,VALUE,SEGMENTATIONRULE_ID,SEGMENTATIONVAR_ID) SELECT 7,'OI_FIXO_COM_VELOX',2,SEGMENTATIONVAR_ID FROM SEGMENTION_VARIABLE WHERE NAME='PRODUTO';
INSERT INTO CALLGROUP_DEST (CALLGROUP_ID,DESTINATION_ID) SELECT 2, DESTINATION_ID FROM DESTINATION WHERE DESTINATION_NUMBER='20539';
INSERT INTO SEGMENTATION_RULE (SEGMENTATIONRULE_ID,ACTIVE,DESCRIPTION,NAME,PRIORITY,CALLGROUP_ID) VALUES (3,1,'Segmentation Rule 3','Segmentation Rule 3',1,2);
INSERT INTO SEGMENTION_RULE_VARIABLE (SEGMENTATIONRULEVAR_ID,VALUE,SEGMENTATIONRULE_ID,SEGMENTATIONVAR_ID) SELECT 8,'COMPRA',3,SEGMENTATIONVAR_ID FROM SEGMENTION_VARIABLE WHERE NAME='OPERACAO';
INSERT INTO SEGMENTION_RULE_VARIABLE (SEGMENTATIONRULEVAR_ID,VALUE,SEGMENTATIONRULE_ID,SEGMENTATIONVAR_ID) SELECT 9,'TLV_Fixo_-_Velox_MG',3,SEGMENTATIONVAR_ID FROM SEGMENTION_VARIABLE WHERE NAME='IVR_GROUP';
INSERT INTO SEGMENTION_RULE_VARIABLE (SEGMENTATIONRULEVAR_ID,VALUE,SEGMENTATIONRULE_ID,SEGMENTATIONVAR_ID) SELECT 10,'OI_FIXO_COM_VELOX',3,SEGMENTATIONVAR_ID FROM SEGMENTION_VARIABLE WHERE NAME='PRODUTO';
INSERT INTO CALLGROUP (CALLGROUP_ID,DESCRIPTION,LAST_UPDATE_TIMESTAMP,NAME,STATE_ID) VALUES (3,'Callgroup 3 of State R1',SYSDATE,'Callgroup 3 of State R1',1);
INSERT INTO SCHEDULE (SCHEDULE_ID,ENABLE_TYPE,SCHEDULE_END_DATE,SCHEDULE_END_TIME,SCHEDULE_FRIDAY,LAST_UPDATE_TIMESTAMP,SCHEDULE_MONDAY,SCHEDULE_SATURDAY,SCHEDULE_START_DATE,SCHEDULE_START_TIME,SCHEDULE_SUNDAY,SCHEDULE_THURSDAY,SCHEDULE_TUESDAY,SCHEDULE_WEDNESDAY,CALLGROUP_ID,ROUTERULE_ID) VALUES (3,2,null,TO_DATE('2100-12-31 23:59:59','YYYY-MM-DD HH24:MI:SS'),1,SYSDATE,0,1,null,TO_DATE('1970-01-01 00:00:00','YYYY-MM-DD HH24:MI:SS'),1,0,0,0,3,1);
INSERT INTO CALLGROUP_DEST (CALLGROUP_ID,DESTINATION_ID) SELECT 3, DESTINATION_ID FROM DESTINATION WHERE DESTINATION_NUMBER='27192';
INSERT INTO SEGMENTATION_RULE (SEGMENTATIONRULE_ID,ACTIVE,DESCRIPTION,NAME,PRIORITY,CALLGROUP_ID) VALUES (4,1,'Segmentation Rule 4','Segmentation Rule 4',1,3);
INSERT INTO SEGMENTION_RULE_VARIABLE (SEGMENTATIONRULEVAR_ID,VALUE,SEGMENTATIONRULE_ID,SEGMENTATIONVAR_ID) SELECT 11,'COMPRA',4,SEGMENTATIONVAR_ID FROM SEGMENTION_VARIABLE WHERE NAME='OPERACAO';
INSERT INTO SEGMENTION_RULE_VARIABLE (SEGMENTATIONRULEVAR_ID,VALUE,SEGMENTATIONRULE_ID,SEGMENTATIONVAR_ID) SELECT 12,'TLV_Fixo_-_Velox_BA',4,SEGMENTATIONVAR_ID FROM SEGMENTION_VARIABLE WHERE NAME='IVR_GROUP';
INSERT INTO SEGMENTION_RULE_VARIABLE (SEGMENTATIONRULEVAR_ID,VALUE,SEGMENTATIONRULE_ID,SEGMENTATIONVAR_ID) SELECT 13,'OI_FIXO',4,SEGMENTATIONVAR_ID FROM SEGMENTION_VARIABLE WHERE NAME='PRODUTO';
INSERT INTO CALLGROUP (CALLGROUP_ID,DESCRIPTION,LAST_UPDATE_TIMESTAMP,NAME,STATE_ID) VALUES (4,'Callgroup 4 of State R1',SYSDATE,'Callgroup 4 of State R1',1);
INSERT INTO SCHEDULE (SCHEDULE_ID,ENABLE_TYPE,SCHEDULE_END_DATE,SCHEDULE_END_TIME,SCHEDULE_FRIDAY,LAST_UPDATE_TIMESTAMP,SCHEDULE_MONDAY,SCHEDULE_SATURDAY,SCHEDULE_START_DATE,SCHEDULE_START_TIME,SCHEDULE_SUNDAY,SCHEDULE_THURSDAY,SCHEDULE_TUESDAY,SCHEDULE_WEDNESDAY,CALLGROUP_ID,ROUTERULE_ID) VALUES (4,2,null,TO_DATE('2100-12-31 23:59:59','YYYY-MM-DD HH24:MI:SS'),1,SYSDATE,0,1,null,TO_DATE('1970-01-01 00:00:00','YYYY-MM-DD HH24:MI:SS'),1,0,0,0,4,1);
INSERT INTO CALLGROUP_DEST (CALLGROUP_ID,DESTINATION_ID) SELECT 4, DESTINATION_ID FROM DESTINATION WHERE DESTINATION_NUMBER='27263';
INSERT INTO SEGMENTATION_RULE (SEGMENTATIONRULE_ID,ACTIVE,DESCRIPTION,NAME,PRIORITY,CALLGROUP_ID) VALUES (5,1,'Segmentation Rule 5','Segmentation Rule 5',1,4);
INSERT INTO SEGMENTION_RULE_VARIABLE (SEGMENTATIONRULEVAR_ID,VALUE,SEGMENTATIONRULE_ID,SEGMENTATIONVAR_ID) SELECT 14,'ADERIR_PROMOCAO',5,SEGMENTATIONVAR_ID FROM SEGMENTION_VARIABLE WHERE NAME='OPERACAO';
INSERT INTO SEGMENTION_RULE_VARIABLE (SEGMENTATIONRULEVAR_ID,VALUE,SEGMENTATIONRULE_ID,SEGMENTATIONVAR_ID) SELECT 15,'Atend_Fixo_CE',5,SEGMENTATIONVAR_ID FROM SEGMENTION_VARIABLE WHERE NAME='IVR_GROUP';
INSERT INTO SEGMENTION_RULE_VARIABLE (SEGMENTATIONRULEVAR_ID,VALUE,SEGMENTATIONRULE_ID,SEGMENTATIONVAR_ID) SELECT 16,'DDD',5,SEGMENTATIONVAR_ID FROM SEGMENTION_VARIABLE WHERE NAME='PRODUTO';
INSERT INTO REGION (REGION_ID,DESCRIPTION,LAST_UPDATE_TIMESTAMP,NAME,LOB_ID) VALUES (2,'Region R2',SYSDATE,'Region R2',1);
INSERT INTO STATE (STATE_ID,DESCRIPTION,LAST_UPDATE_TIMESTAMP,NAME,REGION_ID) VALUES (2,'State R2',SYSDATE,'State R2',2);
INSERT INTO CALLGROUP (CALLGROUP_ID,DESCRIPTION,LAST_UPDATE_TIMESTAMP,NAME,STATE_ID) VALUES (5,'Callgroup 5 of State R2',SYSDATE,'Callgroup 5 of State R2',2);
INSERT INTO SCHEDULE (SCHEDULE_ID,ENABLE_TYPE,SCHEDULE_END_DATE,SCHEDULE_END_TIME,SCHEDULE_FRIDAY,LAST_UPDATE_TIMESTAMP,SCHEDULE_MONDAY,SCHEDULE_SATURDAY,SCHEDULE_START_DATE,SCHEDULE_START_TIME,SCHEDULE_SUNDAY,SCHEDULE_THURSDAY,SCHEDULE_TUESDAY,SCHEDULE_WEDNESDAY,CALLGROUP_ID,ROUTERULE_ID) VALUES (5,2,null,TO_DATE('2100-12-31 23:59:59','YYYY-MM-DD HH24:MI:SS'),1,SYSDATE,0,1,null,TO_DATE('1970-01-01 00:00:00','YYYY-MM-DD HH24:MI:SS'),1,0,0,0,5,1);
INSERT INTO CALLGROUP_DEST (CALLGROUP_ID,DESTINATION_ID) SELECT 5, DESTINATION_ID FROM DESTINATION WHERE DESTINATION_NUMBER='75879';
INSERT INTO SEGMENTATION_RULE (SEGMENTATIONRULE_ID,ACTIVE,DESCRIPTION,NAME,PRIORITY,CALLGROUP_ID) VALUES (6,1,'Segmentation Rule 6','Segmentation Rule 6',1,5);
INSERT INTO SEGMENTION_RULE_VARIABLE (SEGMENTATIONRULEVAR_ID,VALUE,SEGMENTATIONRULE_ID,SEGMENTATIONVAR_ID) SELECT 17,'R2',6,SEGMENTATIONVAR_ID FROM SEGMENTION_VARIABLE WHERE NAME='DDD';
INSERT INTO SEGMENTION_RULE_VARIABLE (SEGMENTATIONRULEVAR_ID,VALUE,SEGMENTATIONRULE_ID,SEGMENTATIONVAR_ID) SELECT 18,'COMPRA',6,SEGMENTATIONVAR_ID FROM SEGMENTION_VARIABLE WHERE NAME='OPERACAO';
INSERT INTO SEGMENTION_RULE_VARIABLE (SEGMENTATIONRULEVAR_ID,VALUE,SEGMENTATIONRULE_ID,SEGMENTATIONVAR_ID) SELECT 19,'OI_FIXO',6,SEGMENTATIONVAR_ID FROM SEGMENTION_VARIABLE WHERE NAME='POSSUI_PRODUTO';
INSERT INTO SEGMENTION_RULE_VARIABLE (SEGMENTATIONRULEVAR_ID,VALUE,SEGMENTATIONRULE_ID,SEGMENTATIONVAR_ID) SELECT 20,'TLV_VELOX_(Curitiba)',6,SEGMENTATIONVAR_ID FROM SEGMENTION_VARIABLE WHERE NAME='IVR_GROUP';
INSERT INTO SEGMENTION_RULE_VARIABLE (SEGMENTATIONRULEVAR_ID,VALUE,SEGMENTATIONRULE_ID,SEGMENTATIONVAR_ID) SELECT 21,'OI_VELOX',6,SEGMENTATIONVAR_ID FROM SEGMENTION_VARIABLE WHERE NAME='PRODUTO';
INSERT INTO CALLGROUP (CALLGROUP_ID,DESCRIPTION,LAST_UPDATE_TIMESTAMP,NAME,STATE_ID) VALUES (6,'Callgroup 6 of State R2',SYSDATE,'Callgroup 6 of State R2',2);
INSERT INTO SCHEDULE (SCHEDULE_ID,ENABLE_TYPE,SCHEDULE_END_DATE,SCHEDULE_END_TIME,SCHEDULE_FRIDAY,LAST_UPDATE_TIMESTAMP,SCHEDULE_MONDAY,SCHEDULE_SATURDAY,SCHEDULE_START_DATE,SCHEDULE_START_TIME,SCHEDULE_SUNDAY,SCHEDULE_THURSDAY,SCHEDULE_TUESDAY,SCHEDULE_WEDNESDAY,CALLGROUP_ID,ROUTERULE_ID) VALUES (6,2,null,TO_DATE('2100-12-31 23:59:59','YYYY-MM-DD HH24:MI:SS'),1,SYSDATE,0,1,null,TO_DATE('1970-01-01 00:00:00','YYYY-MM-DD HH24:MI:SS'),1,0,0,0,6,1);
INSERT INTO CALLGROUP_DEST (CALLGROUP_ID,DESTINATION_ID) SELECT 6, DESTINATION_ID FROM DESTINATION WHERE DESTINATION_NUMBER='75839';
INSERT INTO SEGMENTATION_RULE (SEGMENTATIONRULE_ID,ACTIVE,DESCRIPTION,NAME,PRIORITY,CALLGROUP_ID) VALUES (7,1,'Segmentation Rule 7','Segmentation Rule 7',1,6);
INSERT INTO SEGMENTION_RULE_VARIABLE (SEGMENTATIONRULEVAR_ID,VALUE,SEGMENTATIONRULE_ID,SEGMENTATIONVAR_ID) SELECT 22,'R2',7,SEGMENTATIONVAR_ID FROM SEGMENTION_VARIABLE WHERE NAME='DDD';
INSERT INTO SEGMENTION_RULE_VARIABLE (SEGMENTATIONRULEVAR_ID,VALUE,SEGMENTATIONRULE_ID,SEGMENTATIONVAR_ID) SELECT 23,'COMPRA',7,SEGMENTATIONVAR_ID FROM SEGMENTION_VARIABLE WHERE NAME='OPERACAO';
INSERT INTO SEGMENTION_RULE_VARIABLE (SEGMENTATIONRULEVAR_ID,VALUE,SEGMENTATIONRULE_ID,SEGMENTATIONVAR_ID) SELECT 24,'TLV_Fixo_(Curitiba)',7,SEGMENTATIONVAR_ID FROM SEGMENTION_VARIABLE WHERE NAME='IVR_GROUP';
INSERT INTO SEGMENTION_RULE_VARIABLE (SEGMENTATIONRULEVAR_ID,VALUE,SEGMENTATIONRULE_ID,SEGMENTATIONVAR_ID) SELECT 25,'OI_FIXO_COM_VELOX',7,SEGMENTATIONVAR_ID FROM SEGMENTION_VARIABLE WHERE NAME='PRODUTO';
INSERT INTO CALLGROUP (CALLGROUP_ID,DESCRIPTION,LAST_UPDATE_TIMESTAMP,NAME,STATE_ID) VALUES (7,'Callgroup 7 of State R2',SYSDATE,'Callgroup 7 of State R2',2);
INSERT INTO SCHEDULE (SCHEDULE_ID,ENABLE_TYPE,SCHEDULE_END_DATE,SCHEDULE_END_TIME,SCHEDULE_FRIDAY,LAST_UPDATE_TIMESTAMP,SCHEDULE_MONDAY,SCHEDULE_SATURDAY,SCHEDULE_START_DATE,SCHEDULE_START_TIME,SCHEDULE_SUNDAY,SCHEDULE_THURSDAY,SCHEDULE_TUESDAY,SCHEDULE_WEDNESDAY,CALLGROUP_ID,ROUTERULE_ID) VALUES (7,2,null,TO_DATE('2100-12-31 23:59:59','YYYY-MM-DD HH24:MI:SS'),1,SYSDATE,0,1,null,TO_DATE('1970-01-01 00:00:00','YYYY-MM-DD HH24:MI:SS'),1,0,0,0,7,1);
INSERT INTO LOB (LOB_ID,DESCRIPTION,EMERGENCY_DESTINATION,LAST_UPDATE_TIMESTAMP,NAME) VALUES (2,'Dinamico','123456',SYSDATE,'Dinamico');
INSERT INTO ROUTERULE (ROUTERULE_ID,DESCRIPTION,LAST_UPDATE_TIMESTAMP,NAME,LOB_ID) VALUES (2 /*not nullable*/,'Route Rule 2' /*not nullable*/,SYSDATE /*not nullable*/,'Route Rule 2' /*not nullable*/,2 /*not nullable*/);
INSERT INTO ROUTERULEINTERVAL (RRINTERVAL_ID,ENABLED_FRIDAY,ENABLED_MONDAY,ENABLED_SATURDAY,ENABLED_SUNDAY,ENABLED_THURSDAY,ENABLED_TUESDAY,ENABLED_WEDNESDAY,INTERVAL_FROM,LAST_UPDATE_TIMESTAMP,NAME,INTERVAL_TO,ROUTERULE_ID) VALUES (2,1,1,0,0,1,1,1,TO_DATE('1970-01-01 00:00:00','YYYY-MM-DD HH24:MI:SS'),SYSDATE,'Route Rule Interval 2',TO_DATE('2100-12-31 23:59:59','YYYY-MM-DD HH24:MI:SS'),2);
INSERT INTO RRSITESETTINGS (RRSITESETTINGS_ID,LAST_UPDATE_TIMESTAMP,PERCENTAGE_ALLOCATION,ROUTING_TYPE,RRINTERVAL_ID) VALUES (2,SYSDATE,100,'STATIC',2);
INSERT INTO RRSITESETTINGS_SITE (RRSITESETTINGS_ID,SITE_ID) SELECT 2,SITE_ID FROM SITE;
INSERT INTO RR_SITE (ROUTERULE_ID,SITE_ID) SELECT 2,SITE_ID FROM SITE;
INSERT INTO LOB (LOB_ID,DESCRIPTION,EMERGENCY_DESTINATION,LAST_UPDATE_TIMESTAMP,NAME) VALUES (3,'TV','123456',SYSDATE,'TV');
INSERT INTO ROUTERULE (ROUTERULE_ID,DESCRIPTION,LAST_UPDATE_TIMESTAMP,NAME,LOB_ID) VALUES (3 /*not nullable*/,'Route Rule 3' /*not nullable*/,SYSDATE /*not nullable*/,'Route Rule 3' /*not nullable*/,3 /*not nullable*/);
INSERT INTO ROUTERULEINTERVAL (RRINTERVAL_ID,ENABLED_FRIDAY,ENABLED_MONDAY,ENABLED_SATURDAY,ENABLED_SUNDAY,ENABLED_THURSDAY,ENABLED_TUESDAY,ENABLED_WEDNESDAY,INTERVAL_FROM,LAST_UPDATE_TIMESTAMP,NAME,INTERVAL_TO,ROUTERULE_ID) VALUES (3,1,1,0,0,1,1,1,TO_DATE('1970-01-01 00:00:00','YYYY-MM-DD HH24:MI:SS'),SYSDATE,'Route Rule Interval 3',TO_DATE('2100-12-31 23:59:59','YYYY-MM-DD HH24:MI:SS'),3);
INSERT INTO RRSITESETTINGS (RRSITESETTINGS_ID,LAST_UPDATE_TIMESTAMP,PERCENTAGE_ALLOCATION,ROUTING_TYPE,RRINTERVAL_ID) VALUES (3,SYSDATE,100,'STATIC',3);
INSERT INTO RRSITESETTINGS_SITE (RRSITESETTINGS_ID,SITE_ID) SELECT 3,SITE_ID FROM SITE;
INSERT INTO RR_SITE (ROUTERULE_ID,SITE_ID) SELECT 3,SITE_ID FROM SITE;
INSERT INTO REGION (REGION_ID,DESCRIPTION,LAST_UPDATE_TIMESTAMP,NAME,LOB_ID) VALUES (3,'Region R1',SYSDATE,'Region R1',3);
INSERT INTO STATE (STATE_ID,DESCRIPTION,LAST_UPDATE_TIMESTAMP,NAME,REGION_ID) VALUES (3,'State R1',SYSDATE,'State R1',3);
INSERT INTO CALLGROUP (CALLGROUP_ID,DESCRIPTION,LAST_UPDATE_TIMESTAMP,NAME,STATE_ID) VALUES (8,'Callgroup 8 of State R1',SYSDATE,'Callgroup 8 of State R1',3);
INSERT INTO SCHEDULE (SCHEDULE_ID,ENABLE_TYPE,SCHEDULE_END_DATE,SCHEDULE_END_TIME,SCHEDULE_FRIDAY,LAST_UPDATE_TIMESTAMP,SCHEDULE_MONDAY,SCHEDULE_SATURDAY,SCHEDULE_START_DATE,SCHEDULE_START_TIME,SCHEDULE_SUNDAY,SCHEDULE_THURSDAY,SCHEDULE_TUESDAY,SCHEDULE_WEDNESDAY,CALLGROUP_ID,ROUTERULE_ID) VALUES (8,2,null,TO_DATE('2100-12-31 23:59:59','YYYY-MM-DD HH24:MI:SS'),1,SYSDATE,0,1,null,TO_DATE('1970-01-01 00:00:00','YYYY-MM-DD HH24:MI:SS'),1,0,0,0,8,3);
INSERT INTO CALLGROUP_DEST (CALLGROUP_ID,DESTINATION_ID) SELECT 8, DESTINATION_ID FROM DESTINATION WHERE DESTINATION_NUMBER='20958';
INSERT INTO SEGMENTATION_RULE (SEGMENTATIONRULE_ID,ACTIVE,DESCRIPTION,NAME,PRIORITY,CALLGROUP_ID) VALUES (8,1,'Segmentation Rule 8','Segmentation Rule 8',1,8);
INSERT INTO SEGMENTION_RULE_VARIABLE (SEGMENTATIONRULEVAR_ID,VALUE,SEGMENTATIONRULE_ID,SEGMENTATIONVAR_ID) SELECT 26,'OCT',8,SEGMENTATIONVAR_ID FROM SEGMENTION_VARIABLE WHERE NAME='COMBINADO_COM';
INSERT INTO SEGMENTION_RULE_VARIABLE (SEGMENTATIONRULEVAR_ID,VALUE,SEGMENTATIONRULE_ID,SEGMENTATIONVAR_ID) SELECT 27,'COMPRA',8,SEGMENTATIONVAR_ID FROM SEGMENTION_VARIABLE WHERE NAME='OPERACAO';
INSERT INTO SEGMENTION_RULE_VARIABLE (SEGMENTATIONRULEVAR_ID,VALUE,SEGMENTATIONRULE_ID,SEGMENTATIONVAR_ID) SELECT 28,'TLV_TV_BA',8,SEGMENTATIONVAR_ID FROM SEGMENTION_VARIABLE WHERE NAME='IVR_GROUP';
INSERT INTO SEGMENTION_RULE_VARIABLE (SEGMENTATIONRULEVAR_ID,VALUE,SEGMENTATIONRULE_ID,SEGMENTATIONVAR_ID) SELECT 29,'OI_TV',8,SEGMENTATIONVAR_ID FROM SEGMENTION_VARIABLE WHERE NAME='PRODUTO';
INSERT INTO CALLGROUP_DEST (CALLGROUP_ID,DESTINATION_ID) SELECT 8, DESTINATION_ID FROM DESTINATION WHERE DESTINATION_NUMBER='27956';
INSERT INTO SEGMENTATION_RULE (SEGMENTATIONRULE_ID,ACTIVE,DESCRIPTION,NAME,PRIORITY,CALLGROUP_ID) VALUES (9,1,'Segmentation Rule 9','Segmentation Rule 9',1,8);
INSERT INTO SEGMENTION_RULE_VARIABLE (SEGMENTATIONRULEVAR_ID,VALUE,SEGMENTATIONRULE_ID,SEGMENTATIONVAR_ID) SELECT 30,'OCT',9,SEGMENTATIONVAR_ID FROM SEGMENTION_VARIABLE WHERE NAME='COMBINADO_COM';
INSERT INTO SEGMENTION_RULE_VARIABLE (SEGMENTATIONRULEVAR_ID,VALUE,SEGMENTATIONRULE_ID,SEGMENTATIONVAR_ID) SELECT 31,'COMPRA',9,SEGMENTATIONVAR_ID FROM SEGMENTION_VARIABLE WHERE NAME='OPERACAO';
INSERT INTO SEGMENTION_RULE_VARIABLE (SEGMENTATIONRULEVAR_ID,VALUE,SEGMENTATIONRULE_ID,SEGMENTATIONVAR_ID) SELECT 32,'TLV_TV_BA',9,SEGMENTATIONVAR_ID FROM SEGMENTION_VARIABLE WHERE NAME='IVR_GROUP';
INSERT INTO SEGMENTION_RULE_VARIABLE (SEGMENTATIONRULEVAR_ID,VALUE,SEGMENTATIONRULE_ID,SEGMENTATIONVAR_ID) SELECT 33,'OI_TV',9,SEGMENTATIONVAR_ID FROM SEGMENTION_VARIABLE WHERE NAME='PRODUTO';
INSERT INTO CALLGROUP_DEST (CALLGROUP_ID,DESTINATION_ID) SELECT 8, DESTINATION_ID FROM DESTINATION WHERE DESTINATION_NUMBER='20938';
INSERT INTO SEGMENTATION_RULE (SEGMENTATIONRULE_ID,ACTIVE,DESCRIPTION,NAME,PRIORITY,CALLGROUP_ID) VALUES (10,1,'Segmentation Rule 10','Segmentation Rule 10',1,8);
INSERT INTO SEGMENTION_RULE_VARIABLE (SEGMENTATIONRULEVAR_ID,VALUE,SEGMENTATIONRULE_ID,SEGMENTATIONVAR_ID) SELECT 34,'OCT',10,SEGMENTATIONVAR_ID FROM SEGMENTION_VARIABLE WHERE NAME='COMBINADO_COM';
INSERT INTO SEGMENTION_RULE_VARIABLE (SEGMENTATIONRULEVAR_ID,VALUE,SEGMENTATIONRULE_ID,SEGMENTATIONVAR_ID) SELECT 35,'COMPRA',10,SEGMENTATIONVAR_ID FROM SEGMENTION_VARIABLE WHERE NAME='OPERACAO';
INSERT INTO SEGMENTION_RULE_VARIABLE (SEGMENTATIONRULEVAR_ID,VALUE,SEGMENTATIONRULE_ID,SEGMENTATIONVAR_ID) SELECT 36,'TLV_TV_BA',10,SEGMENTATIONVAR_ID FROM SEGMENTION_VARIABLE WHERE NAME='IVR_GROUP';
INSERT INTO SEGMENTION_RULE_VARIABLE (SEGMENTATIONRULEVAR_ID,VALUE,SEGMENTATIONRULE_ID,SEGMENTATIONVAR_ID) SELECT 37,'OI_TV',10,SEGMENTATIONVAR_ID FROM SEGMENTION_VARIABLE WHERE NAME='PRODUTO';
INSERT INTO CALLGROUP_DEST (CALLGROUP_ID,DESTINATION_ID) SELECT 8, DESTINATION_ID FROM DESTINATION WHERE DESTINATION_NUMBER='20939';
INSERT INTO SEGMENTATION_RULE (SEGMENTATIONRULE_ID,ACTIVE,DESCRIPTION,NAME,PRIORITY,CALLGROUP_ID) VALUES (11,1,'Segmentation Rule 11','Segmentation Rule 11',1,8);
INSERT INTO SEGMENTION_RULE_VARIABLE (SEGMENTATIONRULEVAR_ID,VALUE,SEGMENTATIONRULE_ID,SEGMENTATIONVAR_ID) SELECT 38,'OCT',11,SEGMENTATIONVAR_ID FROM SEGMENTION_VARIABLE WHERE NAME='COMBINADO_COM';
INSERT INTO SEGMENTION_RULE_VARIABLE (SEGMENTATIONRULEVAR_ID,VALUE,SEGMENTATIONRULE_ID,SEGMENTATIONVAR_ID) SELECT 39,'COMPRA',11,SEGMENTATIONVAR_ID FROM SEGMENTION_VARIABLE WHERE NAME='OPERACAO';
INSERT INTO SEGMENTION_RULE_VARIABLE (SEGMENTATIONRULEVAR_ID,VALUE,SEGMENTATIONRULE_ID,SEGMENTATIONVAR_ID) SELECT 40,'TLV_TV_BA',11,SEGMENTATIONVAR_ID FROM SEGMENTION_VARIABLE WHERE NAME='IVR_GROUP';
INSERT INTO SEGMENTION_RULE_VARIABLE (SEGMENTATIONRULEVAR_ID,VALUE,SEGMENTATIONRULE_ID,SEGMENTATIONVAR_ID) SELECT 41,'OI_TV',11,SEGMENTATIONVAR_ID FROM SEGMENTION_VARIABLE WHERE NAME='PRODUTO';
INSERT INTO CALLGROUP_DEST (CALLGROUP_ID,DESTINATION_ID) SELECT 8, DESTINATION_ID FROM DESTINATION WHERE DESTINATION_NUMBER='20956';
INSERT INTO SEGMENTATION_RULE (SEGMENTATIONRULE_ID,ACTIVE,DESCRIPTION,NAME,PRIORITY,CALLGROUP_ID) VALUES (12,1,'Segmentation Rule 12','Segmentation Rule 12',1,8);
INSERT INTO SEGMENTION_RULE_VARIABLE (SEGMENTATIONRULEVAR_ID,VALUE,SEGMENTATIONRULE_ID,SEGMENTATIONVAR_ID) SELECT 42,'OCT',12,SEGMENTATIONVAR_ID FROM SEGMENTION_VARIABLE WHERE NAME='COMBINADO_COM';
INSERT INTO SEGMENTION_RULE_VARIABLE (SEGMENTATIONRULEVAR_ID,VALUE,SEGMENTATIONRULE_ID,SEGMENTATIONVAR_ID) SELECT 43,'COMPRA',12,SEGMENTATIONVAR_ID FROM SEGMENTION_VARIABLE WHERE NAME='OPERACAO';
INSERT INTO SEGMENTION_RULE_VARIABLE (SEGMENTATIONRULEVAR_ID,VALUE,SEGMENTATIONRULE_ID,SEGMENTATIONVAR_ID) SELECT 44,'TLV_TV_BA',12,SEGMENTATIONVAR_ID FROM SEGMENTION_VARIABLE WHERE NAME='IVR_GROUP';
INSERT INTO SEGMENTION_RULE_VARIABLE (SEGMENTATIONRULEVAR_ID,VALUE,SEGMENTATIONRULE_ID,SEGMENTATIONVAR_ID) SELECT 45,'OI_TV',12,SEGMENTATIONVAR_ID FROM SEGMENTION_VARIABLE WHERE NAME='PRODUTO';
INSERT INTO CALLGROUP_DEST (CALLGROUP_ID,DESTINATION_ID) SELECT 8, DESTINATION_ID FROM DESTINATION WHERE DESTINATION_NUMBER='20957';
INSERT INTO SEGMENTATION_RULE (SEGMENTATIONRULE_ID,ACTIVE,DESCRIPTION,NAME,PRIORITY,CALLGROUP_ID) VALUES (13,1,'Segmentation Rule 13','Segmentation Rule 13',1,8);
INSERT INTO SEGMENTION_RULE_VARIABLE (SEGMENTATIONRULEVAR_ID,VALUE,SEGMENTATIONRULE_ID,SEGMENTATIONVAR_ID) SELECT 46,'OCT',13,SEGMENTATIONVAR_ID FROM SEGMENTION_VARIABLE WHERE NAME='COMBINADO_COM';
INSERT INTO SEGMENTION_RULE_VARIABLE (SEGMENTATIONRULEVAR_ID,VALUE,SEGMENTATIONRULE_ID,SEGMENTATIONVAR_ID) SELECT 47,'COMPRA',13,SEGMENTATIONVAR_ID FROM SEGMENTION_VARIABLE WHERE NAME='OPERACAO';
INSERT INTO SEGMENTION_RULE_VARIABLE (SEGMENTATIONRULEVAR_ID,VALUE,SEGMENTATIONRULE_ID,SEGMENTATIONVAR_ID) SELECT 48,'TLV_TV_BA',13,SEGMENTATIONVAR_ID FROM SEGMENTION_VARIABLE WHERE NAME='IVR_GROUP';
INSERT INTO SEGMENTION_RULE_VARIABLE (SEGMENTATIONRULEVAR_ID,VALUE,SEGMENTATIONRULE_ID,SEGMENTATIONVAR_ID) SELECT 49,'OI_TV',13,SEGMENTATIONVAR_ID FROM SEGMENTION_VARIABLE WHERE NAME='PRODUTO';
INSERT INTO CALLGROUP_DEST (CALLGROUP_ID,DESTINATION_ID) SELECT 8, DESTINATION_ID FROM DESTINATION WHERE DESTINATION_NUMBER='20930';
INSERT INTO SEGMENTATION_RULE (SEGMENTATIONRULE_ID,ACTIVE,DESCRIPTION,NAME,PRIORITY,CALLGROUP_ID) VALUES (14,1,'Segmentation Rule 14','Segmentation Rule 14',1,8);
INSERT INTO SEGMENTION_RULE_VARIABLE (SEGMENTATIONRULEVAR_ID,VALUE,SEGMENTATIONRULE_ID,SEGMENTATIONVAR_ID) SELECT 50,'OCT',14,SEGMENTATIONVAR_ID FROM SEGMENTION_VARIABLE WHERE NAME='COMBINADO_COM';
INSERT INTO SEGMENTION_RULE_VARIABLE (SEGMENTATIONRULEVAR_ID,VALUE,SEGMENTATIONRULE_ID,SEGMENTATIONVAR_ID) SELECT 51,'COMPRA',14,SEGMENTATIONVAR_ID FROM SEGMENTION_VARIABLE WHERE NAME='OPERACAO';
INSERT INTO SEGMENTION_RULE_VARIABLE (SEGMENTATIONRULEVAR_ID,VALUE,SEGMENTATIONRULE_ID,SEGMENTATIONVAR_ID) SELECT 52,'TLV_TV_BA',14,SEGMENTATIONVAR_ID FROM SEGMENTION_VARIABLE WHERE NAME='IVR_GROUP';
INSERT INTO SEGMENTION_RULE_VARIABLE (SEGMENTATIONRULEVAR_ID,VALUE,SEGMENTATIONRULE_ID,SEGMENTATIONVAR_ID) SELECT 53,'OI_TV',14,SEGMENTATIONVAR_ID FROM SEGMENTION_VARIABLE WHERE NAME='PRODUTO';
INSERT INTO CALLGROUP_DEST (CALLGROUP_ID,DESTINATION_ID) SELECT 8, DESTINATION_ID FROM DESTINATION WHERE DESTINATION_NUMBER='20931';
INSERT INTO SEGMENTATION_RULE (SEGMENTATIONRULE_ID,ACTIVE,DESCRIPTION,NAME,PRIORITY,CALLGROUP_ID) VALUES (15,1,'Segmentation Rule 15','Segmentation Rule 15',1,8);
INSERT INTO SEGMENTION_RULE_VARIABLE (SEGMENTATIONRULEVAR_ID,VALUE,SEGMENTATIONRULE_ID,SEGMENTATIONVAR_ID) SELECT 54,'OCT',15,SEGMENTATIONVAR_ID FROM SEGMENTION_VARIABLE WHERE NAME='COMBINADO_COM';
INSERT INTO SEGMENTION_RULE_VARIABLE (SEGMENTATIONRULEVAR_ID,VALUE,SEGMENTATIONRULE_ID,SEGMENTATIONVAR_ID) SELECT 55,'COMPRA',15,SEGMENTATIONVAR_ID FROM SEGMENTION_VARIABLE WHERE NAME='OPERACAO';
INSERT INTO SEGMENTION_RULE_VARIABLE (SEGMENTATIONRULEVAR_ID,VALUE,SEGMENTATIONRULE_ID,SEGMENTATIONVAR_ID) SELECT 56,'TLV_TV_BA',15,SEGMENTATIONVAR_ID FROM SEGMENTION_VARIABLE WHERE NAME='IVR_GROUP';
INSERT INTO SEGMENTION_RULE_VARIABLE (SEGMENTATIONRULEVAR_ID,VALUE,SEGMENTATIONRULE_ID,SEGMENTATIONVAR_ID) SELECT 57,'OI_TV',15,SEGMENTATIONVAR_ID FROM SEGMENTION_VARIABLE WHERE NAME='PRODUTO';
INSERT INTO CALLGROUP_DEST (CALLGROUP_ID,DESTINATION_ID) SELECT 8, DESTINATION_ID FROM DESTINATION WHERE DESTINATION_NUMBER='20932';
INSERT INTO SEGMENTATION_RULE (SEGMENTATIONRULE_ID,ACTIVE,DESCRIPTION,NAME,PRIORITY,CALLGROUP_ID) VALUES (16,1,'Segmentation Rule 16','Segmentation Rule 16',1,8);
INSERT INTO SEGMENTION_RULE_VARIABLE (SEGMENTATIONRULEVAR_ID,VALUE,SEGMENTATIONRULE_ID,SEGMENTATIONVAR_ID) SELECT 58,'OCT',16,SEGMENTATIONVAR_ID FROM SEGMENTION_VARIABLE WHERE NAME='COMBINADO_COM';
INSERT INTO SEGMENTION_RULE_VARIABLE (SEGMENTATIONRULEVAR_ID,VALUE,SEGMENTATIONRULE_ID,SEGMENTATIONVAR_ID) SELECT 59,'COMPRA',16,SEGMENTATIONVAR_ID FROM SEGMENTION_VARIABLE WHERE NAME='OPERACAO';
INSERT INTO SEGMENTION_RULE_VARIABLE (SEGMENTATIONRULEVAR_ID,VALUE,SEGMENTATIONRULE_ID,SEGMENTATIONVAR_ID) SELECT 60,'TLV_TV_BA',16,SEGMENTATIONVAR_ID FROM SEGMENTION_VARIABLE WHERE NAME='IVR_GROUP';
INSERT INTO SEGMENTION_RULE_VARIABLE (SEGMENTATIONRULEVAR_ID,VALUE,SEGMENTATIONRULE_ID,SEGMENTATIONVAR_ID) SELECT 61,'OI_TV',16,SEGMENTATIONVAR_ID FROM SEGMENTION_VARIABLE WHERE NAME='PRODUTO';
INSERT INTO CALLGROUP_DEST (CALLGROUP_ID,DESTINATION_ID) SELECT 8, DESTINATION_ID FROM DESTINATION WHERE DESTINATION_NUMBER='20933';
INSERT INTO SEGMENTATION_RULE (SEGMENTATIONRULE_ID,ACTIVE,DESCRIPTION,NAME,PRIORITY,CALLGROUP_ID) VALUES (17,1,'Segmentation Rule 17','Segmentation Rule 17',1,8);
INSERT INTO SEGMENTION_RULE_VARIABLE (SEGMENTATIONRULEVAR_ID,VALUE,SEGMENTATIONRULE_ID,SEGMENTATIONVAR_ID) SELECT 62,'OCT',17,SEGMENTATIONVAR_ID FROM SEGMENTION_VARIABLE WHERE NAME='COMBINADO_COM';
INSERT INTO SEGMENTION_RULE_VARIABLE (SEGMENTATIONRULEVAR_ID,VALUE,SEGMENTATIONRULE_ID,SEGMENTATIONVAR_ID) SELECT 63,'COMPRA',17,SEGMENTATIONVAR_ID FROM SEGMENTION_VARIABLE WHERE NAME='OPERACAO';
INSERT INTO SEGMENTION_RULE_VARIABLE (SEGMENTATIONRULEVAR_ID,VALUE,SEGMENTATIONRULE_ID,SEGMENTATIONVAR_ID) SELECT 64,'TLV_TV_BA',17,SEGMENTATIONVAR_ID FROM SEGMENTION_VARIABLE WHERE NAME='IVR_GROUP';
INSERT INTO SEGMENTION_RULE_VARIABLE (SEGMENTATIONRULEVAR_ID,VALUE,SEGMENTATIONRULE_ID,SEGMENTATIONVAR_ID) SELECT 65,'OI_TV',17,SEGMENTATIONVAR_ID FROM SEGMENTION_VARIABLE WHERE NAME='PRODUTO';
INSERT INTO CALLGROUP_DEST (CALLGROUP_ID,DESTINATION_ID) SELECT 8, DESTINATION_ID FROM DESTINATION WHERE DESTINATION_NUMBER='20934';
INSERT INTO SEGMENTATION_RULE (SEGMENTATIONRULE_ID,ACTIVE,DESCRIPTION,NAME,PRIORITY,CALLGROUP_ID) VALUES (18,1,'Segmentation Rule 18','Segmentation Rule 18',1,8);
INSERT INTO SEGMENTION_RULE_VARIABLE (SEGMENTATIONRULEVAR_ID,VALUE,SEGMENTATIONRULE_ID,SEGMENTATIONVAR_ID) SELECT 66,'OCT',18,SEGMENTATIONVAR_ID FROM SEGMENTION_VARIABLE WHERE NAME='COMBINADO_COM';
INSERT INTO SEGMENTION_RULE_VARIABLE (SEGMENTATIONRULEVAR_ID,VALUE,SEGMENTATIONRULE_ID,SEGMENTATIONVAR_ID) SELECT 67,'COMPRA',18,SEGMENTATIONVAR_ID FROM SEGMENTION_VARIABLE WHERE NAME='OPERACAO';
INSERT INTO SEGMENTION_RULE_VARIABLE (SEGMENTATIONRULEVAR_ID,VALUE,SEGMENTATIONRULE_ID,SEGMENTATIONVAR_ID) SELECT 68,'TLV_TV_BA',18,SEGMENTATIONVAR_ID FROM SEGMENTION_VARIABLE WHERE NAME='IVR_GROUP';
INSERT INTO SEGMENTION_RULE_VARIABLE (SEGMENTATIONRULEVAR_ID,VALUE,SEGMENTATIONRULE_ID,SEGMENTATIONVAR_ID) SELECT 69,'OI_TV',18,SEGMENTATIONVAR_ID FROM SEGMENTION_VARIABLE WHERE NAME='PRODUTO';
INSERT INTO CALLGROUP_DEST (CALLGROUP_ID,DESTINATION_ID) SELECT 8, DESTINATION_ID FROM DESTINATION WHERE DESTINATION_NUMBER='20935';
INSERT INTO SEGMENTATION_RULE (SEGMENTATIONRULE_ID,ACTIVE,DESCRIPTION,NAME,PRIORITY,CALLGROUP_ID) VALUES (19,1,'Segmentation Rule 19','Segmentation Rule 19',1,8);
INSERT INTO SEGMENTION_RULE_VARIABLE (SEGMENTATIONRULEVAR_ID,VALUE,SEGMENTATIONRULE_ID,SEGMENTATIONVAR_ID) SELECT 70,'OCT',19,SEGMENTATIONVAR_ID FROM SEGMENTION_VARIABLE WHERE NAME='COMBINADO_COM';
INSERT INTO SEGMENTION_RULE_VARIABLE (SEGMENTATIONRULEVAR_ID,VALUE,SEGMENTATIONRULE_ID,SEGMENTATIONVAR_ID) SELECT 71,'COMPRA',19,SEGMENTATIONVAR_ID FROM SEGMENTION_VARIABLE WHERE NAME='OPERACAO';
INSERT INTO SEGMENTION_RULE_VARIABLE (SEGMENTATIONRULEVAR_ID,VALUE,SEGMENTATIONRULE_ID,SEGMENTATIONVAR_ID) SELECT 72,'TLV_TV_BA',19,SEGMENTATIONVAR_ID FROM SEGMENTION_VARIABLE WHERE NAME='IVR_GROUP';
INSERT INTO SEGMENTION_RULE_VARIABLE (SEGMENTATIONRULEVAR_ID,VALUE,SEGMENTATIONRULE_ID,SEGMENTATIONVAR_ID) SELECT 73,'OI_TV',19,SEGMENTATIONVAR_ID FROM SEGMENTION_VARIABLE WHERE NAME='PRODUTO';
INSERT INTO CALLGROUP_DEST (CALLGROUP_ID,DESTINATION_ID) SELECT 8, DESTINATION_ID FROM DESTINATION WHERE DESTINATION_NUMBER='20936';
INSERT INTO SEGMENTATION_RULE (SEGMENTATIONRULE_ID,ACTIVE,DESCRIPTION,NAME,PRIORITY,CALLGROUP_ID) VALUES (20,1,'Segmentation Rule 20','Segmentation Rule 20',1,8);
INSERT INTO SEGMENTION_RULE_VARIABLE (SEGMENTATIONRULEVAR_ID,VALUE,SEGMENTATIONRULE_ID,SEGMENTATIONVAR_ID) SELECT 74,'OCT',20,SEGMENTATIONVAR_ID FROM SEGMENTION_VARIABLE WHERE NAME='COMBINADO_COM';
INSERT INTO SEGMENTION_RULE_VARIABLE (SEGMENTATIONRULEVAR_ID,VALUE,SEGMENTATIONRULE_ID,SEGMENTATIONVAR_ID) SELECT 75,'COMPRA',20,SEGMENTATIONVAR_ID FROM SEGMENTION_VARIABLE WHERE NAME='OPERACAO';
INSERT INTO SEGMENTION_RULE_VARIABLE (SEGMENTATIONRULEVAR_ID,VALUE,SEGMENTATIONRULE_ID,SEGMENTATIONVAR_ID) SELECT 76,'TLV_TV_BA',20,SEGMENTATIONVAR_ID FROM SEGMENTION_VARIABLE WHERE NAME='IVR_GROUP';
INSERT INTO SEGMENTION_RULE_VARIABLE (SEGMENTATIONRULEVAR_ID,VALUE,SEGMENTATIONRULE_ID,SEGMENTATIONVAR_ID) SELECT 77,'OI_TV',20,SEGMENTATIONVAR_ID FROM SEGMENTION_VARIABLE WHERE NAME='PRODUTO';
INSERT INTO CALLGROUP_DEST (CALLGROUP_ID,DESTINATION_ID) SELECT 8, DESTINATION_ID FROM DESTINATION WHERE DESTINATION_NUMBER='20937';
INSERT INTO SEGMENTATION_RULE (SEGMENTATIONRULE_ID,ACTIVE,DESCRIPTION,NAME,PRIORITY,CALLGROUP_ID) VALUES (21,1,'Segmentation Rule 21','Segmentation Rule 21',1,8);
INSERT INTO SEGMENTION_RULE_VARIABLE (SEGMENTATIONRULEVAR_ID,VALUE,SEGMENTATIONRULE_ID,SEGMENTATIONVAR_ID) SELECT 78,'OCT',21,SEGMENTATIONVAR_ID FROM SEGMENTION_VARIABLE WHERE NAME='COMBINADO_COM';
INSERT INTO SEGMENTION_RULE_VARIABLE (SEGMENTATIONRULEVAR_ID,VALUE,SEGMENTATIONRULE_ID,SEGMENTATIONVAR_ID) SELECT 79,'COMPRA',21,SEGMENTATIONVAR_ID FROM SEGMENTION_VARIABLE WHERE NAME='OPERACAO';
INSERT INTO SEGMENTION_RULE_VARIABLE (SEGMENTATIONRULEVAR_ID,VALUE,SEGMENTATIONRULE_ID,SEGMENTATIONVAR_ID) SELECT 80,'TLV_TV_BA',21,SEGMENTATIONVAR_ID FROM SEGMENTION_VARIABLE WHERE NAME='IVR_GROUP';
INSERT INTO SEGMENTION_RULE_VARIABLE (SEGMENTATIONRULEVAR_ID,VALUE,SEGMENTATIONRULE_ID,SEGMENTATIONVAR_ID) SELECT 81,'OI_TV',21,SEGMENTATIONVAR_ID FROM SEGMENTION_VARIABLE WHERE NAME='PRODUTO';
INSERT INTO CALLGROUP_DEST (CALLGROUP_ID,DESTINATION_ID) SELECT 8, DESTINATION_ID FROM DESTINATION WHERE DESTINATION_NUMBER='27979';
INSERT INTO SEGMENTATION_RULE (SEGMENTATIONRULE_ID,ACTIVE,DESCRIPTION,NAME,PRIORITY,CALLGROUP_ID) VALUES (22,1,'Segmentation Rule 22','Segmentation Rule 22',1,8);
INSERT INTO SEGMENTION_RULE_VARIABLE (SEGMENTATIONRULEVAR_ID,VALUE,SEGMENTATIONRULE_ID,SEGMENTATIONVAR_ID) SELECT 82,'OCT',22,SEGMENTATIONVAR_ID FROM SEGMENTION_VARIABLE WHERE NAME='COMBINADO_COM';
INSERT INTO SEGMENTION_RULE_VARIABLE (SEGMENTATIONRULEVAR_ID,VALUE,SEGMENTATIONRULE_ID,SEGMENTATIONVAR_ID) SELECT 83,'COMPRA',22,SEGMENTATIONVAR_ID FROM SEGMENTION_VARIABLE WHERE NAME='OPERACAO';
INSERT INTO SEGMENTION_RULE_VARIABLE (SEGMENTATIONRULEVAR_ID,VALUE,SEGMENTATIONRULE_ID,SEGMENTATIONVAR_ID) SELECT 84,'TLV_TV_BA',22,SEGMENTATIONVAR_ID FROM SEGMENTION_VARIABLE WHERE NAME='IVR_GROUP';
INSERT INTO SEGMENTION_RULE_VARIABLE (SEGMENTATIONRULEVAR_ID,VALUE,SEGMENTATIONRULE_ID,SEGMENTATIONVAR_ID) SELECT 85,'OI_TV',22,SEGMENTATIONVAR_ID FROM SEGMENTION_VARIABLE WHERE NAME='PRODUTO';
INSERT INTO CALLGROUP_DEST (CALLGROUP_ID,DESTINATION_ID) SELECT 8, DESTINATION_ID FROM DESTINATION WHERE DESTINATION_NUMBER='20955';
INSERT INTO SEGMENTATION_RULE (SEGMENTATIONRULE_ID,ACTIVE,DESCRIPTION,NAME,PRIORITY,CALLGROUP_ID) VALUES (23,1,'Segmentation Rule 23','Segmentation Rule 23',1,8);
INSERT INTO SEGMENTION_RULE_VARIABLE (SEGMENTATIONRULEVAR_ID,VALUE,SEGMENTATIONRULE_ID,SEGMENTATIONVAR_ID) SELECT 86,'OCT',23,SEGMENTATIONVAR_ID FROM SEGMENTION_VARIABLE WHERE NAME='COMBINADO_COM';
INSERT INTO SEGMENTION_RULE_VARIABLE (SEGMENTATIONRULEVAR_ID,VALUE,SEGMENTATIONRULE_ID,SEGMENTATIONVAR_ID) SELECT 87,'COMPRA',23,SEGMENTATIONVAR_ID FROM SEGMENTION_VARIABLE WHERE NAME='OPERACAO';
INSERT INTO SEGMENTION_RULE_VARIABLE (SEGMENTATIONRULEVAR_ID,VALUE,SEGMENTATIONRULE_ID,SEGMENTATIONVAR_ID) SELECT 88,'TLV_TV_BA',23,SEGMENTATIONVAR_ID FROM SEGMENTION_VARIABLE WHERE NAME='IVR_GROUP';
INSERT INTO SEGMENTION_RULE_VARIABLE (SEGMENTATIONRULEVAR_ID,VALUE,SEGMENTATIONRULE_ID,SEGMENTATIONVAR_ID) SELECT 89,'OI_TV',23,SEGMENTATIONVAR_ID FROM SEGMENTION_VARIABLE WHERE NAME='PRODUTO';
INSERT INTO CALLGROUP_DEST (CALLGROUP_ID,DESTINATION_ID) SELECT 8, DESTINATION_ID FROM DESTINATION WHERE DESTINATION_NUMBER='27959';
INSERT INTO SEGMENTATION_RULE (SEGMENTATIONRULE_ID,ACTIVE,DESCRIPTION,NAME,PRIORITY,CALLGROUP_ID) VALUES (24,1,'Segmentation Rule 24','Segmentation Rule 24',1,8);
INSERT INTO SEGMENTION_RULE_VARIABLE (SEGMENTATIONRULEVAR_ID,VALUE,SEGMENTATIONRULE_ID,SEGMENTATIONVAR_ID) SELECT 90,'OCT',24,SEGMENTATIONVAR_ID FROM SEGMENTION_VARIABLE WHERE NAME='COMBINADO_COM';
INSERT INTO SEGMENTION_RULE_VARIABLE (SEGMENTATIONRULEVAR_ID,VALUE,SEGMENTATIONRULE_ID,SEGMENTATIONVAR_ID) SELECT 91,'COMPRA',24,SEGMENTATIONVAR_ID FROM SEGMENTION_VARIABLE WHERE NAME='OPERACAO';
INSERT INTO SEGMENTION_RULE_VARIABLE (SEGMENTATIONRULEVAR_ID,VALUE,SEGMENTATIONRULE_ID,SEGMENTATIONVAR_ID) SELECT 92,'TLV_TV_BA',24,SEGMENTATIONVAR_ID FROM SEGMENTION_VARIABLE WHERE NAME='IVR_GROUP';
INSERT INTO SEGMENTION_RULE_VARIABLE (SEGMENTATIONRULEVAR_ID,VALUE,SEGMENTATIONRULE_ID,SEGMENTATIONVAR_ID) SELECT 93,'OI_TV',24,SEGMENTATIONVAR_ID FROM SEGMENTION_VARIABLE WHERE NAME='PRODUTO';
INSERT INTO CALLGROUP_DEST (CALLGROUP_ID,DESTINATION_ID) SELECT 8, DESTINATION_ID FROM DESTINATION WHERE DESTINATION_NUMBER='27958';
INSERT INTO SEGMENTATION_RULE (SEGMENTATIONRULE_ID,ACTIVE,DESCRIPTION,NAME,PRIORITY,CALLGROUP_ID) VALUES (25,1,'Segmentation Rule 25','Segmentation Rule 25',1,8);
INSERT INTO SEGMENTION_RULE_VARIABLE (SEGMENTATIONRULEVAR_ID,VALUE,SEGMENTATIONRULE_ID,SEGMENTATIONVAR_ID) SELECT 94,'OCT',25,SEGMENTATIONVAR_ID FROM SEGMENTION_VARIABLE WHERE NAME='COMBINADO_COM';
INSERT INTO SEGMENTION_RULE_VARIABLE (SEGMENTATIONRULEVAR_ID,VALUE,SEGMENTATIONRULE_ID,SEGMENTATIONVAR_ID) SELECT 95,'COMPRA',25,SEGMENTATIONVAR_ID FROM SEGMENTION_VARIABLE WHERE NAME='OPERACAO';
INSERT INTO SEGMENTION_RULE_VARIABLE (SEGMENTATIONRULEVAR_ID,VALUE,SEGMENTATIONRULE_ID,SEGMENTATIONVAR_ID) SELECT 96,'TLV_TV_BA',25,SEGMENTATIONVAR_ID FROM SEGMENTION_VARIABLE WHERE NAME='IVR_GROUP';
INSERT INTO SEGMENTION_RULE_VARIABLE (SEGMENTATIONRULEVAR_ID,VALUE,SEGMENTATIONRULE_ID,SEGMENTATIONVAR_ID) SELECT 97,'OI_TV',25,SEGMENTATIONVAR_ID FROM SEGMENTION_VARIABLE WHERE NAME='PRODUTO';
INSERT INTO CALLGROUP_DEST (CALLGROUP_ID,DESTINATION_ID) SELECT 8, DESTINATION_ID FROM DESTINATION WHERE DESTINATION_NUMBER='27957';
INSERT INTO SEGMENTATION_RULE (SEGMENTATIONRULE_ID,ACTIVE,DESCRIPTION,NAME,PRIORITY,CALLGROUP_ID) VALUES (26,1,'Segmentation Rule 26','Segmentation Rule 26',1,8);
INSERT INTO SEGMENTION_RULE_VARIABLE (SEGMENTATIONRULEVAR_ID,VALUE,SEGMENTATIONRULE_ID,SEGMENTATIONVAR_ID) SELECT 98,'OCT',26,SEGMENTATIONVAR_ID FROM SEGMENTION_VARIABLE WHERE NAME='COMBINADO_COM';
INSERT INTO SEGMENTION_RULE_VARIABLE (SEGMENTATIONRULEVAR_ID,VALUE,SEGMENTATIONRULE_ID,SEGMENTATIONVAR_ID) SELECT 99,'COMPRA',26,SEGMENTATIONVAR_ID FROM SEGMENTION_VARIABLE WHERE NAME='OPERACAO';
INSERT INTO SEGMENTION_RULE_VARIABLE (SEGMENTATIONRULEVAR_ID,VALUE,SEGMENTATIONRULE_ID,SEGMENTATIONVAR_ID) SELECT 100,'TLV_TV_BA',26,SEGMENTATIONVAR_ID FROM SEGMENTION_VARIABLE WHERE NAME='IVR_GROUP';
INSERT INTO SEGMENTION_RULE_VARIABLE (SEGMENTATIONRULEVAR_ID,VALUE,SEGMENTATIONRULE_ID,SEGMENTATIONVAR_ID) SELECT 101,'OI_TV',26,SEGMENTATIONVAR_ID FROM SEGMENTION_VARIABLE WHERE NAME='PRODUTO';
INSERT INTO CALLGROUP_DEST (CALLGROUP_ID,DESTINATION_ID) SELECT 8, DESTINATION_ID FROM DESTINATION WHERE DESTINATION_NUMBER='27197';
INSERT INTO SEGMENTATION_RULE (SEGMENTATIONRULE_ID,ACTIVE,DESCRIPTION,NAME,PRIORITY,CALLGROUP_ID) VALUES (27,1,'Segmentation Rule 27','Segmentation Rule 27',1,8);
INSERT INTO SEGMENTION_RULE_VARIABLE (SEGMENTATIONRULEVAR_ID,VALUE,SEGMENTATIONRULE_ID,SEGMENTATIONVAR_ID) SELECT 102,'OCT',27,SEGMENTATIONVAR_ID FROM SEGMENTION_VARIABLE WHERE NAME='COMBINADO_COM';
INSERT INTO SEGMENTION_RULE_VARIABLE (SEGMENTATIONRULEVAR_ID,VALUE,SEGMENTATIONRULE_ID,SEGMENTATIONVAR_ID) SELECT 103,'COMPRA',27,SEGMENTATIONVAR_ID FROM SEGMENTION_VARIABLE WHERE NAME='OPERACAO';
INSERT INTO SEGMENTION_RULE_VARIABLE (SEGMENTATIONRULEVAR_ID,VALUE,SEGMENTATIONRULE_ID,SEGMENTATIONVAR_ID) SELECT 104,'TLV_TV_BA',27,SEGMENTATIONVAR_ID FROM SEGMENTION_VARIABLE WHERE NAME='IVR_GROUP';
INSERT INTO SEGMENTION_RULE_VARIABLE (SEGMENTATIONRULEVAR_ID,VALUE,SEGMENTATIONRULE_ID,SEGMENTATIONVAR_ID) SELECT 105,'OI_TV',27,SEGMENTATIONVAR_ID FROM SEGMENTION_VARIABLE WHERE NAME='PRODUTO';
INSERT INTO CALLGROUP_DEST (CALLGROUP_ID,DESTINATION_ID) SELECT 8, DESTINATION_ID FROM DESTINATION WHERE DESTINATION_NUMBER='27955';
INSERT INTO SEGMENTATION_RULE (SEGMENTATIONRULE_ID,ACTIVE,DESCRIPTION,NAME,PRIORITY,CALLGROUP_ID) VALUES (28,1,'Segmentation Rule 28','Segmentation Rule 28',1,8);
INSERT INTO SEGMENTION_RULE_VARIABLE (SEGMENTATIONRULEVAR_ID,VALUE,SEGMENTATIONRULE_ID,SEGMENTATIONVAR_ID) SELECT 106,'OCT',28,SEGMENTATIONVAR_ID FROM SEGMENTION_VARIABLE WHERE NAME='COMBINADO_COM';
INSERT INTO SEGMENTION_RULE_VARIABLE (SEGMENTATIONRULEVAR_ID,VALUE,SEGMENTATIONRULE_ID,SEGMENTATIONVAR_ID) SELECT 107,'COMPRA',28,SEGMENTATIONVAR_ID FROM SEGMENTION_VARIABLE WHERE NAME='OPERACAO';
INSERT INTO SEGMENTION_RULE_VARIABLE (SEGMENTATIONRULEVAR_ID,VALUE,SEGMENTATIONRULE_ID,SEGMENTATIONVAR_ID) SELECT 108,'TLV_TV_BA',28,SEGMENTATIONVAR_ID FROM SEGMENTION_VARIABLE WHERE NAME='IVR_GROUP';
INSERT INTO SEGMENTION_RULE_VARIABLE (SEGMENTATIONRULEVAR_ID,VALUE,SEGMENTATIONRULE_ID,SEGMENTATIONVAR_ID) SELECT 109,'OI_TV',28,SEGMENTATIONVAR_ID FROM SEGMENTION_VARIABLE WHERE NAME='PRODUTO';
INSERT INTO CALLGROUP_DEST (CALLGROUP_ID,DESTINATION_ID) SELECT 8, DESTINATION_ID FROM DESTINATION WHERE DESTINATION_NUMBER='27954';
INSERT INTO SEGMENTATION_RULE (SEGMENTATIONRULE_ID,ACTIVE,DESCRIPTION,NAME,PRIORITY,CALLGROUP_ID) VALUES (29,1,'Segmentation Rule 29','Segmentation Rule 29',1,8);
INSERT INTO SEGMENTION_RULE_VARIABLE (SEGMENTATIONRULEVAR_ID,VALUE,SEGMENTATIONRULE_ID,SEGMENTATIONVAR_ID) SELECT 110,'OCT',29,SEGMENTATIONVAR_ID FROM SEGMENTION_VARIABLE WHERE NAME='COMBINADO_COM';
INSERT INTO SEGMENTION_RULE_VARIABLE (SEGMENTATIONRULEVAR_ID,VALUE,SEGMENTATIONRULE_ID,SEGMENTATIONVAR_ID) SELECT 111,'COMPRA',29,SEGMENTATIONVAR_ID FROM SEGMENTION_VARIABLE WHERE NAME='OPERACAO';
INSERT INTO SEGMENTION_RULE_VARIABLE (SEGMENTATIONRULEVAR_ID,VALUE,SEGMENTATIONRULE_ID,SEGMENTATIONVAR_ID) SELECT 112,'TLV_TV_BA',29,SEGMENTATIONVAR_ID FROM SEGMENTION_VARIABLE WHERE NAME='IVR_GROUP';
INSERT INTO SEGMENTION_RULE_VARIABLE (SEGMENTATIONRULEVAR_ID,VALUE,SEGMENTATIONRULE_ID,SEGMENTATIONVAR_ID) SELECT 113,'OI_TV',29,SEGMENTATIONVAR_ID FROM SEGMENTION_VARIABLE WHERE NAME='PRODUTO';
INSERT INTO CALLGROUP_DEST (CALLGROUP_ID,DESTINATION_ID) SELECT 8, DESTINATION_ID FROM DESTINATION WHERE DESTINATION_NUMBER='27953';
INSERT INTO SEGMENTATION_RULE (SEGMENTATIONRULE_ID,ACTIVE,DESCRIPTION,NAME,PRIORITY,CALLGROUP_ID) VALUES (30,1,'Segmentation Rule 30','Segmentation Rule 30',1,8);
INSERT INTO SEGMENTION_RULE_VARIABLE (SEGMENTATIONRULEVAR_ID,VALUE,SEGMENTATIONRULE_ID,SEGMENTATIONVAR_ID) SELECT 114,'OCT',30,SEGMENTATIONVAR_ID FROM SEGMENTION_VARIABLE WHERE NAME='COMBINADO_COM';
INSERT INTO SEGMENTION_RULE_VARIABLE (SEGMENTATIONRULEVAR_ID,VALUE,SEGMENTATIONRULE_ID,SEGMENTATIONVAR_ID) SELECT 115,'COMPRA',30,SEGMENTATIONVAR_ID FROM SEGMENTION_VARIABLE WHERE NAME='OPERACAO';
INSERT INTO SEGMENTION_RULE_VARIABLE (SEGMENTATIONRULEVAR_ID,VALUE,SEGMENTATIONRULE_ID,SEGMENTATIONVAR_ID) SELECT 116,'TLV_TV_BA',30,SEGMENTATIONVAR_ID FROM SEGMENTION_VARIABLE WHERE NAME='IVR_GROUP';
INSERT INTO SEGMENTION_RULE_VARIABLE (SEGMENTATIONRULEVAR_ID,VALUE,SEGMENTATIONRULE_ID,SEGMENTATIONVAR_ID) SELECT 117,'OI_TV',30,SEGMENTATIONVAR_ID FROM SEGMENTION_VARIABLE WHERE NAME='PRODUTO';
INSERT INTO CALLGROUP_DEST (CALLGROUP_ID,DESTINATION_ID) SELECT 8, DESTINATION_ID FROM DESTINATION WHERE DESTINATION_NUMBER='27952';
INSERT INTO SEGMENTATION_RULE (SEGMENTATIONRULE_ID,ACTIVE,DESCRIPTION,NAME,PRIORITY,CALLGROUP_ID) VALUES (31,1,'Segmentation Rule 31','Segmentation Rule 31',1,8);
INSERT INTO SEGMENTION_RULE_VARIABLE (SEGMENTATIONRULEVAR_ID,VALUE,SEGMENTATIONRULE_ID,SEGMENTATIONVAR_ID) SELECT 118,'OCT',31,SEGMENTATIONVAR_ID FROM SEGMENTION_VARIABLE WHERE NAME='COMBINADO_COM';
INSERT INTO SEGMENTION_RULE_VARIABLE (SEGMENTATIONRULEVAR_ID,VALUE,SEGMENTATIONRULE_ID,SEGMENTATIONVAR_ID) SELECT 119,'COMPRA',31,SEGMENTATIONVAR_ID FROM SEGMENTION_VARIABLE WHERE NAME='OPERACAO';
INSERT INTO SEGMENTION_RULE_VARIABLE (SEGMENTATIONRULEVAR_ID,VALUE,SEGMENTATIONRULE_ID,SEGMENTATIONVAR_ID) SELECT 120,'TLV_TV_BA',31,SEGMENTATIONVAR_ID FROM SEGMENTION_VARIABLE WHERE NAME='IVR_GROUP';
INSERT INTO SEGMENTION_RULE_VARIABLE (SEGMENTATIONRULEVAR_ID,VALUE,SEGMENTATIONRULE_ID,SEGMENTATIONVAR_ID) SELECT 121,'OI_TV',31,SEGMENTATIONVAR_ID FROM SEGMENTION_VARIABLE WHERE NAME='PRODUTO';
INSERT INTO CALLGROUP_DEST (CALLGROUP_ID,DESTINATION_ID) SELECT 8, DESTINATION_ID FROM DESTINATION WHERE DESTINATION_NUMBER='27951';
INSERT INTO SEGMENTATION_RULE (SEGMENTATIONRULE_ID,ACTIVE,DESCRIPTION,NAME,PRIORITY,CALLGROUP_ID) VALUES (32,1,'Segmentation Rule 32','Segmentation Rule 32',1,8);
INSERT INTO SEGMENTION_RULE_VARIABLE (SEGMENTATIONRULEVAR_ID,VALUE,SEGMENTATIONRULE_ID,SEGMENTATIONVAR_ID) SELECT 122,'OCT',32,SEGMENTATIONVAR_ID FROM SEGMENTION_VARIABLE WHERE NAME='COMBINADO_COM';
INSERT INTO SEGMENTION_RULE_VARIABLE (SEGMENTATIONRULEVAR_ID,VALUE,SEGMENTATIONRULE_ID,SEGMENTATIONVAR_ID) SELECT 123,'COMPRA',32,SEGMENTATIONVAR_ID FROM SEGMENTION_VARIABLE WHERE NAME='OPERACAO';
INSERT INTO SEGMENTION_RULE_VARIABLE (SEGMENTATIONRULEVAR_ID,VALUE,SEGMENTATIONRULE_ID,SEGMENTATIONVAR_ID) SELECT 124,'TLV_TV_BA',32,SEGMENTATIONVAR_ID FROM SEGMENTION_VARIABLE WHERE NAME='IVR_GROUP';
INSERT INTO SEGMENTION_RULE_VARIABLE (SEGMENTATIONRULEVAR_ID,VALUE,SEGMENTATIONRULE_ID,SEGMENTATIONVAR_ID) SELECT 125,'OI_TV',32,SEGMENTATIONVAR_ID FROM SEGMENTION_VARIABLE WHERE NAME='PRODUTO';
INSERT INTO CALLGROUP_DEST (CALLGROUP_ID,DESTINATION_ID) SELECT 8, DESTINATION_ID FROM DESTINATION WHERE DESTINATION_NUMBER='27196';
INSERT INTO SEGMENTATION_RULE (SEGMENTATIONRULE_ID,ACTIVE,DESCRIPTION,NAME,PRIORITY,CALLGROUP_ID) VALUES (33,1,'Segmentation Rule 33','Segmentation Rule 33',1,8);
INSERT INTO SEGMENTION_RULE_VARIABLE (SEGMENTATIONRULEVAR_ID,VALUE,SEGMENTATIONRULE_ID,SEGMENTATIONVAR_ID) SELECT 126,'OCT',33,SEGMENTATIONVAR_ID FROM SEGMENTION_VARIABLE WHERE NAME='COMBINADO_COM';
INSERT INTO SEGMENTION_RULE_VARIABLE (SEGMENTATIONRULEVAR_ID,VALUE,SEGMENTATIONRULE_ID,SEGMENTATIONVAR_ID) SELECT 127,'COMPRA',33,SEGMENTATIONVAR_ID FROM SEGMENTION_VARIABLE WHERE NAME='OPERACAO';
INSERT INTO SEGMENTION_RULE_VARIABLE (SEGMENTATIONRULEVAR_ID,VALUE,SEGMENTATIONRULE_ID,SEGMENTATIONVAR_ID) SELECT 128,'TLV_TV_BA',33,SEGMENTATIONVAR_ID FROM SEGMENTION_VARIABLE WHERE NAME='IVR_GROUP';
INSERT INTO SEGMENTION_RULE_VARIABLE (SEGMENTATIONRULEVAR_ID,VALUE,SEGMENTATIONRULE_ID,SEGMENTATIONVAR_ID) SELECT 129,'OI_TV',33,SEGMENTATIONVAR_ID FROM SEGMENTION_VARIABLE WHERE NAME='PRODUTO';
INSERT INTO CALLGROUP_DEST (CALLGROUP_ID,DESTINATION_ID) SELECT 8, DESTINATION_ID FROM DESTINATION WHERE DESTINATION_NUMBER='20928';
INSERT INTO SEGMENTATION_RULE (SEGMENTATIONRULE_ID,ACTIVE,DESCRIPTION,NAME,PRIORITY,CALLGROUP_ID) VALUES (34,1,'Segmentation Rule 34','Segmentation Rule 34',1,8);
INSERT INTO SEGMENTION_RULE_VARIABLE (SEGMENTATIONRULEVAR_ID,VALUE,SEGMENTATIONRULE_ID,SEGMENTATIONVAR_ID) SELECT 130,'OCT',34,SEGMENTATIONVAR_ID FROM SEGMENTION_VARIABLE WHERE NAME='COMBINADO_COM';
INSERT INTO SEGMENTION_RULE_VARIABLE (SEGMENTATIONRULEVAR_ID,VALUE,SEGMENTATIONRULE_ID,SEGMENTATIONVAR_ID) SELECT 131,'COMPRA',34,SEGMENTATIONVAR_ID FROM SEGMENTION_VARIABLE WHERE NAME='OPERACAO';
INSERT INTO SEGMENTION_RULE_VARIABLE (SEGMENTATIONRULEVAR_ID,VALUE,SEGMENTATIONRULE_ID,SEGMENTATIONVAR_ID) SELECT 132,'TLV_TV_BA',34,SEGMENTATIONVAR_ID FROM SEGMENTION_VARIABLE WHERE NAME='IVR_GROUP';
INSERT INTO SEGMENTION_RULE_VARIABLE (SEGMENTATIONRULEVAR_ID,VALUE,SEGMENTATIONRULE_ID,SEGMENTATIONVAR_ID) SELECT 133,'OI_TV',34,SEGMENTATIONVAR_ID FROM SEGMENTION_VARIABLE WHERE NAME='PRODUTO';
INSERT INTO CALLGROUP_DEST (CALLGROUP_ID,DESTINATION_ID) SELECT 8, DESTINATION_ID FROM DESTINATION WHERE DESTINATION_NUMBER='20929';
INSERT INTO SEGMENTATION_RULE (SEGMENTATIONRULE_ID,ACTIVE,DESCRIPTION,NAME,PRIORITY,CALLGROUP_ID) VALUES (35,1,'Segmentation Rule 35','Segmentation Rule 35',1,8);
INSERT INTO SEGMENTION_RULE_VARIABLE (SEGMENTATIONRULEVAR_ID,VALUE,SEGMENTATIONRULE_ID,SEGMENTATIONVAR_ID) SELECT 134,'OCT',35,SEGMENTATIONVAR_ID FROM SEGMENTION_VARIABLE WHERE NAME='COMBINADO_COM';
INSERT INTO SEGMENTION_RULE_VARIABLE (SEGMENTATIONRULEVAR_ID,VALUE,SEGMENTATIONRULE_ID,SEGMENTATIONVAR_ID) SELECT 135,'COMPRA',35,SEGMENTATIONVAR_ID FROM SEGMENTION_VARIABLE WHERE NAME='OPERACAO';
INSERT INTO SEGMENTION_RULE_VARIABLE (SEGMENTATIONRULEVAR_ID,VALUE,SEGMENTATIONRULE_ID,SEGMENTATIONVAR_ID) SELECT 136,'TLV_TV_BA',35,SEGMENTATIONVAR_ID FROM SEGMENTION_VARIABLE WHERE NAME='IVR_GROUP';
INSERT INTO SEGMENTION_RULE_VARIABLE (SEGMENTATIONRULEVAR_ID,VALUE,SEGMENTATIONRULE_ID,SEGMENTATIONVAR_ID) SELECT 137,'OI_TV',35,SEGMENTATIONVAR_ID FROM SEGMENTION_VARIABLE WHERE NAME='PRODUTO';
INSERT INTO CALLGROUP_DEST (CALLGROUP_ID,DESTINATION_ID) SELECT 8, DESTINATION_ID FROM DESTINATION WHERE DESTINATION_NUMBER='27971';
INSERT INTO SEGMENTATION_RULE (SEGMENTATIONRULE_ID,ACTIVE,DESCRIPTION,NAME,PRIORITY,CALLGROUP_ID) VALUES (36,1,'Segmentation Rule 36','Segmentation Rule 36',1,8);
INSERT INTO SEGMENTION_RULE_VARIABLE (SEGMENTATIONRULEVAR_ID,VALUE,SEGMENTATIONRULE_ID,SEGMENTATIONVAR_ID) SELECT 138,'OCT',36,SEGMENTATIONVAR_ID FROM SEGMENTION_VARIABLE WHERE NAME='COMBINADO_COM';
INSERT INTO SEGMENTION_RULE_VARIABLE (SEGMENTATIONRULEVAR_ID,VALUE,SEGMENTATIONRULE_ID,SEGMENTATIONVAR_ID) SELECT 139,'COMPRA',36,SEGMENTATIONVAR_ID FROM SEGMENTION_VARIABLE WHERE NAME='OPERACAO';
INSERT INTO SEGMENTION_RULE_VARIABLE (SEGMENTATIONRULEVAR_ID,VALUE,SEGMENTATIONRULE_ID,SEGMENTATIONVAR_ID) SELECT 140,'TLV_TV_BA',36,SEGMENTATIONVAR_ID FROM SEGMENTION_VARIABLE WHERE NAME='IVR_GROUP';
INSERT INTO SEGMENTION_RULE_VARIABLE (SEGMENTATIONRULEVAR_ID,VALUE,SEGMENTATIONRULE_ID,SEGMENTATIONVAR_ID) SELECT 141,'OI_TV',36,SEGMENTATIONVAR_ID FROM SEGMENTION_VARIABLE WHERE NAME='PRODUTO';
INSERT INTO CALLGROUP_DEST (CALLGROUP_ID,DESTINATION_ID) SELECT 8, DESTINATION_ID FROM DESTINATION WHERE DESTINATION_NUMBER='27194';
INSERT INTO SEGMENTATION_RULE (SEGMENTATIONRULE_ID,ACTIVE,DESCRIPTION,NAME,PRIORITY,CALLGROUP_ID) VALUES (37,1,'Segmentation Rule 37','Segmentation Rule 37',1,8);
INSERT INTO SEGMENTION_RULE_VARIABLE (SEGMENTATIONRULEVAR_ID,VALUE,SEGMENTATIONRULE_ID,SEGMENTATIONVAR_ID) SELECT 142,'OCT',37,SEGMENTATIONVAR_ID FROM SEGMENTION_VARIABLE WHERE NAME='COMBINADO_COM';
INSERT INTO SEGMENTION_RULE_VARIABLE (SEGMENTATIONRULEVAR_ID,VALUE,SEGMENTATIONRULE_ID,SEGMENTATIONVAR_ID) SELECT 143,'COMPRA',37,SEGMENTATIONVAR_ID FROM SEGMENTION_VARIABLE WHERE NAME='OPERACAO';
INSERT INTO SEGMENTION_RULE_VARIABLE (SEGMENTATIONRULEVAR_ID,VALUE,SEGMENTATIONRULE_ID,SEGMENTATIONVAR_ID) SELECT 144,'TLV_TV_BA',37,SEGMENTATIONVAR_ID FROM SEGMENTION_VARIABLE WHERE NAME='IVR_GROUP';
INSERT INTO SEGMENTION_RULE_VARIABLE (SEGMENTATIONRULEVAR_ID,VALUE,SEGMENTATIONRULE_ID,SEGMENTATIONVAR_ID) SELECT 145,'OI_TV',37,SEGMENTATIONVAR_ID FROM SEGMENTION_VARIABLE WHERE NAME='PRODUTO';
INSERT INTO CALLGROUP_DEST (CALLGROUP_ID,DESTINATION_ID) SELECT 8, DESTINATION_ID FROM DESTINATION WHERE DESTINATION_NUMBER='27950';
INSERT INTO SEGMENTATION_RULE (SEGMENTATIONRULE_ID,ACTIVE,DESCRIPTION,NAME,PRIORITY,CALLGROUP_ID) VALUES (38,1,'Segmentation Rule 38','Segmentation Rule 38',1,8);
INSERT INTO SEGMENTION_RULE_VARIABLE (SEGMENTATIONRULEVAR_ID,VALUE,SEGMENTATIONRULE_ID,SEGMENTATIONVAR_ID) SELECT 146,'OCT',38,SEGMENTATIONVAR_ID FROM SEGMENTION_VARIABLE WHERE NAME='COMBINADO_COM';
INSERT INTO SEGMENTION_RULE_VARIABLE (SEGMENTATIONRULEVAR_ID,VALUE,SEGMENTATIONRULE_ID,SEGMENTATIONVAR_ID) SELECT 147,'COMPRA',38,SEGMENTATIONVAR_ID FROM SEGMENTION_VARIABLE WHERE NAME='OPERACAO';
INSERT INTO SEGMENTION_RULE_VARIABLE (SEGMENTATIONRULEVAR_ID,VALUE,SEGMENTATIONRULE_ID,SEGMENTATIONVAR_ID) SELECT 148,'TLV_TV_BA',38,SEGMENTATIONVAR_ID FROM SEGMENTION_VARIABLE WHERE NAME='IVR_GROUP';
INSERT INTO SEGMENTION_RULE_VARIABLE (SEGMENTATIONRULEVAR_ID,VALUE,SEGMENTATIONRULE_ID,SEGMENTATIONVAR_ID) SELECT 149,'OI_TV',38,SEGMENTATIONVAR_ID FROM SEGMENTION_VARIABLE WHERE NAME='PRODUTO';
INSERT INTO CALLGROUP_DEST (CALLGROUP_ID,DESTINATION_ID) SELECT 8, DESTINATION_ID FROM DESTINATION WHERE DESTINATION_NUMBER='20950';
INSERT INTO SEGMENTATION_RULE (SEGMENTATIONRULE_ID,ACTIVE,DESCRIPTION,NAME,PRIORITY,CALLGROUP_ID) VALUES (39,1,'Segmentation Rule 39','Segmentation Rule 39',1,8);
INSERT INTO SEGMENTION_RULE_VARIABLE (SEGMENTATIONRULEVAR_ID,VALUE,SEGMENTATIONRULE_ID,SEGMENTATIONVAR_ID) SELECT 150,'OCT',39,SEGMENTATIONVAR_ID FROM SEGMENTION_VARIABLE WHERE NAME='COMBINADO_COM';
INSERT INTO SEGMENTION_RULE_VARIABLE (SEGMENTATIONRULEVAR_ID,VALUE,SEGMENTATIONRULE_ID,SEGMENTATIONVAR_ID) SELECT 151,'COMPRA',39,SEGMENTATIONVAR_ID FROM SEGMENTION_VARIABLE WHERE NAME='OPERACAO';
INSERT INTO SEGMENTION_RULE_VARIABLE (SEGMENTATIONRULEVAR_ID,VALUE,SEGMENTATIONRULE_ID,SEGMENTATIONVAR_ID) SELECT 152,'TLV_TV_BA',39,SEGMENTATIONVAR_ID FROM SEGMENTION_VARIABLE WHERE NAME='IVR_GROUP';
INSERT INTO SEGMENTION_RULE_VARIABLE (SEGMENTATIONRULEVAR_ID,VALUE,SEGMENTATIONRULE_ID,SEGMENTATIONVAR_ID) SELECT 153,'OI_TV',39,SEGMENTATIONVAR_ID FROM SEGMENTION_VARIABLE WHERE NAME='PRODUTO';
INSERT INTO CALLGROUP_DEST (CALLGROUP_ID,DESTINATION_ID) SELECT 8, DESTINATION_ID FROM DESTINATION WHERE DESTINATION_NUMBER='20954';
INSERT INTO SEGMENTATION_RULE (SEGMENTATIONRULE_ID,ACTIVE,DESCRIPTION,NAME,PRIORITY,CALLGROUP_ID) VALUES (40,1,'Segmentation Rule 40','Segmentation Rule 40',1,8);
INSERT INTO SEGMENTION_RULE_VARIABLE (SEGMENTATIONRULEVAR_ID,VALUE,SEGMENTATIONRULE_ID,SEGMENTATIONVAR_ID) SELECT 154,'OCT',40,SEGMENTATIONVAR_ID FROM SEGMENTION_VARIABLE WHERE NAME='COMBINADO_COM';
INSERT INTO SEGMENTION_RULE_VARIABLE (SEGMENTATIONRULEVAR_ID,VALUE,SEGMENTATIONRULE_ID,SEGMENTATIONVAR_ID) SELECT 155,'COMPRA',40,SEGMENTATIONVAR_ID FROM SEGMENTION_VARIABLE WHERE NAME='OPERACAO';
INSERT INTO SEGMENTION_RULE_VARIABLE (SEGMENTATIONRULEVAR_ID,VALUE,SEGMENTATIONRULE_ID,SEGMENTATIONVAR_ID) SELECT 156,'TLV_TV_BA',40,SEGMENTATIONVAR_ID FROM SEGMENTION_VARIABLE WHERE NAME='IVR_GROUP';
INSERT INTO SEGMENTION_RULE_VARIABLE (SEGMENTATIONRULEVAR_ID,VALUE,SEGMENTATIONRULE_ID,SEGMENTATIONVAR_ID) SELECT 157,'OI_TV',40,SEGMENTATIONVAR_ID FROM SEGMENTION_VARIABLE WHERE NAME='PRODUTO';
INSERT INTO CALLGROUP_DEST (CALLGROUP_ID,DESTINATION_ID) SELECT 8, DESTINATION_ID FROM DESTINATION WHERE DESTINATION_NUMBER='20949';
INSERT INTO SEGMENTATION_RULE (SEGMENTATIONRULE_ID,ACTIVE,DESCRIPTION,NAME,PRIORITY,CALLGROUP_ID) VALUES (41,1,'Segmentation Rule 41','Segmentation Rule 41',1,8);
INSERT INTO SEGMENTION_RULE_VARIABLE (SEGMENTATIONRULEVAR_ID,VALUE,SEGMENTATIONRULE_ID,SEGMENTATIONVAR_ID) SELECT 158,'OCT',41,SEGMENTATIONVAR_ID FROM SEGMENTION_VARIABLE WHERE NAME='COMBINADO_COM';
INSERT INTO SEGMENTION_RULE_VARIABLE (SEGMENTATIONRULEVAR_ID,VALUE,SEGMENTATIONRULE_ID,SEGMENTATIONVAR_ID) SELECT 159,'COMPRA',41,SEGMENTATIONVAR_ID FROM SEGMENTION_VARIABLE WHERE NAME='OPERACAO';
INSERT INTO SEGMENTION_RULE_VARIABLE (SEGMENTATIONRULEVAR_ID,VALUE,SEGMENTATIONRULE_ID,SEGMENTATIONVAR_ID) SELECT 160,'TLV_TV_BA',41,SEGMENTATIONVAR_ID FROM SEGMENTION_VARIABLE WHERE NAME='IVR_GROUP';
INSERT INTO SEGMENTION_RULE_VARIABLE (SEGMENTATIONRULEVAR_ID,VALUE,SEGMENTATIONRULE_ID,SEGMENTATIONVAR_ID) SELECT 161,'OI_TV',41,SEGMENTATIONVAR_ID FROM SEGMENTION_VARIABLE WHERE NAME='PRODUTO';
INSERT INTO CALLGROUP_DEST (CALLGROUP_ID,DESTINATION_ID) SELECT 8, DESTINATION_ID FROM DESTINATION WHERE DESTINATION_NUMBER='20948';
INSERT INTO SEGMENTATION_RULE (SEGMENTATIONRULE_ID,ACTIVE,DESCRIPTION,NAME,PRIORITY,CALLGROUP_ID) VALUES (42,1,'Segmentation Rule 42','Segmentation Rule 42',1,8);
INSERT INTO SEGMENTION_RULE_VARIABLE (SEGMENTATIONRULEVAR_ID,VALUE,SEGMENTATIONRULE_ID,SEGMENTATIONVAR_ID) SELECT 162,'OCT',42,SEGMENTATIONVAR_ID FROM SEGMENTION_VARIABLE WHERE NAME='COMBINADO_COM';
INSERT INTO SEGMENTION_RULE_VARIABLE (SEGMENTATIONRULEVAR_ID,VALUE,SEGMENTATIONRULE_ID,SEGMENTATIONVAR_ID) SELECT 163,'COMPRA',42,SEGMENTATIONVAR_ID FROM SEGMENTION_VARIABLE WHERE NAME='OPERACAO';
INSERT INTO SEGMENTION_RULE_VARIABLE (SEGMENTATIONRULEVAR_ID,VALUE,SEGMENTATIONRULE_ID,SEGMENTATIONVAR_ID) SELECT 164,'TLV_TV_BA',42,SEGMENTATIONVAR_ID FROM SEGMENTION_VARIABLE WHERE NAME='IVR_GROUP';
INSERT INTO SEGMENTION_RULE_VARIABLE (SEGMENTATIONRULEVAR_ID,VALUE,SEGMENTATIONRULE_ID,SEGMENTATIONVAR_ID) SELECT 165,'OI_TV',42,SEGMENTATIONVAR_ID FROM SEGMENTION_VARIABLE WHERE NAME='PRODUTO';
INSERT INTO CALLGROUP_DEST (CALLGROUP_ID,DESTINATION_ID) SELECT 8, DESTINATION_ID FROM DESTINATION WHERE DESTINATION_NUMBER='20945';
INSERT INTO SEGMENTATION_RULE (SEGMENTATIONRULE_ID,ACTIVE,DESCRIPTION,NAME,PRIORITY,CALLGROUP_ID) VALUES (43,1,'Segmentation Rule 43','Segmentation Rule 43',1,8);
INSERT INTO SEGMENTION_RULE_VARIABLE (SEGMENTATIONRULEVAR_ID,VALUE,SEGMENTATIONRULE_ID,SEGMENTATIONVAR_ID) SELECT 166,'OCT',43,SEGMENTATIONVAR_ID FROM SEGMENTION_VARIABLE WHERE NAME='COMBINADO_COM';
INSERT INTO SEGMENTION_RULE_VARIABLE (SEGMENTATIONRULEVAR_ID,VALUE,SEGMENTATIONRULE_ID,SEGMENTATIONVAR_ID) SELECT 167,'COMPRA',43,SEGMENTATIONVAR_ID FROM SEGMENTION_VARIABLE WHERE NAME='OPERACAO';
INSERT INTO SEGMENTION_RULE_VARIABLE (SEGMENTATIONRULEVAR_ID,VALUE,SEGMENTATIONRULE_ID,SEGMENTATIONVAR_ID) SELECT 168,'TLV_TV_BA',43,SEGMENTATIONVAR_ID FROM SEGMENTION_VARIABLE WHERE NAME='IVR_GROUP';
INSERT INTO SEGMENTION_RULE_VARIABLE (SEGMENTATIONRULEVAR_ID,VALUE,SEGMENTATIONRULE_ID,SEGMENTATIONVAR_ID) SELECT 169,'OI_TV',43,SEGMENTATIONVAR_ID FROM SEGMENTION_VARIABLE WHERE NAME='PRODUTO';
INSERT INTO CALLGROUP_DEST (CALLGROUP_ID,DESTINATION_ID) SELECT 8, DESTINATION_ID FROM DESTINATION WHERE DESTINATION_NUMBER='20944';
INSERT INTO SEGMENTATION_RULE (SEGMENTATIONRULE_ID,ACTIVE,DESCRIPTION,NAME,PRIORITY,CALLGROUP_ID) VALUES (44,1,'Segmentation Rule 44','Segmentation Rule 44',1,8);
INSERT INTO SEGMENTION_RULE_VARIABLE (SEGMENTATIONRULEVAR_ID,VALUE,SEGMENTATIONRULE_ID,SEGMENTATIONVAR_ID) SELECT 170,'OCT',44,SEGMENTATIONVAR_ID FROM SEGMENTION_VARIABLE WHERE NAME='COMBINADO_COM';
INSERT INTO SEGMENTION_RULE_VARIABLE (SEGMENTATIONRULEVAR_ID,VALUE,SEGMENTATIONRULE_ID,SEGMENTATIONVAR_ID) SELECT 171,'COMPRA',44,SEGMENTATIONVAR_ID FROM SEGMENTION_VARIABLE WHERE NAME='OPERACAO';
INSERT INTO SEGMENTION_RULE_VARIABLE (SEGMENTATIONRULEVAR_ID,VALUE,SEGMENTATIONRULE_ID,SEGMENTATIONVAR_ID) SELECT 172,'TLV_TV_BA',44,SEGMENTATIONVAR_ID FROM SEGMENTION_VARIABLE WHERE NAME='IVR_GROUP';
INSERT INTO SEGMENTION_RULE_VARIABLE (SEGMENTATIONRULEVAR_ID,VALUE,SEGMENTATIONRULE_ID,SEGMENTATIONVAR_ID) SELECT 173,'OI_TV',44,SEGMENTATIONVAR_ID FROM SEGMENTION_VARIABLE WHERE NAME='PRODUTO';
INSERT INTO CALLGROUP_DEST (CALLGROUP_ID,DESTINATION_ID) SELECT 8, DESTINATION_ID FROM DESTINATION WHERE DESTINATION_NUMBER='20947';
INSERT INTO SEGMENTATION_RULE (SEGMENTATIONRULE_ID,ACTIVE,DESCRIPTION,NAME,PRIORITY,CALLGROUP_ID) VALUES (45,1,'Segmentation Rule 45','Segmentation Rule 45',1,8);
INSERT INTO SEGMENTION_RULE_VARIABLE (SEGMENTATIONRULEVAR_ID,VALUE,SEGMENTATIONRULE_ID,SEGMENTATIONVAR_ID) SELECT 174,'OCT',45,SEGMENTATIONVAR_ID FROM SEGMENTION_VARIABLE WHERE NAME='COMBINADO_COM';
INSERT INTO SEGMENTION_RULE_VARIABLE (SEGMENTATIONRULEVAR_ID,VALUE,SEGMENTATIONRULE_ID,SEGMENTATIONVAR_ID) SELECT 175,'COMPRA',45,SEGMENTATIONVAR_ID FROM SEGMENTION_VARIABLE WHERE NAME='OPERACAO';
INSERT INTO SEGMENTION_RULE_VARIABLE (SEGMENTATIONRULEVAR_ID,VALUE,SEGMENTATIONRULE_ID,SEGMENTATIONVAR_ID) SELECT 176,'TLV_TV_BA',45,SEGMENTATIONVAR_ID FROM SEGMENTION_VARIABLE WHERE NAME='IVR_GROUP';
INSERT INTO SEGMENTION_RULE_VARIABLE (SEGMENTATIONRULEVAR_ID,VALUE,SEGMENTATIONRULE_ID,SEGMENTATIONVAR_ID) SELECT 177,'OI_TV',45,SEGMENTATIONVAR_ID FROM SEGMENTION_VARIABLE WHERE NAME='PRODUTO';
INSERT INTO CALLGROUP_DEST (CALLGROUP_ID,DESTINATION_ID) SELECT 8, DESTINATION_ID FROM DESTINATION WHERE DESTINATION_NUMBER='20946';
INSERT INTO SEGMENTATION_RULE (SEGMENTATIONRULE_ID,ACTIVE,DESCRIPTION,NAME,PRIORITY,CALLGROUP_ID) VALUES (46,1,'Segmentation Rule 46','Segmentation Rule 46',1,8);
INSERT INTO SEGMENTION_RULE_VARIABLE (SEGMENTATIONRULEVAR_ID,VALUE,SEGMENTATIONRULE_ID,SEGMENTATIONVAR_ID) SELECT 178,'OCT',46,SEGMENTATIONVAR_ID FROM SEGMENTION_VARIABLE WHERE NAME='COMBINADO_COM';
INSERT INTO SEGMENTION_RULE_VARIABLE (SEGMENTATIONRULEVAR_ID,VALUE,SEGMENTATIONRULE_ID,SEGMENTATIONVAR_ID) SELECT 179,'COMPRA',46,SEGMENTATIONVAR_ID FROM SEGMENTION_VARIABLE WHERE NAME='OPERACAO';
INSERT INTO SEGMENTION_RULE_VARIABLE (SEGMENTATIONRULEVAR_ID,VALUE,SEGMENTATIONRULE_ID,SEGMENTATIONVAR_ID) SELECT 180,'TLV_TV_BA',46,SEGMENTATIONVAR_ID FROM SEGMENTION_VARIABLE WHERE NAME='IVR_GROUP';
INSERT INTO SEGMENTION_RULE_VARIABLE (SEGMENTATIONRULEVAR_ID,VALUE,SEGMENTATIONRULE_ID,SEGMENTATIONVAR_ID) SELECT 181,'OI_TV',46,SEGMENTATIONVAR_ID FROM SEGMENTION_VARIABLE WHERE NAME='PRODUTO';
INSERT INTO CALLGROUP_DEST (CALLGROUP_ID,DESTINATION_ID) SELECT 8, DESTINATION_ID FROM DESTINATION WHERE DESTINATION_NUMBER='20941';
INSERT INTO SEGMENTATION_RULE (SEGMENTATIONRULE_ID,ACTIVE,DESCRIPTION,NAME,PRIORITY,CALLGROUP_ID) VALUES (47,1,'Segmentation Rule 47','Segmentation Rule 47',1,8);
INSERT INTO SEGMENTION_RULE_VARIABLE (SEGMENTATIONRULEVAR_ID,VALUE,SEGMENTATIONRULE_ID,SEGMENTATIONVAR_ID) SELECT 182,'OCT',47,SEGMENTATIONVAR_ID FROM SEGMENTION_VARIABLE WHERE NAME='COMBINADO_COM';
INSERT INTO SEGMENTION_RULE_VARIABLE (SEGMENTATIONRULEVAR_ID,VALUE,SEGMENTATIONRULE_ID,SEGMENTATIONVAR_ID) SELECT 183,'COMPRA',47,SEGMENTATIONVAR_ID FROM SEGMENTION_VARIABLE WHERE NAME='OPERACAO';
INSERT INTO SEGMENTION_RULE_VARIABLE (SEGMENTATIONRULEVAR_ID,VALUE,SEGMENTATIONRULE_ID,SEGMENTATIONVAR_ID) SELECT 184,'TLV_TV_BA',47,SEGMENTATIONVAR_ID FROM SEGMENTION_VARIABLE WHERE NAME='IVR_GROUP';
INSERT INTO SEGMENTION_RULE_VARIABLE (SEGMENTATIONRULEVAR_ID,VALUE,SEGMENTATIONRULE_ID,SEGMENTATIONVAR_ID) SELECT 185,'OI_TV',47,SEGMENTATIONVAR_ID FROM SEGMENTION_VARIABLE WHERE NAME='PRODUTO';
INSERT INTO CALLGROUP_DEST (CALLGROUP_ID,DESTINATION_ID) SELECT 8, DESTINATION_ID FROM DESTINATION WHERE DESTINATION_NUMBER='20940';
INSERT INTO SEGMENTATION_RULE (SEGMENTATIONRULE_ID,ACTIVE,DESCRIPTION,NAME,PRIORITY,CALLGROUP_ID) VALUES (48,1,'Segmentation Rule 48','Segmentation Rule 48',1,8);
INSERT INTO SEGMENTION_RULE_VARIABLE (SEGMENTATIONRULEVAR_ID,VALUE,SEGMENTATIONRULE_ID,SEGMENTATIONVAR_ID) SELECT 186,'OCT',48,SEGMENTATIONVAR_ID FROM SEGMENTION_VARIABLE WHERE NAME='COMBINADO_COM';
INSERT INTO SEGMENTION_RULE_VARIABLE (SEGMENTATIONRULEVAR_ID,VALUE,SEGMENTATIONRULE_ID,SEGMENTATIONVAR_ID) SELECT 187,'COMPRA',48,SEGMENTATIONVAR_ID FROM SEGMENTION_VARIABLE WHERE NAME='OPERACAO';
INSERT INTO SEGMENTION_RULE_VARIABLE (SEGMENTATIONRULEVAR_ID,VALUE,SEGMENTATIONRULE_ID,SEGMENTATIONVAR_ID) SELECT 188,'TLV_TV_BA',48,SEGMENTATIONVAR_ID FROM SEGMENTION_VARIABLE WHERE NAME='IVR_GROUP';
INSERT INTO SEGMENTION_RULE_VARIABLE (SEGMENTATIONRULEVAR_ID,VALUE,SEGMENTATIONRULE_ID,SEGMENTATIONVAR_ID) SELECT 189,'OI_TV',48,SEGMENTATIONVAR_ID FROM SEGMENTION_VARIABLE WHERE NAME='PRODUTO';
INSERT INTO CALLGROUP_DEST (CALLGROUP_ID,DESTINATION_ID) SELECT 8, DESTINATION_ID FROM DESTINATION WHERE DESTINATION_NUMBER='20943';
INSERT INTO SEGMENTATION_RULE (SEGMENTATIONRULE_ID,ACTIVE,DESCRIPTION,NAME,PRIORITY,CALLGROUP_ID) VALUES (49,1,'Segmentation Rule 49','Segmentation Rule 49',1,8);
INSERT INTO SEGMENTION_RULE_VARIABLE (SEGMENTATIONRULEVAR_ID,VALUE,SEGMENTATIONRULE_ID,SEGMENTATIONVAR_ID) SELECT 190,'OCT',49,SEGMENTATIONVAR_ID FROM SEGMENTION_VARIABLE WHERE NAME='COMBINADO_COM';
INSERT INTO SEGMENTION_RULE_VARIABLE (SEGMENTATIONRULEVAR_ID,VALUE,SEGMENTATIONRULE_ID,SEGMENTATIONVAR_ID) SELECT 191,'COMPRA',49,SEGMENTATIONVAR_ID FROM SEGMENTION_VARIABLE WHERE NAME='OPERACAO';
INSERT INTO SEGMENTION_RULE_VARIABLE (SEGMENTATIONRULEVAR_ID,VALUE,SEGMENTATIONRULE_ID,SEGMENTATIONVAR_ID) SELECT 192,'TLV_TV_BA',49,SEGMENTATIONVAR_ID FROM SEGMENTION_VARIABLE WHERE NAME='IVR_GROUP';
INSERT INTO SEGMENTION_RULE_VARIABLE (SEGMENTATIONRULEVAR_ID,VALUE,SEGMENTATIONRULE_ID,SEGMENTATIONVAR_ID) SELECT 193,'OI_TV',49,SEGMENTATIONVAR_ID FROM SEGMENTION_VARIABLE WHERE NAME='PRODUTO';
INSERT INTO CALLGROUP_DEST (CALLGROUP_ID,DESTINATION_ID) SELECT 8, DESTINATION_ID FROM DESTINATION WHERE DESTINATION_NUMBER='20942';
INSERT INTO SEGMENTATION_RULE (SEGMENTATIONRULE_ID,ACTIVE,DESCRIPTION,NAME,PRIORITY,CALLGROUP_ID) VALUES (50,1,'Segmentation Rule 50','Segmentation Rule 50',1,8);
INSERT INTO SEGMENTION_RULE_VARIABLE (SEGMENTATIONRULEVAR_ID,VALUE,SEGMENTATIONRULE_ID,SEGMENTATIONVAR_ID) SELECT 194,'OCT',50,SEGMENTATIONVAR_ID FROM SEGMENTION_VARIABLE WHERE NAME='COMBINADO_COM';
INSERT INTO SEGMENTION_RULE_VARIABLE (SEGMENTATIONRULEVAR_ID,VALUE,SEGMENTATIONRULE_ID,SEGMENTATIONVAR_ID) SELECT 195,'COMPRA',50,SEGMENTATIONVAR_ID FROM SEGMENTION_VARIABLE WHERE NAME='OPERACAO';
INSERT INTO SEGMENTION_RULE_VARIABLE (SEGMENTATIONRULEVAR_ID,VALUE,SEGMENTATIONRULE_ID,SEGMENTATIONVAR_ID) SELECT 196,'TLV_TV_BA',50,SEGMENTATIONVAR_ID FROM SEGMENTION_VARIABLE WHERE NAME='IVR_GROUP';
INSERT INTO SEGMENTION_RULE_VARIABLE (SEGMENTATIONRULEVAR_ID,VALUE,SEGMENTATIONRULE_ID,SEGMENTATIONVAR_ID) SELECT 197,'OI_TV',50,SEGMENTATIONVAR_ID FROM SEGMENTION_VARIABLE WHERE NAME='PRODUTO';
INSERT INTO CALLGROUP_DEST (CALLGROUP_ID,DESTINATION_ID) SELECT 8, DESTINATION_ID FROM DESTINATION WHERE DESTINATION_NUMBER='27968';
INSERT INTO SEGMENTATION_RULE (SEGMENTATIONRULE_ID,ACTIVE,DESCRIPTION,NAME,PRIORITY,CALLGROUP_ID) VALUES (51,1,'Segmentation Rule 51','Segmentation Rule 51',1,8);
INSERT INTO SEGMENTION_RULE_VARIABLE (SEGMENTATIONRULEVAR_ID,VALUE,SEGMENTATIONRULE_ID,SEGMENTATIONVAR_ID) SELECT 198,'OCT',51,SEGMENTATIONVAR_ID FROM SEGMENTION_VARIABLE WHERE NAME='COMBINADO_COM';
INSERT INTO SEGMENTION_RULE_VARIABLE (SEGMENTATIONRULEVAR_ID,VALUE,SEGMENTATIONRULE_ID,SEGMENTATIONVAR_ID) SELECT 199,'COMPRA',51,SEGMENTATIONVAR_ID FROM SEGMENTION_VARIABLE WHERE NAME='OPERACAO';
INSERT INTO SEGMENTION_RULE_VARIABLE (SEGMENTATIONRULEVAR_ID,VALUE,SEGMENTATIONRULE_ID,SEGMENTATIONVAR_ID) SELECT 200,'TLV_TV_BA',51,SEGMENTATIONVAR_ID FROM SEGMENTION_VARIABLE WHERE NAME='IVR_GROUP';
INSERT INTO SEGMENTION_RULE_VARIABLE (SEGMENTATIONRULEVAR_ID,VALUE,SEGMENTATIONRULE_ID,SEGMENTATIONVAR_ID) SELECT 201,'OI_TV',51,SEGMENTATIONVAR_ID FROM SEGMENTION_VARIABLE WHERE NAME='PRODUTO';
INSERT INTO CALLGROUP_DEST (CALLGROUP_ID,DESTINATION_ID) SELECT 8, DESTINATION_ID FROM DESTINATION WHERE DESTINATION_NUMBER='27969';
INSERT INTO SEGMENTATION_RULE (SEGMENTATIONRULE_ID,ACTIVE,DESCRIPTION,NAME,PRIORITY,CALLGROUP_ID) VALUES (52,1,'Segmentation Rule 52','Segmentation Rule 52',1,8);
INSERT INTO SEGMENTION_RULE_VARIABLE (SEGMENTATIONRULEVAR_ID,VALUE,SEGMENTATIONRULE_ID,SEGMENTATIONVAR_ID) SELECT 202,'OCT',52,SEGMENTATIONVAR_ID FROM SEGMENTION_VARIABLE WHERE NAME='COMBINADO_COM';
INSERT INTO SEGMENTION_RULE_VARIABLE (SEGMENTATIONRULEVAR_ID,VALUE,SEGMENTATIONRULE_ID,SEGMENTATIONVAR_ID) SELECT 203,'COMPRA',52,SEGMENTATIONVAR_ID FROM SEGMENTION_VARIABLE WHERE NAME='OPERACAO';
INSERT INTO SEGMENTION_RULE_VARIABLE (SEGMENTATIONRULEVAR_ID,VALUE,SEGMENTATIONRULE_ID,SEGMENTATIONVAR_ID) SELECT 204,'TLV_TV_BA',52,SEGMENTATIONVAR_ID FROM SEGMENTION_VARIABLE WHERE NAME='IVR_GROUP';
INSERT INTO SEGMENTION_RULE_VARIABLE (SEGMENTATIONRULEVAR_ID,VALUE,SEGMENTATIONRULE_ID,SEGMENTATIONVAR_ID) SELECT 205,'OI_TV',52,SEGMENTATIONVAR_ID FROM SEGMENTION_VARIABLE WHERE NAME='PRODUTO';
INSERT INTO CALLGROUP_DEST (CALLGROUP_ID,DESTINATION_ID) SELECT 8, DESTINATION_ID FROM DESTINATION WHERE DESTINATION_NUMBER='27980';
INSERT INTO SEGMENTATION_RULE (SEGMENTATIONRULE_ID,ACTIVE,DESCRIPTION,NAME,PRIORITY,CALLGROUP_ID) VALUES (53,1,'Segmentation Rule 53','Segmentation Rule 53',1,8);
INSERT INTO SEGMENTION_RULE_VARIABLE (SEGMENTATIONRULEVAR_ID,VALUE,SEGMENTATIONRULE_ID,SEGMENTATIONVAR_ID) SELECT 206,'OCT',53,SEGMENTATIONVAR_ID FROM SEGMENTION_VARIABLE WHERE NAME='COMBINADO_COM';
INSERT INTO SEGMENTION_RULE_VARIABLE (SEGMENTATIONRULEVAR_ID,VALUE,SEGMENTATIONRULE_ID,SEGMENTATIONVAR_ID) SELECT 207,'COMPRA',53,SEGMENTATIONVAR_ID FROM SEGMENTION_VARIABLE WHERE NAME='OPERACAO';
INSERT INTO SEGMENTION_RULE_VARIABLE (SEGMENTATIONRULEVAR_ID,VALUE,SEGMENTATIONRULE_ID,SEGMENTATIONVAR_ID) SELECT 208,'TLV_TV_BA',53,SEGMENTATIONVAR_ID FROM SEGMENTION_VARIABLE WHERE NAME='IVR_GROUP';
INSERT INTO SEGMENTION_RULE_VARIABLE (SEGMENTATIONRULEVAR_ID,VALUE,SEGMENTATIONRULE_ID,SEGMENTATIONVAR_ID) SELECT 209,'OI_TV',53,SEGMENTATIONVAR_ID FROM SEGMENTION_VARIABLE WHERE NAME='PRODUTO';
INSERT INTO CALLGROUP_DEST (CALLGROUP_ID,DESTINATION_ID) SELECT 8, DESTINATION_ID FROM DESTINATION WHERE DESTINATION_NUMBER='20951';
INSERT INTO SEGMENTATION_RULE (SEGMENTATIONRULE_ID,ACTIVE,DESCRIPTION,NAME,PRIORITY,CALLGROUP_ID) VALUES (54,1,'Segmentation Rule 54','Segmentation Rule 54',1,8);
INSERT INTO SEGMENTION_RULE_VARIABLE (SEGMENTATIONRULEVAR_ID,VALUE,SEGMENTATIONRULE_ID,SEGMENTATIONVAR_ID) SELECT 210,'OCT',54,SEGMENTATIONVAR_ID FROM SEGMENTION_VARIABLE WHERE NAME='COMBINADO_COM';
INSERT INTO SEGMENTION_RULE_VARIABLE (SEGMENTATIONRULEVAR_ID,VALUE,SEGMENTATIONRULE_ID,SEGMENTATIONVAR_ID) SELECT 211,'COMPRA',54,SEGMENTATIONVAR_ID FROM SEGMENTION_VARIABLE WHERE NAME='OPERACAO';
INSERT INTO SEGMENTION_RULE_VARIABLE (SEGMENTATIONRULEVAR_ID,VALUE,SEGMENTATIONRULE_ID,SEGMENTATIONVAR_ID) SELECT 212,'TLV_TV_BA',54,SEGMENTATIONVAR_ID FROM SEGMENTION_VARIABLE WHERE NAME='IVR_GROUP';
INSERT INTO SEGMENTION_RULE_VARIABLE (SEGMENTATIONRULEVAR_ID,VALUE,SEGMENTATIONRULE_ID,SEGMENTATIONVAR_ID) SELECT 213,'OI_TV',54,SEGMENTATIONVAR_ID FROM SEGMENTION_VARIABLE WHERE NAME='PRODUTO';
INSERT INTO CALLGROUP_DEST (CALLGROUP_ID,DESTINATION_ID) SELECT 8, DESTINATION_ID FROM DESTINATION WHERE DESTINATION_NUMBER='27963';
INSERT INTO SEGMENTATION_RULE (SEGMENTATIONRULE_ID,ACTIVE,DESCRIPTION,NAME,PRIORITY,CALLGROUP_ID) VALUES (55,1,'Segmentation Rule 55','Segmentation Rule 55',1,8);
INSERT INTO SEGMENTION_RULE_VARIABLE (SEGMENTATIONRULEVAR_ID,VALUE,SEGMENTATIONRULE_ID,SEGMENTATIONVAR_ID) SELECT 214,'OCT',55,SEGMENTATIONVAR_ID FROM SEGMENTION_VARIABLE WHERE NAME='COMBINADO_COM';
INSERT INTO SEGMENTION_RULE_VARIABLE (SEGMENTATIONRULEVAR_ID,VALUE,SEGMENTATIONRULE_ID,SEGMENTATIONVAR_ID) SELECT 215,'COMPRA',55,SEGMENTATIONVAR_ID FROM SEGMENTION_VARIABLE WHERE NAME='OPERACAO';
INSERT INTO SEGMENTION_RULE_VARIABLE (SEGMENTATIONRULEVAR_ID,VALUE,SEGMENTATIONRULE_ID,SEGMENTATIONVAR_ID) SELECT 216,'TLV_TV_BA',55,SEGMENTATIONVAR_ID FROM SEGMENTION_VARIABLE WHERE NAME='IVR_GROUP';
INSERT INTO SEGMENTION_RULE_VARIABLE (SEGMENTATIONRULEVAR_ID,VALUE,SEGMENTATIONRULE_ID,SEGMENTATIONVAR_ID) SELECT 217,'OI_TV',55,SEGMENTATIONVAR_ID FROM SEGMENTION_VARIABLE WHERE NAME='PRODUTO';
INSERT INTO CALLGROUP_DEST (CALLGROUP_ID,DESTINATION_ID) SELECT 8, DESTINATION_ID FROM DESTINATION WHERE DESTINATION_NUMBER='27960';
INSERT INTO SEGMENTATION_RULE (SEGMENTATIONRULE_ID,ACTIVE,DESCRIPTION,NAME,PRIORITY,CALLGROUP_ID) VALUES (56,1,'Segmentation Rule 56','Segmentation Rule 56',1,8);
INSERT INTO SEGMENTION_RULE_VARIABLE (SEGMENTATIONRULEVAR_ID,VALUE,SEGMENTATIONRULE_ID,SEGMENTATIONVAR_ID) SELECT 218,'OCT',56,SEGMENTATIONVAR_ID FROM SEGMENTION_VARIABLE WHERE NAME='COMBINADO_COM';
INSERT INTO SEGMENTION_RULE_VARIABLE (SEGMENTATIONRULEVAR_ID,VALUE,SEGMENTATIONRULE_ID,SEGMENTATIONVAR_ID) SELECT 219,'COMPRA',56,SEGMENTATIONVAR_ID FROM SEGMENTION_VARIABLE WHERE NAME='OPERACAO';
INSERT INTO SEGMENTION_RULE_VARIABLE (SEGMENTATIONRULEVAR_ID,VALUE,SEGMENTATIONRULE_ID,SEGMENTATIONVAR_ID) SELECT 220,'TLV_TV_BA',56,SEGMENTATIONVAR_ID FROM SEGMENTION_VARIABLE WHERE NAME='IVR_GROUP';
INSERT INTO SEGMENTION_RULE_VARIABLE (SEGMENTATIONRULEVAR_ID,VALUE,SEGMENTATIONRULE_ID,SEGMENTATIONVAR_ID) SELECT 221,'OI_TV',56,SEGMENTATIONVAR_ID FROM SEGMENTION_VARIABLE WHERE NAME='PRODUTO';
INSERT INTO CALLGROUP_DEST (CALLGROUP_ID,DESTINATION_ID) SELECT 8, DESTINATION_ID FROM DESTINATION WHERE DESTINATION_NUMBER='27961';
INSERT INTO SEGMENTATION_RULE (SEGMENTATIONRULE_ID,ACTIVE,DESCRIPTION,NAME,PRIORITY,CALLGROUP_ID) VALUES (57,1,'Segmentation Rule 57','Segmentation Rule 57',1,8);
INSERT INTO SEGMENTION_RULE_VARIABLE (SEGMENTATIONRULEVAR_ID,VALUE,SEGMENTATIONRULE_ID,SEGMENTATIONVAR_ID) SELECT 222,'OCT',57,SEGMENTATIONVAR_ID FROM SEGMENTION_VARIABLE WHERE NAME='COMBINADO_COM';
INSERT INTO SEGMENTION_RULE_VARIABLE (SEGMENTATIONRULEVAR_ID,VALUE,SEGMENTATIONRULE_ID,SEGMENTATIONVAR_ID) SELECT 223,'COMPRA',57,SEGMENTATIONVAR_ID FROM SEGMENTION_VARIABLE WHERE NAME='OPERACAO';
INSERT INTO SEGMENTION_RULE_VARIABLE (SEGMENTATIONRULEVAR_ID,VALUE,SEGMENTATIONRULE_ID,SEGMENTATIONVAR_ID) SELECT 224,'TLV_TV_BA',57,SEGMENTATIONVAR_ID FROM SEGMENTION_VARIABLE WHERE NAME='IVR_GROUP';
INSERT INTO SEGMENTION_RULE_VARIABLE (SEGMENTATIONRULEVAR_ID,VALUE,SEGMENTATIONRULE_ID,SEGMENTATIONVAR_ID) SELECT 225,'OI_TV',57,SEGMENTATIONVAR_ID FROM SEGMENTION_VARIABLE WHERE NAME='PRODUTO';
INSERT INTO CALLGROUP_DEST (CALLGROUP_ID,DESTINATION_ID) SELECT 8, DESTINATION_ID FROM DESTINATION WHERE DESTINATION_NUMBER='27966';
INSERT INTO SEGMENTATION_RULE (SEGMENTATIONRULE_ID,ACTIVE,DESCRIPTION,NAME,PRIORITY,CALLGROUP_ID) VALUES (58,1,'Segmentation Rule 58','Segmentation Rule 58',1,8);
INSERT INTO SEGMENTION_RULE_VARIABLE (SEGMENTATIONRULEVAR_ID,VALUE,SEGMENTATIONRULE_ID,SEGMENTATIONVAR_ID) SELECT 226,'OCT',58,SEGMENTATIONVAR_ID FROM SEGMENTION_VARIABLE WHERE NAME='COMBINADO_COM';
INSERT INTO SEGMENTION_RULE_VARIABLE (SEGMENTATIONRULEVAR_ID,VALUE,SEGMENTATIONRULE_ID,SEGMENTATIONVAR_ID) SELECT 227,'COMPRA',58,SEGMENTATIONVAR_ID FROM SEGMENTION_VARIABLE WHERE NAME='OPERACAO';
INSERT INTO SEGMENTION_RULE_VARIABLE (SEGMENTATIONRULEVAR_ID,VALUE,SEGMENTATIONRULE_ID,SEGMENTATIONVAR_ID) SELECT 228,'TLV_TV_BA',58,SEGMENTATIONVAR_ID FROM SEGMENTION_VARIABLE WHERE NAME='IVR_GROUP';
INSERT INTO SEGMENTION_RULE_VARIABLE (SEGMENTATIONRULEVAR_ID,VALUE,SEGMENTATIONRULE_ID,SEGMENTATIONVAR_ID) SELECT 229,'OI_TV',58,SEGMENTATIONVAR_ID FROM SEGMENTION_VARIABLE WHERE NAME='PRODUTO';
INSERT INTO CALLGROUP_DEST (CALLGROUP_ID,DESTINATION_ID) SELECT 8, DESTINATION_ID FROM DESTINATION WHERE DESTINATION_NUMBER='27964';
INSERT INTO SEGMENTATION_RULE (SEGMENTATIONRULE_ID,ACTIVE,DESCRIPTION,NAME,PRIORITY,CALLGROUP_ID) VALUES (59,1,'Segmentation Rule 59','Segmentation Rule 59',1,8);
INSERT INTO SEGMENTION_RULE_VARIABLE (SEGMENTATIONRULEVAR_ID,VALUE,SEGMENTATIONRULE_ID,SEGMENTATIONVAR_ID) SELECT 230,'OCT',59,SEGMENTATIONVAR_ID FROM SEGMENTION_VARIABLE WHERE NAME='COMBINADO_COM';
INSERT INTO SEGMENTION_RULE_VARIABLE (SEGMENTATIONRULEVAR_ID,VALUE,SEGMENTATIONRULE_ID,SEGMENTATIONVAR_ID) SELECT 231,'COMPRA',59,SEGMENTATIONVAR_ID FROM SEGMENTION_VARIABLE WHERE NAME='OPERACAO';
INSERT INTO SEGMENTION_RULE_VARIABLE (SEGMENTATIONRULEVAR_ID,VALUE,SEGMENTATIONRULE_ID,SEGMENTATIONVAR_ID) SELECT 232,'TLV_TV_BA',59,SEGMENTATIONVAR_ID FROM SEGMENTION_VARIABLE WHERE NAME='IVR_GROUP';
INSERT INTO SEGMENTION_RULE_VARIABLE (SEGMENTATIONRULEVAR_ID,VALUE,SEGMENTATIONRULE_ID,SEGMENTATIONVAR_ID) SELECT 233,'OI_TV',59,SEGMENTATIONVAR_ID FROM SEGMENTION_VARIABLE WHERE NAME='PRODUTO';
INSERT INTO CALLGROUP_DEST (CALLGROUP_ID,DESTINATION_ID) SELECT 8, DESTINATION_ID FROM DESTINATION WHERE DESTINATION_NUMBER='27965';
INSERT INTO SEGMENTATION_RULE (SEGMENTATIONRULE_ID,ACTIVE,DESCRIPTION,NAME,PRIORITY,CALLGROUP_ID) VALUES (60,1,'Segmentation Rule 60','Segmentation Rule 60',1,8);
INSERT INTO SEGMENTION_RULE_VARIABLE (SEGMENTATIONRULEVAR_ID,VALUE,SEGMENTATIONRULE_ID,SEGMENTATIONVAR_ID) SELECT 234,'OCT',60,SEGMENTATIONVAR_ID FROM SEGMENTION_VARIABLE WHERE NAME='COMBINADO_COM';
INSERT INTO SEGMENTION_RULE_VARIABLE (SEGMENTATIONRULEVAR_ID,VALUE,SEGMENTATIONRULE_ID,SEGMENTATIONVAR_ID) SELECT 235,'COMPRA',60,SEGMENTATIONVAR_ID FROM SEGMENTION_VARIABLE WHERE NAME='OPERACAO';
INSERT INTO SEGMENTION_RULE_VARIABLE (SEGMENTATIONRULEVAR_ID,VALUE,SEGMENTATIONRULE_ID,SEGMENTATIONVAR_ID) SELECT 236,'TLV_TV_BA',60,SEGMENTATIONVAR_ID FROM SEGMENTION_VARIABLE WHERE NAME='IVR_GROUP';
INSERT INTO SEGMENTION_RULE_VARIABLE (SEGMENTATIONRULEVAR_ID,VALUE,SEGMENTATIONRULE_ID,SEGMENTATIONVAR_ID) SELECT 237,'OI_TV',60,SEGMENTATIONVAR_ID FROM SEGMENTION_VARIABLE WHERE NAME='PRODUTO';
INSERT INTO CALLGROUP_DEST (CALLGROUP_ID,DESTINATION_ID) SELECT 8, DESTINATION_ID FROM DESTINATION WHERE DESTINATION_NUMBER='27962';
INSERT INTO SEGMENTATION_RULE (SEGMENTATIONRULE_ID,ACTIVE,DESCRIPTION,NAME,PRIORITY,CALLGROUP_ID) VALUES (61,1,'Segmentation Rule 61','Segmentation Rule 61',1,8);
INSERT INTO SEGMENTION_RULE_VARIABLE (SEGMENTATIONRULEVAR_ID,VALUE,SEGMENTATIONRULE_ID,SEGMENTATIONVAR_ID) SELECT 238,'OCT',61,SEGMENTATIONVAR_ID FROM SEGMENTION_VARIABLE WHERE NAME='COMBINADO_COM';
INSERT INTO SEGMENTION_RULE_VARIABLE (SEGMENTATIONRULEVAR_ID,VALUE,SEGMENTATIONRULE_ID,SEGMENTATIONVAR_ID) SELECT 239,'COMPRA',61,SEGMENTATIONVAR_ID FROM SEGMENTION_VARIABLE WHERE NAME='OPERACAO';
INSERT INTO SEGMENTION_RULE_VARIABLE (SEGMENTATIONRULEVAR_ID,VALUE,SEGMENTATIONRULE_ID,SEGMENTATIONVAR_ID) SELECT 240,'TLV_TV_BA',61,SEGMENTATIONVAR_ID FROM SEGMENTION_VARIABLE WHERE NAME='IVR_GROUP';
INSERT INTO SEGMENTION_RULE_VARIABLE (SEGMENTATIONRULEVAR_ID,VALUE,SEGMENTATIONRULE_ID,SEGMENTATIONVAR_ID) SELECT 241,'OI_TV',61,SEGMENTATIONVAR_ID FROM SEGMENTION_VARIABLE WHERE NAME='PRODUTO';
INSERT INTO CALLGROUP_DEST (CALLGROUP_ID,DESTINATION_ID) SELECT 8, DESTINATION_ID FROM DESTINATION WHERE DESTINATION_NUMBER='27943';
INSERT INTO SEGMENTATION_RULE (SEGMENTATIONRULE_ID,ACTIVE,DESCRIPTION,NAME,PRIORITY,CALLGROUP_ID) VALUES (62,1,'Segmentation Rule 62','Segmentation Rule 62',1,8);
INSERT INTO SEGMENTION_RULE_VARIABLE (SEGMENTATIONRULEVAR_ID,VALUE,SEGMENTATIONRULE_ID,SEGMENTATIONVAR_ID) SELECT 242,'OCT',62,SEGMENTATIONVAR_ID FROM SEGMENTION_VARIABLE WHERE NAME='COMBINADO_COM';
INSERT INTO SEGMENTION_RULE_VARIABLE (SEGMENTATIONRULEVAR_ID,VALUE,SEGMENTATIONRULE_ID,SEGMENTATIONVAR_ID) SELECT 243,'COMPRA',62,SEGMENTATIONVAR_ID FROM SEGMENTION_VARIABLE WHERE NAME='OPERACAO';
INSERT INTO SEGMENTION_RULE_VARIABLE (SEGMENTATIONRULEVAR_ID,VALUE,SEGMENTATIONRULE_ID,SEGMENTATIONVAR_ID) SELECT 244,'TLV_TV_BA',62,SEGMENTATIONVAR_ID FROM SEGMENTION_VARIABLE WHERE NAME='IVR_GROUP';
INSERT INTO SEGMENTION_RULE_VARIABLE (SEGMENTATIONRULEVAR_ID,VALUE,SEGMENTATIONRULE_ID,SEGMENTATIONVAR_ID) SELECT 245,'OI_TV',62,SEGMENTATIONVAR_ID FROM SEGMENTION_VARIABLE WHERE NAME='PRODUTO';
INSERT INTO CALLGROUP_DEST (CALLGROUP_ID,DESTINATION_ID) SELECT 8, DESTINATION_ID FROM DESTINATION WHERE DESTINATION_NUMBER='27944';
INSERT INTO SEGMENTATION_RULE (SEGMENTATIONRULE_ID,ACTIVE,DESCRIPTION,NAME,PRIORITY,CALLGROUP_ID) VALUES (63,1,'Segmentation Rule 63','Segmentation Rule 63',1,8);
INSERT INTO SEGMENTION_RULE_VARIABLE (SEGMENTATIONRULEVAR_ID,VALUE,SEGMENTATIONRULE_ID,SEGMENTATIONVAR_ID) SELECT 246,'OCT',63,SEGMENTATIONVAR_ID FROM SEGMENTION_VARIABLE WHERE NAME='COMBINADO_COM';
INSERT INTO SEGMENTION_RULE_VARIABLE (SEGMENTATIONRULEVAR_ID,VALUE,SEGMENTATIONRULE_ID,SEGMENTATIONVAR_ID) SELECT 247,'COMPRA',63,SEGMENTATIONVAR_ID FROM SEGMENTION_VARIABLE WHERE NAME='OPERACAO';
INSERT INTO SEGMENTION_RULE_VARIABLE (SEGMENTATIONRULEVAR_ID,VALUE,SEGMENTATIONRULE_ID,SEGMENTATIONVAR_ID) SELECT 248,'TLV_TV_BA',63,SEGMENTATIONVAR_ID FROM SEGMENTION_VARIABLE WHERE NAME='IVR_GROUP';
INSERT INTO SEGMENTION_RULE_VARIABLE (SEGMENTATIONRULEVAR_ID,VALUE,SEGMENTATIONRULE_ID,SEGMENTATIONVAR_ID) SELECT 249,'OI_TV',63,SEGMENTATIONVAR_ID FROM SEGMENTION_VARIABLE WHERE NAME='PRODUTO';
INSERT INTO CALLGROUP_DEST (CALLGROUP_ID,DESTINATION_ID) SELECT 8, DESTINATION_ID FROM DESTINATION WHERE DESTINATION_NUMBER='27945';
INSERT INTO SEGMENTATION_RULE (SEGMENTATIONRULE_ID,ACTIVE,DESCRIPTION,NAME,PRIORITY,CALLGROUP_ID) VALUES (64,1,'Segmentation Rule 64','Segmentation Rule 64',1,8);
INSERT INTO SEGMENTION_RULE_VARIABLE (SEGMENTATIONRULEVAR_ID,VALUE,SEGMENTATIONRULE_ID,SEGMENTATIONVAR_ID) SELECT 250,'OCT',64,SEGMENTATIONVAR_ID FROM SEGMENTION_VARIABLE WHERE NAME='COMBINADO_COM';
INSERT INTO SEGMENTION_RULE_VARIABLE (SEGMENTATIONRULEVAR_ID,VALUE,SEGMENTATIONRULE_ID,SEGMENTATIONVAR_ID) SELECT 251,'COMPRA',64,SEGMENTATIONVAR_ID FROM SEGMENTION_VARIABLE WHERE NAME='OPERACAO';
INSERT INTO SEGMENTION_RULE_VARIABLE (SEGMENTATIONRULEVAR_ID,VALUE,SEGMENTATIONRULE_ID,SEGMENTATIONVAR_ID) SELECT 252,'TLV_TV_BA',64,SEGMENTATIONVAR_ID FROM SEGMENTION_VARIABLE WHERE NAME='IVR_GROUP';
INSERT INTO SEGMENTION_RULE_VARIABLE (SEGMENTATIONRULEVAR_ID,VALUE,SEGMENTATIONRULE_ID,SEGMENTATIONVAR_ID) SELECT 253,'OI_TV',64,SEGMENTATIONVAR_ID FROM SEGMENTION_VARIABLE WHERE NAME='PRODUTO';
INSERT INTO CALLGROUP_DEST (CALLGROUP_ID,DESTINATION_ID) SELECT 8, DESTINATION_ID FROM DESTINATION WHERE DESTINATION_NUMBER='27946';
INSERT INTO SEGMENTATION_RULE (SEGMENTATIONRULE_ID,ACTIVE,DESCRIPTION,NAME,PRIORITY,CALLGROUP_ID) VALUES (65,1,'Segmentation Rule 65','Segmentation Rule 65',1,8);
INSERT INTO SEGMENTION_RULE_VARIABLE (SEGMENTATIONRULEVAR_ID,VALUE,SEGMENTATIONRULE_ID,SEGMENTATIONVAR_ID) SELECT 254,'OCT',65,SEGMENTATIONVAR_ID FROM SEGMENTION_VARIABLE WHERE NAME='COMBINADO_COM';
INSERT INTO SEGMENTION_RULE_VARIABLE (SEGMENTATIONRULEVAR_ID,VALUE,SEGMENTATIONRULE_ID,SEGMENTATIONVAR_ID) SELECT 255,'COMPRA',65,SEGMENTATIONVAR_ID FROM SEGMENTION_VARIABLE WHERE NAME='OPERACAO';
INSERT INTO SEGMENTION_RULE_VARIABLE (SEGMENTATIONRULEVAR_ID,VALUE,SEGMENTATIONRULE_ID,SEGMENTATIONVAR_ID) SELECT 256,'TLV_TV_BA',65,SEGMENTATIONVAR_ID FROM SEGMENTION_VARIABLE WHERE NAME='IVR_GROUP';
INSERT INTO SEGMENTION_RULE_VARIABLE (SEGMENTATIONRULEVAR_ID,VALUE,SEGMENTATIONRULE_ID,SEGMENTATIONVAR_ID) SELECT 257,'OI_TV',65,SEGMENTATIONVAR_ID FROM SEGMENTION_VARIABLE WHERE NAME='PRODUTO';
INSERT INTO CALLGROUP_DEST (CALLGROUP_ID,DESTINATION_ID) SELECT 8, DESTINATION_ID FROM DESTINATION WHERE DESTINATION_NUMBER='27947';
INSERT INTO SEGMENTATION_RULE (SEGMENTATIONRULE_ID,ACTIVE,DESCRIPTION,NAME,PRIORITY,CALLGROUP_ID) VALUES (66,1,'Segmentation Rule 66','Segmentation Rule 66',1,8);
INSERT INTO SEGMENTION_RULE_VARIABLE (SEGMENTATIONRULEVAR_ID,VALUE,SEGMENTATIONRULE_ID,SEGMENTATIONVAR_ID) SELECT 258,'OCT',66,SEGMENTATIONVAR_ID FROM SEGMENTION_VARIABLE WHERE NAME='COMBINADO_COM';
INSERT INTO SEGMENTION_RULE_VARIABLE (SEGMENTATIONRULEVAR_ID,VALUE,SEGMENTATIONRULE_ID,SEGMENTATIONVAR_ID) SELECT 259,'COMPRA',66,SEGMENTATIONVAR_ID FROM SEGMENTION_VARIABLE WHERE NAME='OPERACAO';
INSERT INTO SEGMENTION_RULE_VARIABLE (SEGMENTATIONRULEVAR_ID,VALUE,SEGMENTATIONRULE_ID,SEGMENTATIONVAR_ID) SELECT 260,'TLV_TV_BA',66,SEGMENTATIONVAR_ID FROM SEGMENTION_VARIABLE WHERE NAME='IVR_GROUP';
INSERT INTO SEGMENTION_RULE_VARIABLE (SEGMENTATIONRULEVAR_ID,VALUE,SEGMENTATIONRULE_ID,SEGMENTATIONVAR_ID) SELECT 261,'OI_TV',66,SEGMENTATIONVAR_ID FROM SEGMENTION_VARIABLE WHERE NAME='PRODUTO';
INSERT INTO CALLGROUP_DEST (CALLGROUP_ID,DESTINATION_ID) SELECT 8, DESTINATION_ID FROM DESTINATION WHERE DESTINATION_NUMBER='27948';
INSERT INTO SEGMENTATION_RULE (SEGMENTATIONRULE_ID,ACTIVE,DESCRIPTION,NAME,PRIORITY,CALLGROUP_ID) VALUES (67,1,'Segmentation Rule 67','Segmentation Rule 67',1,8);
INSERT INTO SEGMENTION_RULE_VARIABLE (SEGMENTATIONRULEVAR_ID,VALUE,SEGMENTATIONRULE_ID,SEGMENTATIONVAR_ID) SELECT 262,'OCT',67,SEGMENTATIONVAR_ID FROM SEGMENTION_VARIABLE WHERE NAME='COMBINADO_COM';
INSERT INTO SEGMENTION_RULE_VARIABLE (SEGMENTATIONRULEVAR_ID,VALUE,SEGMENTATIONRULE_ID,SEGMENTATIONVAR_ID) SELECT 263,'COMPRA',67,SEGMENTATIONVAR_ID FROM SEGMENTION_VARIABLE WHERE NAME='OPERACAO';
INSERT INTO SEGMENTION_RULE_VARIABLE (SEGMENTATIONRULEVAR_ID,VALUE,SEGMENTATIONRULE_ID,SEGMENTATIONVAR_ID) SELECT 264,'TLV_TV_BA',67,SEGMENTATIONVAR_ID FROM SEGMENTION_VARIABLE WHERE NAME='IVR_GROUP';
INSERT INTO SEGMENTION_RULE_VARIABLE (SEGMENTATIONRULEVAR_ID,VALUE,SEGMENTATIONRULE_ID,SEGMENTATIONVAR_ID) SELECT 265,'OI_TV',67,SEGMENTATIONVAR_ID FROM SEGMENTION_VARIABLE WHERE NAME='PRODUTO';
INSERT INTO CALLGROUP_DEST (CALLGROUP_ID,DESTINATION_ID) SELECT 8, DESTINATION_ID FROM DESTINATION WHERE DESTINATION_NUMBER='27949';
INSERT INTO SEGMENTATION_RULE (SEGMENTATIONRULE_ID,ACTIVE,DESCRIPTION,NAME,PRIORITY,CALLGROUP_ID) VALUES (68,1,'Segmentation Rule 68','Segmentation Rule 68',1,8);
INSERT INTO SEGMENTION_RULE_VARIABLE (SEGMENTATIONRULEVAR_ID,VALUE,SEGMENTATIONRULE_ID,SEGMENTATIONVAR_ID) SELECT 266,'OCT',68,SEGMENTATIONVAR_ID FROM SEGMENTION_VARIABLE WHERE NAME='COMBINADO_COM';
INSERT INTO SEGMENTION_RULE_VARIABLE (SEGMENTATIONRULEVAR_ID,VALUE,SEGMENTATIONRULE_ID,SEGMENTATIONVAR_ID) SELECT 267,'COMPRA',68,SEGMENTATIONVAR_ID FROM SEGMENTION_VARIABLE WHERE NAME='OPERACAO';
INSERT INTO SEGMENTION_RULE_VARIABLE (SEGMENTATIONRULEVAR_ID,VALUE,SEGMENTATIONRULE_ID,SEGMENTATIONVAR_ID) SELECT 268,'TLV_TV_BA',68,SEGMENTATIONVAR_ID FROM SEGMENTION_VARIABLE WHERE NAME='IVR_GROUP';
INSERT INTO SEGMENTION_RULE_VARIABLE (SEGMENTATIONRULEVAR_ID,VALUE,SEGMENTATIONRULE_ID,SEGMENTATIONVAR_ID) SELECT 269,'OI_TV',68,SEGMENTATIONVAR_ID FROM SEGMENTION_VARIABLE WHERE NAME='PRODUTO';
INSERT INTO REGION (REGION_ID,DESCRIPTION,LAST_UPDATE_TIMESTAMP,NAME,LOB_ID) VALUES (4,'Region R2',SYSDATE,'Region R2',3);
INSERT INTO STATE (STATE_ID,DESCRIPTION,LAST_UPDATE_TIMESTAMP,NAME,REGION_ID) VALUES (4,'State R2',SYSDATE,'State R2',4);
INSERT INTO CALLGROUP (CALLGROUP_ID,DESCRIPTION,LAST_UPDATE_TIMESTAMP,NAME,STATE_ID) VALUES (9,'Callgroup 9 of State R2',SYSDATE,'Callgroup 9 of State R2',4);
INSERT INTO SCHEDULE (SCHEDULE_ID,ENABLE_TYPE,SCHEDULE_END_DATE,SCHEDULE_END_TIME,SCHEDULE_FRIDAY,LAST_UPDATE_TIMESTAMP,SCHEDULE_MONDAY,SCHEDULE_SATURDAY,SCHEDULE_START_DATE,SCHEDULE_START_TIME,SCHEDULE_SUNDAY,SCHEDULE_THURSDAY,SCHEDULE_TUESDAY,SCHEDULE_WEDNESDAY,CALLGROUP_ID,ROUTERULE_ID) VALUES (9,2,null,TO_DATE('2100-12-31 23:59:59','YYYY-MM-DD HH24:MI:SS'),1,SYSDATE,0,1,null,TO_DATE('1970-01-01 00:00:00','YYYY-MM-DD HH24:MI:SS'),1,0,0,0,9,3);
INSERT INTO CALLGROUP_DEST (CALLGROUP_ID,DESTINATION_ID) SELECT 9, DESTINATION_ID FROM DESTINATION WHERE DESTINATION_NUMBER='75360';
INSERT INTO SEGMENTATION_RULE (SEGMENTATIONRULE_ID,ACTIVE,DESCRIPTION,NAME,PRIORITY,CALLGROUP_ID) VALUES (69,1,'Segmentation Rule 69','Segmentation Rule 69',1,9);
INSERT INTO SEGMENTION_RULE_VARIABLE (SEGMENTATIONRULEVAR_ID,VALUE,SEGMENTATIONRULE_ID,SEGMENTATIONVAR_ID) SELECT 270,'OCT',69,SEGMENTATIONVAR_ID FROM SEGMENTION_VARIABLE WHERE NAME='COMBINADO_COM';
INSERT INTO SEGMENTION_RULE_VARIABLE (SEGMENTATIONRULEVAR_ID,VALUE,SEGMENTATIONRULE_ID,SEGMENTATIONVAR_ID) SELECT 271,'COMPRA',69,SEGMENTATIONVAR_ID FROM SEGMENTION_VARIABLE WHERE NAME='OPERACAO';
INSERT INTO SEGMENTION_RULE_VARIABLE (SEGMENTATIONRULEVAR_ID,VALUE,SEGMENTATIONRULE_ID,SEGMENTATIONVAR_ID) SELECT 272,'VENDAS_4P',69,SEGMENTATIONVAR_ID FROM SEGMENTION_VARIABLE WHERE NAME='IVR_GROUP';
INSERT INTO SEGMENTION_RULE_VARIABLE (SEGMENTATIONRULEVAR_ID,VALUE,SEGMENTATIONRULE_ID,SEGMENTATIONVAR_ID) SELECT 273,'R2',69,SEGMENTATIONVAR_ID FROM SEGMENTION_VARIABLE WHERE NAME='DDD';
INSERT INTO SEGMENTION_RULE_VARIABLE (SEGMENTATIONRULEVAR_ID,VALUE,SEGMENTATIONRULE_ID,SEGMENTATIONVAR_ID) SELECT 274,'OI_TV',69,SEGMENTATIONVAR_ID FROM SEGMENTION_VARIABLE WHERE NAME='PRODUTO';
INSERT INTO CALLGROUP (CALLGROUP_ID,DESCRIPTION,LAST_UPDATE_TIMESTAMP,NAME,STATE_ID) VALUES (10,'Callgroup 10 of State R2',SYSDATE,'Callgroup 10 of State R2',4);
INSERT INTO SCHEDULE (SCHEDULE_ID,ENABLE_TYPE,SCHEDULE_END_DATE,SCHEDULE_END_TIME,SCHEDULE_FRIDAY,LAST_UPDATE_TIMESTAMP,SCHEDULE_MONDAY,SCHEDULE_SATURDAY,SCHEDULE_START_DATE,SCHEDULE_START_TIME,SCHEDULE_SUNDAY,SCHEDULE_THURSDAY,SCHEDULE_TUESDAY,SCHEDULE_WEDNESDAY,CALLGROUP_ID,ROUTERULE_ID) VALUES (10,2,null,TO_DATE('2100-12-31 23:59:59','YYYY-MM-DD HH24:MI:SS'),1,SYSDATE,0,1,null,TO_DATE('1970-01-01 00:00:00','YYYY-MM-DD HH24:MI:SS'),1,0,0,0,10,3);
INSERT INTO CALLGROUP_DEST (CALLGROUP_ID,DESTINATION_ID) SELECT 10, DESTINATION_ID FROM DESTINATION WHERE DESTINATION_NUMBER='20958';
INSERT INTO SEGMENTATION_RULE (SEGMENTATIONRULE_ID,ACTIVE,DESCRIPTION,NAME,PRIORITY,CALLGROUP_ID) VALUES (70,1,'Segmentation Rule 70','Segmentation Rule 70',1,10);
INSERT INTO SEGMENTION_RULE_VARIABLE (SEGMENTATIONRULEVAR_ID,VALUE,SEGMENTATIONRULE_ID,SEGMENTATIONVAR_ID) SELECT 275,'VELOX',70,SEGMENTATIONVAR_ID FROM SEGMENTION_VARIABLE WHERE NAME='COMBINADO_COM';
INSERT INTO SEGMENTION_RULE_VARIABLE (SEGMENTATIONRULEVAR_ID,VALUE,SEGMENTATIONRULE_ID,SEGMENTATIONVAR_ID) SELECT 276,'COMPRA',70,SEGMENTATIONVAR_ID FROM SEGMENTION_VARIABLE WHERE NAME='OPERACAO';
INSERT INTO SEGMENTION_RULE_VARIABLE (SEGMENTATIONRULEVAR_ID,VALUE,SEGMENTATIONRULE_ID,SEGMENTATIONVAR_ID) SELECT 277,'TLV_TV_BA',70,SEGMENTATIONVAR_ID FROM SEGMENTION_VARIABLE WHERE NAME='IVR_GROUP';
INSERT INTO SEGMENTION_RULE_VARIABLE (SEGMENTATIONRULEVAR_ID,VALUE,SEGMENTATIONRULE_ID,SEGMENTATIONVAR_ID) SELECT 278,'68',70,SEGMENTATIONVAR_ID FROM SEGMENTION_VARIABLE WHERE NAME='DDD';
INSERT INTO SEGMENTION_RULE_VARIABLE (SEGMENTATIONRULEVAR_ID,VALUE,SEGMENTATIONRULE_ID,SEGMENTATIONVAR_ID) SELECT 279,'OI_TV',70,SEGMENTATIONVAR_ID FROM SEGMENTION_VARIABLE WHERE NAME='PRODUTO';
INSERT INTO CALLGROUP_DEST (CALLGROUP_ID,DESTINATION_ID) SELECT 10, DESTINATION_ID FROM DESTINATION WHERE DESTINATION_NUMBER='27956';
INSERT INTO SEGMENTATION_RULE (SEGMENTATIONRULE_ID,ACTIVE,DESCRIPTION,NAME,PRIORITY,CALLGROUP_ID) VALUES (71,1,'Segmentation Rule 71','Segmentation Rule 71',1,10);
INSERT INTO SEGMENTION_RULE_VARIABLE (SEGMENTATIONRULEVAR_ID,VALUE,SEGMENTATIONRULE_ID,SEGMENTATIONVAR_ID) SELECT 280,'VELOX',71,SEGMENTATIONVAR_ID FROM SEGMENTION_VARIABLE WHERE NAME='COMBINADO_COM';
INSERT INTO SEGMENTION_RULE_VARIABLE (SEGMENTATIONRULEVAR_ID,VALUE,SEGMENTATIONRULE_ID,SEGMENTATIONVAR_ID) SELECT 281,'COMPRA',71,SEGMENTATIONVAR_ID FROM SEGMENTION_VARIABLE WHERE NAME='OPERACAO';
INSERT INTO SEGMENTION_RULE_VARIABLE (SEGMENTATIONRULEVAR_ID,VALUE,SEGMENTATIONRULE_ID,SEGMENTATIONVAR_ID) SELECT 282,'TLV_TV_BA',71,SEGMENTATIONVAR_ID FROM SEGMENTION_VARIABLE WHERE NAME='IVR_GROUP';
INSERT INTO SEGMENTION_RULE_VARIABLE (SEGMENTATIONRULEVAR_ID,VALUE,SEGMENTATIONRULE_ID,SEGMENTATIONVAR_ID) SELECT 283,'68',71,SEGMENTATIONVAR_ID FROM SEGMENTION_VARIABLE WHERE NAME='DDD';
INSERT INTO SEGMENTION_RULE_VARIABLE (SEGMENTATIONRULEVAR_ID,VALUE,SEGMENTATIONRULE_ID,SEGMENTATIONVAR_ID) SELECT 284,'OI_TV',71,SEGMENTATIONVAR_ID FROM SEGMENTION_VARIABLE WHERE NAME='PRODUTO';
INSERT INTO CALLGROUP_DEST (CALLGROUP_ID,DESTINATION_ID) SELECT 10, DESTINATION_ID FROM DESTINATION WHERE DESTINATION_NUMBER='20938';
INSERT INTO SEGMENTATION_RULE (SEGMENTATIONRULE_ID,ACTIVE,DESCRIPTION,NAME,PRIORITY,CALLGROUP_ID) VALUES (72,1,'Segmentation Rule 72','Segmentation Rule 72',1,10);
INSERT INTO SEGMENTION_RULE_VARIABLE (SEGMENTATIONRULEVAR_ID,VALUE,SEGMENTATIONRULE_ID,SEGMENTATIONVAR_ID) SELECT 285,'VELOX',72,SEGMENTATIONVAR_ID FROM SEGMENTION_VARIABLE WHERE NAME='COMBINADO_COM';
INSERT INTO SEGMENTION_RULE_VARIABLE (SEGMENTATIONRULEVAR_ID,VALUE,SEGMENTATIONRULE_ID,SEGMENTATIONVAR_ID) SELECT 286,'COMPRA',72,SEGMENTATIONVAR_ID FROM SEGMENTION_VARIABLE WHERE NAME='OPERACAO';
INSERT INTO SEGMENTION_RULE_VARIABLE (SEGMENTATIONRULEVAR_ID,VALUE,SEGMENTATIONRULE_ID,SEGMENTATIONVAR_ID) SELECT 287,'TLV_TV_BA',72,SEGMENTATIONVAR_ID FROM SEGMENTION_VARIABLE WHERE NAME='IVR_GROUP';
INSERT INTO SEGMENTION_RULE_VARIABLE (SEGMENTATIONRULEVAR_ID,VALUE,SEGMENTATIONRULE_ID,SEGMENTATIONVAR_ID) SELECT 288,'68',72,SEGMENTATIONVAR_ID FROM SEGMENTION_VARIABLE WHERE NAME='DDD';
INSERT INTO SEGMENTION_RULE_VARIABLE (SEGMENTATIONRULEVAR_ID,VALUE,SEGMENTATIONRULE_ID,SEGMENTATIONVAR_ID) SELECT 289,'OI_TV',72,SEGMENTATIONVAR_ID FROM SEGMENTION_VARIABLE WHERE NAME='PRODUTO';
INSERT INTO CALLGROUP_DEST (CALLGROUP_ID,DESTINATION_ID) SELECT 10, DESTINATION_ID FROM DESTINATION WHERE DESTINATION_NUMBER='20939';
INSERT INTO SEGMENTATION_RULE (SEGMENTATIONRULE_ID,ACTIVE,DESCRIPTION,NAME,PRIORITY,CALLGROUP_ID) VALUES (73,1,'Segmentation Rule 73','Segmentation Rule 73',1,10);
INSERT INTO SEGMENTION_RULE_VARIABLE (SEGMENTATIONRULEVAR_ID,VALUE,SEGMENTATIONRULE_ID,SEGMENTATIONVAR_ID) SELECT 290,'VELOX',73,SEGMENTATIONVAR_ID FROM SEGMENTION_VARIABLE WHERE NAME='COMBINADO_COM';
INSERT INTO SEGMENTION_RULE_VARIABLE (SEGMENTATIONRULEVAR_ID,VALUE,SEGMENTATIONRULE_ID,SEGMENTATIONVAR_ID) SELECT 291,'COMPRA',73,SEGMENTATIONVAR_ID FROM SEGMENTION_VARIABLE WHERE NAME='OPERACAO';
INSERT INTO SEGMENTION_RULE_VARIABLE (SEGMENTATIONRULEVAR_ID,VALUE,SEGMENTATIONRULE_ID,SEGMENTATIONVAR_ID) SELECT 292,'TLV_TV_BA',73,SEGMENTATIONVAR_ID FROM SEGMENTION_VARIABLE WHERE NAME='IVR_GROUP';
INSERT INTO SEGMENTION_RULE_VARIABLE (SEGMENTATIONRULEVAR_ID,VALUE,SEGMENTATIONRULE_ID,SEGMENTATIONVAR_ID) SELECT 293,'68',73,SEGMENTATIONVAR_ID FROM SEGMENTION_VARIABLE WHERE NAME='DDD';
INSERT INTO SEGMENTION_RULE_VARIABLE (SEGMENTATIONRULEVAR_ID,VALUE,SEGMENTATIONRULE_ID,SEGMENTATIONVAR_ID) SELECT 294,'OI_TV',73,SEGMENTATIONVAR_ID FROM SEGMENTION_VARIABLE WHERE NAME='PRODUTO';
INSERT INTO CALLGROUP_DEST (CALLGROUP_ID,DESTINATION_ID) SELECT 10, DESTINATION_ID FROM DESTINATION WHERE DESTINATION_NUMBER='20956';
INSERT INTO SEGMENTATION_RULE (SEGMENTATIONRULE_ID,ACTIVE,DESCRIPTION,NAME,PRIORITY,CALLGROUP_ID) VALUES (74,1,'Segmentation Rule 74','Segmentation Rule 74',1,10);
INSERT INTO SEGMENTION_RULE_VARIABLE (SEGMENTATIONRULEVAR_ID,VALUE,SEGMENTATIONRULE_ID,SEGMENTATIONVAR_ID) SELECT 295,'VELOX',74,SEGMENTATIONVAR_ID FROM SEGMENTION_VARIABLE WHERE NAME='COMBINADO_COM';
INSERT INTO SEGMENTION_RULE_VARIABLE (SEGMENTATIONRULEVAR_ID,VALUE,SEGMENTATIONRULE_ID,SEGMENTATIONVAR_ID) SELECT 296,'COMPRA',74,SEGMENTATIONVAR_ID FROM SEGMENTION_VARIABLE WHERE NAME='OPERACAO';
INSERT INTO SEGMENTION_RULE_VARIABLE (SEGMENTATIONRULEVAR_ID,VALUE,SEGMENTATIONRULE_ID,SEGMENTATIONVAR_ID) SELECT 297,'TLV_TV_BA',74,SEGMENTATIONVAR_ID FROM SEGMENTION_VARIABLE WHERE NAME='IVR_GROUP';
INSERT INTO SEGMENTION_RULE_VARIABLE (SEGMENTATIONRULEVAR_ID,VALUE,SEGMENTATIONRULE_ID,SEGMENTATIONVAR_ID) SELECT 298,'68',74,SEGMENTATIONVAR_ID FROM SEGMENTION_VARIABLE WHERE NAME='DDD';
INSERT INTO SEGMENTION_RULE_VARIABLE (SEGMENTATIONRULEVAR_ID,VALUE,SEGMENTATIONRULE_ID,SEGMENTATIONVAR_ID) SELECT 299,'OI_TV',74,SEGMENTATIONVAR_ID FROM SEGMENTION_VARIABLE WHERE NAME='PRODUTO';
INSERT INTO CALLGROUP_DEST (CALLGROUP_ID,DESTINATION_ID) SELECT 10, DESTINATION_ID FROM DESTINATION WHERE DESTINATION_NUMBER='20957';
INSERT INTO SEGMENTATION_RULE (SEGMENTATIONRULE_ID,ACTIVE,DESCRIPTION,NAME,PRIORITY,CALLGROUP_ID) VALUES (75,1,'Segmentation Rule 75','Segmentation Rule 75',1,10);
INSERT INTO SEGMENTION_RULE_VARIABLE (SEGMENTATIONRULEVAR_ID,VALUE,SEGMENTATIONRULE_ID,SEGMENTATIONVAR_ID) SELECT 300,'VELOX',75,SEGMENTATIONVAR_ID FROM SEGMENTION_VARIABLE WHERE NAME='COMBINADO_COM';
INSERT INTO SEGMENTION_RULE_VARIABLE (SEGMENTATIONRULEVAR_ID,VALUE,SEGMENTATIONRULE_ID,SEGMENTATIONVAR_ID) SELECT 301,'COMPRA',75,SEGMENTATIONVAR_ID FROM SEGMENTION_VARIABLE WHERE NAME='OPERACAO';
INSERT INTO SEGMENTION_RULE_VARIABLE (SEGMENTATIONRULEVAR_ID,VALUE,SEGMENTATIONRULE_ID,SEGMENTATIONVAR_ID) SELECT 302,'TLV_TV_BA',75,SEGMENTATIONVAR_ID FROM SEGMENTION_VARIABLE WHERE NAME='IVR_GROUP';
INSERT INTO SEGMENTION_RULE_VARIABLE (SEGMENTATIONRULEVAR_ID,VALUE,SEGMENTATIONRULE_ID,SEGMENTATIONVAR_ID) SELECT 303,'68',75,SEGMENTATIONVAR_ID FROM SEGMENTION_VARIABLE WHERE NAME='DDD';
INSERT INTO SEGMENTION_RULE_VARIABLE (SEGMENTATIONRULEVAR_ID,VALUE,SEGMENTATIONRULE_ID,SEGMENTATIONVAR_ID) SELECT 304,'OI_TV',75,SEGMENTATIONVAR_ID FROM SEGMENTION_VARIABLE WHERE NAME='PRODUTO';
INSERT INTO CALLGROUP_DEST (CALLGROUP_ID,DESTINATION_ID) SELECT 10, DESTINATION_ID FROM DESTINATION WHERE DESTINATION_NUMBER='20930';
INSERT INTO SEGMENTATION_RULE (SEGMENTATIONRULE_ID,ACTIVE,DESCRIPTION,NAME,PRIORITY,CALLGROUP_ID) VALUES (76,1,'Segmentation Rule 76','Segmentation Rule 76',1,10);
INSERT INTO SEGMENTION_RULE_VARIABLE (SEGMENTATIONRULEVAR_ID,VALUE,SEGMENTATIONRULE_ID,SEGMENTATIONVAR_ID) SELECT 305,'VELOX',76,SEGMENTATIONVAR_ID FROM SEGMENTION_VARIABLE WHERE NAME='COMBINADO_COM';
INSERT INTO SEGMENTION_RULE_VARIABLE (SEGMENTATIONRULEVAR_ID,VALUE,SEGMENTATIONRULE_ID,SEGMENTATIONVAR_ID) SELECT 306,'COMPRA',76,SEGMENTATIONVAR_ID FROM SEGMENTION_VARIABLE WHERE NAME='OPERACAO';
INSERT INTO SEGMENTION_RULE_VARIABLE (SEGMENTATIONRULEVAR_ID,VALUE,SEGMENTATIONRULE_ID,SEGMENTATIONVAR_ID) SELECT 307,'TLV_TV_BA',76,SEGMENTATIONVAR_ID FROM SEGMENTION_VARIABLE WHERE NAME='IVR_GROUP';
INSERT INTO SEGMENTION_RULE_VARIABLE (SEGMENTATIONRULEVAR_ID,VALUE,SEGMENTATIONRULE_ID,SEGMENTATIONVAR_ID) SELECT 308,'68',76,SEGMENTATIONVAR_ID FROM SEGMENTION_VARIABLE WHERE NAME='DDD';
INSERT INTO SEGMENTION_RULE_VARIABLE (SEGMENTATIONRULEVAR_ID,VALUE,SEGMENTATIONRULE_ID,SEGMENTATIONVAR_ID) SELECT 309,'OI_TV',76,SEGMENTATIONVAR_ID FROM SEGMENTION_VARIABLE WHERE NAME='PRODUTO';
INSERT INTO CALLGROUP_DEST (CALLGROUP_ID,DESTINATION_ID) SELECT 10, DESTINATION_ID FROM DESTINATION WHERE DESTINATION_NUMBER='20931';
INSERT INTO SEGMENTATION_RULE (SEGMENTATIONRULE_ID,ACTIVE,DESCRIPTION,NAME,PRIORITY,CALLGROUP_ID) VALUES (77,1,'Segmentation Rule 77','Segmentation Rule 77',1,10);
INSERT INTO SEGMENTION_RULE_VARIABLE (SEGMENTATIONRULEVAR_ID,VALUE,SEGMENTATIONRULE_ID,SEGMENTATIONVAR_ID) SELECT 310,'VELOX',77,SEGMENTATIONVAR_ID FROM SEGMENTION_VARIABLE WHERE NAME='COMBINADO_COM';
INSERT INTO SEGMENTION_RULE_VARIABLE (SEGMENTATIONRULEVAR_ID,VALUE,SEGMENTATIONRULE_ID,SEGMENTATIONVAR_ID) SELECT 311,'COMPRA',77,SEGMENTATIONVAR_ID FROM SEGMENTION_VARIABLE WHERE NAME='OPERACAO';
INSERT INTO SEGMENTION_RULE_VARIABLE (SEGMENTATIONRULEVAR_ID,VALUE,SEGMENTATIONRULE_ID,SEGMENTATIONVAR_ID) SELECT 312,'TLV_TV_BA',77,SEGMENTATIONVAR_ID FROM SEGMENTION_VARIABLE WHERE NAME='IVR_GROUP';
INSERT INTO SEGMENTION_RULE_VARIABLE (SEGMENTATIONRULEVAR_ID,VALUE,SEGMENTATIONRULE_ID,SEGMENTATIONVAR_ID) SELECT 313,'68',77,SEGMENTATIONVAR_ID FROM SEGMENTION_VARIABLE WHERE NAME='DDD';
INSERT INTO SEGMENTION_RULE_VARIABLE (SEGMENTATIONRULEVAR_ID,VALUE,SEGMENTATIONRULE_ID,SEGMENTATIONVAR_ID) SELECT 314,'OI_TV',77,SEGMENTATIONVAR_ID FROM SEGMENTION_VARIABLE WHERE NAME='PRODUTO';
INSERT INTO CALLGROUP_DEST (CALLGROUP_ID,DESTINATION_ID) SELECT 10, DESTINATION_ID FROM DESTINATION WHERE DESTINATION_NUMBER='20932';
INSERT INTO SEGMENTATION_RULE (SEGMENTATIONRULE_ID,ACTIVE,DESCRIPTION,NAME,PRIORITY,CALLGROUP_ID) VALUES (78,1,'Segmentation Rule 78','Segmentation Rule 78',1,10);
INSERT INTO SEGMENTION_RULE_VARIABLE (SEGMENTATIONRULEVAR_ID,VALUE,SEGMENTATIONRULE_ID,SEGMENTATIONVAR_ID) SELECT 315,'VELOX',78,SEGMENTATIONVAR_ID FROM SEGMENTION_VARIABLE WHERE NAME='COMBINADO_COM';
INSERT INTO SEGMENTION_RULE_VARIABLE (SEGMENTATIONRULEVAR_ID,VALUE,SEGMENTATIONRULE_ID,SEGMENTATIONVAR_ID) SELECT 316,'COMPRA',78,SEGMENTATIONVAR_ID FROM SEGMENTION_VARIABLE WHERE NAME='OPERACAO';
INSERT INTO SEGMENTION_RULE_VARIABLE (SEGMENTATIONRULEVAR_ID,VALUE,SEGMENTATIONRULE_ID,SEGMENTATIONVAR_ID) SELECT 317,'TLV_TV_BA',78,SEGMENTATIONVAR_ID FROM SEGMENTION_VARIABLE WHERE NAME='IVR_GROUP';
INSERT INTO SEGMENTION_RULE_VARIABLE (SEGMENTATIONRULEVAR_ID,VALUE,SEGMENTATIONRULE_ID,SEGMENTATIONVAR_ID) SELECT 318,'68',78,SEGMENTATIONVAR_ID FROM SEGMENTION_VARIABLE WHERE NAME='DDD';
INSERT INTO SEGMENTION_RULE_VARIABLE (SEGMENTATIONRULEVAR_ID,VALUE,SEGMENTATIONRULE_ID,SEGMENTATIONVAR_ID) SELECT 319,'OI_TV',78,SEGMENTATIONVAR_ID FROM SEGMENTION_VARIABLE WHERE NAME='PRODUTO';
INSERT INTO CALLGROUP_DEST (CALLGROUP_ID,DESTINATION_ID) SELECT 10, DESTINATION_ID FROM DESTINATION WHERE DESTINATION_NUMBER='20933';
INSERT INTO SEGMENTATION_RULE (SEGMENTATIONRULE_ID,ACTIVE,DESCRIPTION,NAME,PRIORITY,CALLGROUP_ID) VALUES (79,1,'Segmentation Rule 79','Segmentation Rule 79',1,10);
INSERT INTO SEGMENTION_RULE_VARIABLE (SEGMENTATIONRULEVAR_ID,VALUE,SEGMENTATIONRULE_ID,SEGMENTATIONVAR_ID) SELECT 320,'VELOX',79,SEGMENTATIONVAR_ID FROM SEGMENTION_VARIABLE WHERE NAME='COMBINADO_COM';
INSERT INTO SEGMENTION_RULE_VARIABLE (SEGMENTATIONRULEVAR_ID,VALUE,SEGMENTATIONRULE_ID,SEGMENTATIONVAR_ID) SELECT 321,'COMPRA',79,SEGMENTATIONVAR_ID FROM SEGMENTION_VARIABLE WHERE NAME='OPERACAO';
INSERT INTO SEGMENTION_RULE_VARIABLE (SEGMENTATIONRULEVAR_ID,VALUE,SEGMENTATIONRULE_ID,SEGMENTATIONVAR_ID) SELECT 322,'TLV_TV_BA',79,SEGMENTATIONVAR_ID FROM SEGMENTION_VARIABLE WHERE NAME='IVR_GROUP';
INSERT INTO SEGMENTION_RULE_VARIABLE (SEGMENTATIONRULEVAR_ID,VALUE,SEGMENTATIONRULE_ID,SEGMENTATIONVAR_ID) SELECT 323,'68',79,SEGMENTATIONVAR_ID FROM SEGMENTION_VARIABLE WHERE NAME='DDD';
INSERT INTO SEGMENTION_RULE_VARIABLE (SEGMENTATIONRULEVAR_ID,VALUE,SEGMENTATIONRULE_ID,SEGMENTATIONVAR_ID) SELECT 324,'OI_TV',79,SEGMENTATIONVAR_ID FROM SEGMENTION_VARIABLE WHERE NAME='PRODUTO';
INSERT INTO CALLGROUP_DEST (CALLGROUP_ID,DESTINATION_ID) SELECT 10, DESTINATION_ID FROM DESTINATION WHERE DESTINATION_NUMBER='20934';
INSERT INTO SEGMENTATION_RULE (SEGMENTATIONRULE_ID,ACTIVE,DESCRIPTION,NAME,PRIORITY,CALLGROUP_ID) VALUES (80,1,'Segmentation Rule 80','Segmentation Rule 80',1,10);
INSERT INTO SEGMENTION_RULE_VARIABLE (SEGMENTATIONRULEVAR_ID,VALUE,SEGMENTATIONRULE_ID,SEGMENTATIONVAR_ID) SELECT 325,'VELOX',80,SEGMENTATIONVAR_ID FROM SEGMENTION_VARIABLE WHERE NAME='COMBINADO_COM';
INSERT INTO SEGMENTION_RULE_VARIABLE (SEGMENTATIONRULEVAR_ID,VALUE,SEGMENTATIONRULE_ID,SEGMENTATIONVAR_ID) SELECT 326,'COMPRA',80,SEGMENTATIONVAR_ID FROM SEGMENTION_VARIABLE WHERE NAME='OPERACAO';
INSERT INTO SEGMENTION_RULE_VARIABLE (SEGMENTATIONRULEVAR_ID,VALUE,SEGMENTATIONRULE_ID,SEGMENTATIONVAR_ID) SELECT 327,'TLV_TV_BA',80,SEGMENTATIONVAR_ID FROM SEGMENTION_VARIABLE WHERE NAME='IVR_GROUP';
INSERT INTO SEGMENTION_RULE_VARIABLE (SEGMENTATIONRULEVAR_ID,VALUE,SEGMENTATIONRULE_ID,SEGMENTATIONVAR_ID) SELECT 328,'68',80,SEGMENTATIONVAR_ID FROM SEGMENTION_VARIABLE WHERE NAME='DDD';
INSERT INTO SEGMENTION_RULE_VARIABLE (SEGMENTATIONRULEVAR_ID,VALUE,SEGMENTATIONRULE_ID,SEGMENTATIONVAR_ID) SELECT 329,'OI_TV',80,SEGMENTATIONVAR_ID FROM SEGMENTION_VARIABLE WHERE NAME='PRODUTO';
INSERT INTO CALLGROUP_DEST (CALLGROUP_ID,DESTINATION_ID) SELECT 10, DESTINATION_ID FROM DESTINATION WHERE DESTINATION_NUMBER='20935';
INSERT INTO SEGMENTATION_RULE (SEGMENTATIONRULE_ID,ACTIVE,DESCRIPTION,NAME,PRIORITY,CALLGROUP_ID) VALUES (81,1,'Segmentation Rule 81','Segmentation Rule 81',1,10);
INSERT INTO SEGMENTION_RULE_VARIABLE (SEGMENTATIONRULEVAR_ID,VALUE,SEGMENTATIONRULE_ID,SEGMENTATIONVAR_ID) SELECT 330,'VELOX',81,SEGMENTATIONVAR_ID FROM SEGMENTION_VARIABLE WHERE NAME='COMBINADO_COM';
INSERT INTO SEGMENTION_RULE_VARIABLE (SEGMENTATIONRULEVAR_ID,VALUE,SEGMENTATIONRULE_ID,SEGMENTATIONVAR_ID) SELECT 331,'COMPRA',81,SEGMENTATIONVAR_ID FROM SEGMENTION_VARIABLE WHERE NAME='OPERACAO';
INSERT INTO SEGMENTION_RULE_VARIABLE (SEGMENTATIONRULEVAR_ID,VALUE,SEGMENTATIONRULE_ID,SEGMENTATIONVAR_ID) SELECT 332,'TLV_TV_BA',81,SEGMENTATIONVAR_ID FROM SEGMENTION_VARIABLE WHERE NAME='IVR_GROUP';
INSERT INTO SEGMENTION_RULE_VARIABLE (SEGMENTATIONRULEVAR_ID,VALUE,SEGMENTATIONRULE_ID,SEGMENTATIONVAR_ID) SELECT 333,'68',81,SEGMENTATIONVAR_ID FROM SEGMENTION_VARIABLE WHERE NAME='DDD';
INSERT INTO SEGMENTION_RULE_VARIABLE (SEGMENTATIONRULEVAR_ID,VALUE,SEGMENTATIONRULE_ID,SEGMENTATIONVAR_ID) SELECT 334,'OI_TV',81,SEGMENTATIONVAR_ID FROM SEGMENTION_VARIABLE WHERE NAME='PRODUTO';
INSERT INTO CALLGROUP_DEST (CALLGROUP_ID,DESTINATION_ID) SELECT 10, DESTINATION_ID FROM DESTINATION WHERE DESTINATION_NUMBER='20936';
INSERT INTO SEGMENTATION_RULE (SEGMENTATIONRULE_ID,ACTIVE,DESCRIPTION,NAME,PRIORITY,CALLGROUP_ID) VALUES (82,1,'Segmentation Rule 82','Segmentation Rule 82',1,10);
INSERT INTO SEGMENTION_RULE_VARIABLE (SEGMENTATIONRULEVAR_ID,VALUE,SEGMENTATIONRULE_ID,SEGMENTATIONVAR_ID) SELECT 335,'VELOX',82,SEGMENTATIONVAR_ID FROM SEGMENTION_VARIABLE WHERE NAME='COMBINADO_COM';
INSERT INTO SEGMENTION_RULE_VARIABLE (SEGMENTATIONRULEVAR_ID,VALUE,SEGMENTATIONRULE_ID,SEGMENTATIONVAR_ID) SELECT 336,'COMPRA',82,SEGMENTATIONVAR_ID FROM SEGMENTION_VARIABLE WHERE NAME='OPERACAO';
INSERT INTO SEGMENTION_RULE_VARIABLE (SEGMENTATIONRULEVAR_ID,VALUE,SEGMENTATIONRULE_ID,SEGMENTATIONVAR_ID) SELECT 337,'TLV_TV_BA',82,SEGMENTATIONVAR_ID FROM SEGMENTION_VARIABLE WHERE NAME='IVR_GROUP';
INSERT INTO SEGMENTION_RULE_VARIABLE (SEGMENTATIONRULEVAR_ID,VALUE,SEGMENTATIONRULE_ID,SEGMENTATIONVAR_ID) SELECT 338,'68',82,SEGMENTATIONVAR_ID FROM SEGMENTION_VARIABLE WHERE NAME='DDD';
INSERT INTO SEGMENTION_RULE_VARIABLE (SEGMENTATIONRULEVAR_ID,VALUE,SEGMENTATIONRULE_ID,SEGMENTATIONVAR_ID) SELECT 339,'OI_TV',82,SEGMENTATIONVAR_ID FROM SEGMENTION_VARIABLE WHERE NAME='PRODUTO';
INSERT INTO CALLGROUP_DEST (CALLGROUP_ID,DESTINATION_ID) SELECT 10, DESTINATION_ID FROM DESTINATION WHERE DESTINATION_NUMBER='20937';
INSERT INTO SEGMENTATION_RULE (SEGMENTATIONRULE_ID,ACTIVE,DESCRIPTION,NAME,PRIORITY,CALLGROUP_ID) VALUES (83,1,'Segmentation Rule 83','Segmentation Rule 83',1,10);
INSERT INTO SEGMENTION_RULE_VARIABLE (SEGMENTATIONRULEVAR_ID,VALUE,SEGMENTATIONRULE_ID,SEGMENTATIONVAR_ID) SELECT 340,'VELOX',83,SEGMENTATIONVAR_ID FROM SEGMENTION_VARIABLE WHERE NAME='COMBINADO_COM';
INSERT INTO SEGMENTION_RULE_VARIABLE (SEGMENTATIONRULEVAR_ID,VALUE,SEGMENTATIONRULE_ID,SEGMENTATIONVAR_ID) SELECT 341,'COMPRA',83,SEGMENTATIONVAR_ID FROM SEGMENTION_VARIABLE WHERE NAME='OPERACAO';
INSERT INTO SEGMENTION_RULE_VARIABLE (SEGMENTATIONRULEVAR_ID,VALUE,SEGMENTATIONRULE_ID,SEGMENTATIONVAR_ID) SELECT 342,'TLV_TV_BA',83,SEGMENTATIONVAR_ID FROM SEGMENTION_VARIABLE WHERE NAME='IVR_GROUP';
INSERT INTO SEGMENTION_RULE_VARIABLE (SEGMENTATIONRULEVAR_ID,VALUE,SEGMENTATIONRULE_ID,SEGMENTATIONVAR_ID) SELECT 343,'68',83,SEGMENTATIONVAR_ID FROM SEGMENTION_VARIABLE WHERE NAME='DDD';
INSERT INTO SEGMENTION_RULE_VARIABLE (SEGMENTATIONRULEVAR_ID,VALUE,SEGMENTATIONRULE_ID,SEGMENTATIONVAR_ID) SELECT 344,'OI_TV',83,SEGMENTATIONVAR_ID FROM SEGMENTION_VARIABLE WHERE NAME='PRODUTO';
INSERT INTO CALLGROUP_DEST (CALLGROUP_ID,DESTINATION_ID) SELECT 10, DESTINATION_ID FROM DESTINATION WHERE DESTINATION_NUMBER='27979';
INSERT INTO SEGMENTATION_RULE (SEGMENTATIONRULE_ID,ACTIVE,DESCRIPTION,NAME,PRIORITY,CALLGROUP_ID) VALUES (84,1,'Segmentation Rule 84','Segmentation Rule 84',1,10);
INSERT INTO SEGMENTION_RULE_VARIABLE (SEGMENTATIONRULEVAR_ID,VALUE,SEGMENTATIONRULE_ID,SEGMENTATIONVAR_ID) SELECT 345,'VELOX',84,SEGMENTATIONVAR_ID FROM SEGMENTION_VARIABLE WHERE NAME='COMBINADO_COM';
INSERT INTO SEGMENTION_RULE_VARIABLE (SEGMENTATIONRULEVAR_ID,VALUE,SEGMENTATIONRULE_ID,SEGMENTATIONVAR_ID) SELECT 346,'COMPRA',84,SEGMENTATIONVAR_ID FROM SEGMENTION_VARIABLE WHERE NAME='OPERACAO';
INSERT INTO SEGMENTION_RULE_VARIABLE (SEGMENTATIONRULEVAR_ID,VALUE,SEGMENTATIONRULE_ID,SEGMENTATIONVAR_ID) SELECT 347,'TLV_TV_BA',84,SEGMENTATIONVAR_ID FROM SEGMENTION_VARIABLE WHERE NAME='IVR_GROUP';
INSERT INTO SEGMENTION_RULE_VARIABLE (SEGMENTATIONRULEVAR_ID,VALUE,SEGMENTATIONRULE_ID,SEGMENTATIONVAR_ID) SELECT 348,'68',84,SEGMENTATIONVAR_ID FROM SEGMENTION_VARIABLE WHERE NAME='DDD';
INSERT INTO SEGMENTION_RULE_VARIABLE (SEGMENTATIONRULEVAR_ID,VALUE,SEGMENTATIONRULE_ID,SEGMENTATIONVAR_ID) SELECT 349,'OI_TV',84,SEGMENTATIONVAR_ID FROM SEGMENTION_VARIABLE WHERE NAME='PRODUTO';
INSERT INTO CALLGROUP_DEST (CALLGROUP_ID,DESTINATION_ID) SELECT 10, DESTINATION_ID FROM DESTINATION WHERE DESTINATION_NUMBER='20955';
INSERT INTO SEGMENTATION_RULE (SEGMENTATIONRULE_ID,ACTIVE,DESCRIPTION,NAME,PRIORITY,CALLGROUP_ID) VALUES (85,1,'Segmentation Rule 85','Segmentation Rule 85',1,10);
INSERT INTO SEGMENTION_RULE_VARIABLE (SEGMENTATIONRULEVAR_ID,VALUE,SEGMENTATIONRULE_ID,SEGMENTATIONVAR_ID) SELECT 350,'VELOX',85,SEGMENTATIONVAR_ID FROM SEGMENTION_VARIABLE WHERE NAME='COMBINADO_COM';
INSERT INTO SEGMENTION_RULE_VARIABLE (SEGMENTATIONRULEVAR_ID,VALUE,SEGMENTATIONRULE_ID,SEGMENTATIONVAR_ID) SELECT 351,'COMPRA',85,SEGMENTATIONVAR_ID FROM SEGMENTION_VARIABLE WHERE NAME='OPERACAO';
INSERT INTO SEGMENTION_RULE_VARIABLE (SEGMENTATIONRULEVAR_ID,VALUE,SEGMENTATIONRULE_ID,SEGMENTATIONVAR_ID) SELECT 352,'TLV_TV_BA',85,SEGMENTATIONVAR_ID FROM SEGMENTION_VARIABLE WHERE NAME='IVR_GROUP';
INSERT INTO SEGMENTION_RULE_VARIABLE (SEGMENTATIONRULEVAR_ID,VALUE,SEGMENTATIONRULE_ID,SEGMENTATIONVAR_ID) SELECT 353,'68',85,SEGMENTATIONVAR_ID FROM SEGMENTION_VARIABLE WHERE NAME='DDD';
INSERT INTO SEGMENTION_RULE_VARIABLE (SEGMENTATIONRULEVAR_ID,VALUE,SEGMENTATIONRULE_ID,SEGMENTATIONVAR_ID) SELECT 354,'OI_TV',85,SEGMENTATIONVAR_ID FROM SEGMENTION_VARIABLE WHERE NAME='PRODUTO';
INSERT INTO CALLGROUP_DEST (CALLGROUP_ID,DESTINATION_ID) SELECT 10, DESTINATION_ID FROM DESTINATION WHERE DESTINATION_NUMBER='27959';
INSERT INTO SEGMENTATION_RULE (SEGMENTATIONRULE_ID,ACTIVE,DESCRIPTION,NAME,PRIORITY,CALLGROUP_ID) VALUES (86,1,'Segmentation Rule 86','Segmentation Rule 86',1,10);
INSERT INTO SEGMENTION_RULE_VARIABLE (SEGMENTATIONRULEVAR_ID,VALUE,SEGMENTATIONRULE_ID,SEGMENTATIONVAR_ID) SELECT 355,'VELOX',86,SEGMENTATIONVAR_ID FROM SEGMENTION_VARIABLE WHERE NAME='COMBINADO_COM';
INSERT INTO SEGMENTION_RULE_VARIABLE (SEGMENTATIONRULEVAR_ID,VALUE,SEGMENTATIONRULE_ID,SEGMENTATIONVAR_ID) SELECT 356,'COMPRA',86,SEGMENTATIONVAR_ID FROM SEGMENTION_VARIABLE WHERE NAME='OPERACAO';
INSERT INTO SEGMENTION_RULE_VARIABLE (SEGMENTATIONRULEVAR_ID,VALUE,SEGMENTATIONRULE_ID,SEGMENTATIONVAR_ID) SELECT 357,'TLV_TV_BA',86,SEGMENTATIONVAR_ID FROM SEGMENTION_VARIABLE WHERE NAME='IVR_GROUP';
INSERT INTO SEGMENTION_RULE_VARIABLE (SEGMENTATIONRULEVAR_ID,VALUE,SEGMENTATIONRULE_ID,SEGMENTATIONVAR_ID) SELECT 358,'68',86,SEGMENTATIONVAR_ID FROM SEGMENTION_VARIABLE WHERE NAME='DDD';
INSERT INTO SEGMENTION_RULE_VARIABLE (SEGMENTATIONRULEVAR_ID,VALUE,SEGMENTATIONRULE_ID,SEGMENTATIONVAR_ID) SELECT 359,'OI_TV',86,SEGMENTATIONVAR_ID FROM SEGMENTION_VARIABLE WHERE NAME='PRODUTO';
INSERT INTO CALLGROUP_DEST (CALLGROUP_ID,DESTINATION_ID) SELECT 10, DESTINATION_ID FROM DESTINATION WHERE DESTINATION_NUMBER='27958';
INSERT INTO SEGMENTATION_RULE (SEGMENTATIONRULE_ID,ACTIVE,DESCRIPTION,NAME,PRIORITY,CALLGROUP_ID) VALUES (87,1,'Segmentation Rule 87','Segmentation Rule 87',1,10);
INSERT INTO SEGMENTION_RULE_VARIABLE (SEGMENTATIONRULEVAR_ID,VALUE,SEGMENTATIONRULE_ID,SEGMENTATIONVAR_ID) SELECT 360,'VELOX',87,SEGMENTATIONVAR_ID FROM SEGMENTION_VARIABLE WHERE NAME='COMBINADO_COM';
INSERT INTO SEGMENTION_RULE_VARIABLE (SEGMENTATIONRULEVAR_ID,VALUE,SEGMENTATIONRULE_ID,SEGMENTATIONVAR_ID) SELECT 361,'COMPRA',87,SEGMENTATIONVAR_ID FROM SEGMENTION_VARIABLE WHERE NAME='OPERACAO';
INSERT INTO SEGMENTION_RULE_VARIABLE (SEGMENTATIONRULEVAR_ID,VALUE,SEGMENTATIONRULE_ID,SEGMENTATIONVAR_ID) SELECT 362,'TLV_TV_BA',87,SEGMENTATIONVAR_ID FROM SEGMENTION_VARIABLE WHERE NAME='IVR_GROUP';
INSERT INTO SEGMENTION_RULE_VARIABLE (SEGMENTATIONRULEVAR_ID,VALUE,SEGMENTATIONRULE_ID,SEGMENTATIONVAR_ID) SELECT 363,'68',87,SEGMENTATIONVAR_ID FROM SEGMENTION_VARIABLE WHERE NAME='DDD';
INSERT INTO SEGMENTION_RULE_VARIABLE (SEGMENTATIONRULEVAR_ID,VALUE,SEGMENTATIONRULE_ID,SEGMENTATIONVAR_ID) SELECT 364,'OI_TV',87,SEGMENTATIONVAR_ID FROM SEGMENTION_VARIABLE WHERE NAME='PRODUTO';
INSERT INTO CALLGROUP_DEST (CALLGROUP_ID,DESTINATION_ID) SELECT 10, DESTINATION_ID FROM DESTINATION WHERE DESTINATION_NUMBER='27957';
INSERT INTO SEGMENTATION_RULE (SEGMENTATIONRULE_ID,ACTIVE,DESCRIPTION,NAME,PRIORITY,CALLGROUP_ID) VALUES (88,1,'Segmentation Rule 88','Segmentation Rule 88',1,10);
INSERT INTO SEGMENTION_RULE_VARIABLE (SEGMENTATIONRULEVAR_ID,VALUE,SEGMENTATIONRULE_ID,SEGMENTATIONVAR_ID) SELECT 365,'VELOX',88,SEGMENTATIONVAR_ID FROM SEGMENTION_VARIABLE WHERE NAME='COMBINADO_COM';
INSERT INTO SEGMENTION_RULE_VARIABLE (SEGMENTATIONRULEVAR_ID,VALUE,SEGMENTATIONRULE_ID,SEGMENTATIONVAR_ID) SELECT 366,'COMPRA',88,SEGMENTATIONVAR_ID FROM SEGMENTION_VARIABLE WHERE NAME='OPERACAO';
INSERT INTO SEGMENTION_RULE_VARIABLE (SEGMENTATIONRULEVAR_ID,VALUE,SEGMENTATIONRULE_ID,SEGMENTATIONVAR_ID) SELECT 367,'TLV_TV_BA',88,SEGMENTATIONVAR_ID FROM SEGMENTION_VARIABLE WHERE NAME='IVR_GROUP';
INSERT INTO SEGMENTION_RULE_VARIABLE (SEGMENTATIONRULEVAR_ID,VALUE,SEGMENTATIONRULE_ID,SEGMENTATIONVAR_ID) SELECT 368,'68',88,SEGMENTATIONVAR_ID FROM SEGMENTION_VARIABLE WHERE NAME='DDD';
INSERT INTO SEGMENTION_RULE_VARIABLE (SEGMENTATIONRULEVAR_ID,VALUE,SEGMENTATIONRULE_ID,SEGMENTATIONVAR_ID) SELECT 369,'OI_TV',88,SEGMENTATIONVAR_ID FROM SEGMENTION_VARIABLE WHERE NAME='PRODUTO';
INSERT INTO CALLGROUP_DEST (CALLGROUP_ID,DESTINATION_ID) SELECT 10, DESTINATION_ID FROM DESTINATION WHERE DESTINATION_NUMBER='27197';
INSERT INTO SEGMENTATION_RULE (SEGMENTATIONRULE_ID,ACTIVE,DESCRIPTION,NAME,PRIORITY,CALLGROUP_ID) VALUES (89,1,'Segmentation Rule 89','Segmentation Rule 89',1,10);
INSERT INTO SEGMENTION_RULE_VARIABLE (SEGMENTATIONRULEVAR_ID,VALUE,SEGMENTATIONRULE_ID,SEGMENTATIONVAR_ID) SELECT 370,'VELOX',89,SEGMENTATIONVAR_ID FROM SEGMENTION_VARIABLE WHERE NAME='COMBINADO_COM';
INSERT INTO SEGMENTION_RULE_VARIABLE (SEGMENTATIONRULEVAR_ID,VALUE,SEGMENTATIONRULE_ID,SEGMENTATIONVAR_ID) SELECT 371,'COMPRA',89,SEGMENTATIONVAR_ID FROM SEGMENTION_VARIABLE WHERE NAME='OPERACAO';
INSERT INTO SEGMENTION_RULE_VARIABLE (SEGMENTATIONRULEVAR_ID,VALUE,SEGMENTATIONRULE_ID,SEGMENTATIONVAR_ID) SELECT 372,'TLV_TV_BA',89,SEGMENTATIONVAR_ID FROM SEGMENTION_VARIABLE WHERE NAME='IVR_GROUP';
INSERT INTO SEGMENTION_RULE_VARIABLE (SEGMENTATIONRULEVAR_ID,VALUE,SEGMENTATIONRULE_ID,SEGMENTATIONVAR_ID) SELECT 373,'68',89,SEGMENTATIONVAR_ID FROM SEGMENTION_VARIABLE WHERE NAME='DDD';
INSERT INTO SEGMENTION_RULE_VARIABLE (SEGMENTATIONRULEVAR_ID,VALUE,SEGMENTATIONRULE_ID,SEGMENTATIONVAR_ID) SELECT 374,'OI_TV',89,SEGMENTATIONVAR_ID FROM SEGMENTION_VARIABLE WHERE NAME='PRODUTO';
INSERT INTO CALLGROUP_DEST (CALLGROUP_ID,DESTINATION_ID) SELECT 10, DESTINATION_ID FROM DESTINATION WHERE DESTINATION_NUMBER='27955';
INSERT INTO SEGMENTATION_RULE (SEGMENTATIONRULE_ID,ACTIVE,DESCRIPTION,NAME,PRIORITY,CALLGROUP_ID) VALUES (90,1,'Segmentation Rule 90','Segmentation Rule 90',1,10);
INSERT INTO SEGMENTION_RULE_VARIABLE (SEGMENTATIONRULEVAR_ID,VALUE,SEGMENTATIONRULE_ID,SEGMENTATIONVAR_ID) SELECT 375,'VELOX',90,SEGMENTATIONVAR_ID FROM SEGMENTION_VARIABLE WHERE NAME='COMBINADO_COM';
INSERT INTO SEGMENTION_RULE_VARIABLE (SEGMENTATIONRULEVAR_ID,VALUE,SEGMENTATIONRULE_ID,SEGMENTATIONVAR_ID) SELECT 376,'COMPRA',90,SEGMENTATIONVAR_ID FROM SEGMENTION_VARIABLE WHERE NAME='OPERACAO';
INSERT INTO SEGMENTION_RULE_VARIABLE (SEGMENTATIONRULEVAR_ID,VALUE,SEGMENTATIONRULE_ID,SEGMENTATIONVAR_ID) SELECT 377,'TLV_TV_BA',90,SEGMENTATIONVAR_ID FROM SEGMENTION_VARIABLE WHERE NAME='IVR_GROUP';
INSERT INTO SEGMENTION_RULE_VARIABLE (SEGMENTATIONRULEVAR_ID,VALUE,SEGMENTATIONRULE_ID,SEGMENTATIONVAR_ID) SELECT 378,'68',90,SEGMENTATIONVAR_ID FROM SEGMENTION_VARIABLE WHERE NAME='DDD';
INSERT INTO SEGMENTION_RULE_VARIABLE (SEGMENTATIONRULEVAR_ID,VALUE,SEGMENTATIONRULE_ID,SEGMENTATIONVAR_ID) SELECT 379,'OI_TV',90,SEGMENTATIONVAR_ID FROM SEGMENTION_VARIABLE WHERE NAME='PRODUTO';
INSERT INTO CALLGROUP_DEST (CALLGROUP_ID,DESTINATION_ID) SELECT 10, DESTINATION_ID FROM DESTINATION WHERE DESTINATION_NUMBER='27954';
INSERT INTO SEGMENTATION_RULE (SEGMENTATIONRULE_ID,ACTIVE,DESCRIPTION,NAME,PRIORITY,CALLGROUP_ID) VALUES (91,1,'Segmentation Rule 91','Segmentation Rule 91',1,10);
INSERT INTO SEGMENTION_RULE_VARIABLE (SEGMENTATIONRULEVAR_ID,VALUE,SEGMENTATIONRULE_ID,SEGMENTATIONVAR_ID) SELECT 380,'VELOX',91,SEGMENTATIONVAR_ID FROM SEGMENTION_VARIABLE WHERE NAME='COMBINADO_COM';
INSERT INTO SEGMENTION_RULE_VARIABLE (SEGMENTATIONRULEVAR_ID,VALUE,SEGMENTATIONRULE_ID,SEGMENTATIONVAR_ID) SELECT 381,'COMPRA',91,SEGMENTATIONVAR_ID FROM SEGMENTION_VARIABLE WHERE NAME='OPERACAO';
INSERT INTO SEGMENTION_RULE_VARIABLE (SEGMENTATIONRULEVAR_ID,VALUE,SEGMENTATIONRULE_ID,SEGMENTATIONVAR_ID) SELECT 382,'TLV_TV_BA',91,SEGMENTATIONVAR_ID FROM SEGMENTION_VARIABLE WHERE NAME='IVR_GROUP';
INSERT INTO SEGMENTION_RULE_VARIABLE (SEGMENTATIONRULEVAR_ID,VALUE,SEGMENTATIONRULE_ID,SEGMENTATIONVAR_ID) SELECT 383,'68',91,SEGMENTATIONVAR_ID FROM SEGMENTION_VARIABLE WHERE NAME='DDD';
INSERT INTO SEGMENTION_RULE_VARIABLE (SEGMENTATIONRULEVAR_ID,VALUE,SEGMENTATIONRULE_ID,SEGMENTATIONVAR_ID) SELECT 384,'OI_TV',91,SEGMENTATIONVAR_ID FROM SEGMENTION_VARIABLE WHERE NAME='PRODUTO';
INSERT INTO CALLGROUP_DEST (CALLGROUP_ID,DESTINATION_ID) SELECT 10, DESTINATION_ID FROM DESTINATION WHERE DESTINATION_NUMBER='27953';
INSERT INTO SEGMENTATION_RULE (SEGMENTATIONRULE_ID,ACTIVE,DESCRIPTION,NAME,PRIORITY,CALLGROUP_ID) VALUES (92,1,'Segmentation Rule 92','Segmentation Rule 92',1,10);
INSERT INTO SEGMENTION_RULE_VARIABLE (SEGMENTATIONRULEVAR_ID,VALUE,SEGMENTATIONRULE_ID,SEGMENTATIONVAR_ID) SELECT 385,'VELOX',92,SEGMENTATIONVAR_ID FROM SEGMENTION_VARIABLE WHERE NAME='COMBINADO_COM';
INSERT INTO SEGMENTION_RULE_VARIABLE (SEGMENTATIONRULEVAR_ID,VALUE,SEGMENTATIONRULE_ID,SEGMENTATIONVAR_ID) SELECT 386,'COMPRA',92,SEGMENTATIONVAR_ID FROM SEGMENTION_VARIABLE WHERE NAME='OPERACAO';
INSERT INTO SEGMENTION_RULE_VARIABLE (SEGMENTATIONRULEVAR_ID,VALUE,SEGMENTATIONRULE_ID,SEGMENTATIONVAR_ID) SELECT 387,'TLV_TV_BA',92,SEGMENTATIONVAR_ID FROM SEGMENTION_VARIABLE WHERE NAME='IVR_GROUP';
INSERT INTO SEGMENTION_RULE_VARIABLE (SEGMENTATIONRULEVAR_ID,VALUE,SEGMENTATIONRULE_ID,SEGMENTATIONVAR_ID) SELECT 388,'68',92,SEGMENTATIONVAR_ID FROM SEGMENTION_VARIABLE WHERE NAME='DDD';
INSERT INTO SEGMENTION_RULE_VARIABLE (SEGMENTATIONRULEVAR_ID,VALUE,SEGMENTATIONRULE_ID,SEGMENTATIONVAR_ID) SELECT 389,'OI_TV',92,SEGMENTATIONVAR_ID FROM SEGMENTION_VARIABLE WHERE NAME='PRODUTO';
INSERT INTO CALLGROUP_DEST (CALLGROUP_ID,DESTINATION_ID) SELECT 10, DESTINATION_ID FROM DESTINATION WHERE DESTINATION_NUMBER='27952';
INSERT INTO SEGMENTATION_RULE (SEGMENTATIONRULE_ID,ACTIVE,DESCRIPTION,NAME,PRIORITY,CALLGROUP_ID) VALUES (93,1,'Segmentation Rule 93','Segmentation Rule 93',1,10);
INSERT INTO SEGMENTION_RULE_VARIABLE (SEGMENTATIONRULEVAR_ID,VALUE,SEGMENTATIONRULE_ID,SEGMENTATIONVAR_ID) SELECT 390,'VELOX',93,SEGMENTATIONVAR_ID FROM SEGMENTION_VARIABLE WHERE NAME='COMBINADO_COM';
INSERT INTO SEGMENTION_RULE_VARIABLE (SEGMENTATIONRULEVAR_ID,VALUE,SEGMENTATIONRULE_ID,SEGMENTATIONVAR_ID) SELECT 391,'COMPRA',93,SEGMENTATIONVAR_ID FROM SEGMENTION_VARIABLE WHERE NAME='OPERACAO';
INSERT INTO SEGMENTION_RULE_VARIABLE (SEGMENTATIONRULEVAR_ID,VALUE,SEGMENTATIONRULE_ID,SEGMENTATIONVAR_ID) SELECT 392,'TLV_TV_BA',93,SEGMENTATIONVAR_ID FROM SEGMENTION_VARIABLE WHERE NAME='IVR_GROUP';
INSERT INTO SEGMENTION_RULE_VARIABLE (SEGMENTATIONRULEVAR_ID,VALUE,SEGMENTATIONRULE_ID,SEGMENTATIONVAR_ID) SELECT 393,'68',93,SEGMENTATIONVAR_ID FROM SEGMENTION_VARIABLE WHERE NAME='DDD';
INSERT INTO SEGMENTION_RULE_VARIABLE (SEGMENTATIONRULEVAR_ID,VALUE,SEGMENTATIONRULE_ID,SEGMENTATIONVAR_ID) SELECT 394,'OI_TV',93,SEGMENTATIONVAR_ID FROM SEGMENTION_VARIABLE WHERE NAME='PRODUTO';
INSERT INTO CALLGROUP_DEST (CALLGROUP_ID,DESTINATION_ID) SELECT 10, DESTINATION_ID FROM DESTINATION WHERE DESTINATION_NUMBER='27951';
INSERT INTO SEGMENTATION_RULE (SEGMENTATIONRULE_ID,ACTIVE,DESCRIPTION,NAME,PRIORITY,CALLGROUP_ID) VALUES (94,1,'Segmentation Rule 94','Segmentation Rule 94',1,10);
INSERT INTO SEGMENTION_RULE_VARIABLE (SEGMENTATIONRULEVAR_ID,VALUE,SEGMENTATIONRULE_ID,SEGMENTATIONVAR_ID) SELECT 395,'VELOX',94,SEGMENTATIONVAR_ID FROM SEGMENTION_VARIABLE WHERE NAME='COMBINADO_COM';
INSERT INTO SEGMENTION_RULE_VARIABLE (SEGMENTATIONRULEVAR_ID,VALUE,SEGMENTATIONRULE_ID,SEGMENTATIONVAR_ID) SELECT 396,'COMPRA',94,SEGMENTATIONVAR_ID FROM SEGMENTION_VARIABLE WHERE NAME='OPERACAO';
INSERT INTO SEGMENTION_RULE_VARIABLE (SEGMENTATIONRULEVAR_ID,VALUE,SEGMENTATIONRULE_ID,SEGMENTATIONVAR_ID) SELECT 397,'TLV_TV_BA',94,SEGMENTATIONVAR_ID FROM SEGMENTION_VARIABLE WHERE NAME='IVR_GROUP';
INSERT INTO SEGMENTION_RULE_VARIABLE (SEGMENTATIONRULEVAR_ID,VALUE,SEGMENTATIONRULE_ID,SEGMENTATIONVAR_ID) SELECT 398,'68',94,SEGMENTATIONVAR_ID FROM SEGMENTION_VARIABLE WHERE NAME='DDD';
INSERT INTO SEGMENTION_RULE_VARIABLE (SEGMENTATIONRULEVAR_ID,VALUE,SEGMENTATIONRULE_ID,SEGMENTATIONVAR_ID) SELECT 399,'OI_TV',94,SEGMENTATIONVAR_ID FROM SEGMENTION_VARIABLE WHERE NAME='PRODUTO';
INSERT INTO CALLGROUP_DEST (CALLGROUP_ID,DESTINATION_ID) SELECT 10, DESTINATION_ID FROM DESTINATION WHERE DESTINATION_NUMBER='27196';
INSERT INTO SEGMENTATION_RULE (SEGMENTATIONRULE_ID,ACTIVE,DESCRIPTION,NAME,PRIORITY,CALLGROUP_ID) VALUES (95,1,'Segmentation Rule 95','Segmentation Rule 95',1,10);
INSERT INTO SEGMENTION_RULE_VARIABLE (SEGMENTATIONRULEVAR_ID,VALUE,SEGMENTATIONRULE_ID,SEGMENTATIONVAR_ID) SELECT 400,'VELOX',95,SEGMENTATIONVAR_ID FROM SEGMENTION_VARIABLE WHERE NAME='COMBINADO_COM';
INSERT INTO SEGMENTION_RULE_VARIABLE (SEGMENTATIONRULEVAR_ID,VALUE,SEGMENTATIONRULE_ID,SEGMENTATIONVAR_ID) SELECT 401,'COMPRA',95,SEGMENTATIONVAR_ID FROM SEGMENTION_VARIABLE WHERE NAME='OPERACAO';
INSERT INTO SEGMENTION_RULE_VARIABLE (SEGMENTATIONRULEVAR_ID,VALUE,SEGMENTATIONRULE_ID,SEGMENTATIONVAR_ID) SELECT 402,'TLV_TV_BA',95,SEGMENTATIONVAR_ID FROM SEGMENTION_VARIABLE WHERE NAME='IVR_GROUP';
INSERT INTO SEGMENTION_RULE_VARIABLE (SEGMENTATIONRULEVAR_ID,VALUE,SEGMENTATIONRULE_ID,SEGMENTATIONVAR_ID) SELECT 403,'68',95,SEGMENTATIONVAR_ID FROM SEGMENTION_VARIABLE WHERE NAME='DDD';
INSERT INTO SEGMENTION_RULE_VARIABLE (SEGMENTATIONRULEVAR_ID,VALUE,SEGMENTATIONRULE_ID,SEGMENTATIONVAR_ID) SELECT 404,'OI_TV',95,SEGMENTATIONVAR_ID FROM SEGMENTION_VARIABLE WHERE NAME='PRODUTO';
INSERT INTO CALLGROUP_DEST (CALLGROUP_ID,DESTINATION_ID) SELECT 10, DESTINATION_ID FROM DESTINATION WHERE DESTINATION_NUMBER='20929';
INSERT INTO SEGMENTATION_RULE (SEGMENTATIONRULE_ID,ACTIVE,DESCRIPTION,NAME,PRIORITY,CALLGROUP_ID) VALUES (96,1,'Segmentation Rule 96','Segmentation Rule 96',1,10);
INSERT INTO SEGMENTION_RULE_VARIABLE (SEGMENTATIONRULEVAR_ID,VALUE,SEGMENTATIONRULE_ID,SEGMENTATIONVAR_ID) SELECT 405,'VELOX',96,SEGMENTATIONVAR_ID FROM SEGMENTION_VARIABLE WHERE NAME='COMBINADO_COM';
INSERT INTO SEGMENTION_RULE_VARIABLE (SEGMENTATIONRULEVAR_ID,VALUE,SEGMENTATIONRULE_ID,SEGMENTATIONVAR_ID) SELECT 406,'COMPRA',96,SEGMENTATIONVAR_ID FROM SEGMENTION_VARIABLE WHERE NAME='OPERACAO';
INSERT INTO SEGMENTION_RULE_VARIABLE (SEGMENTATIONRULEVAR_ID,VALUE,SEGMENTATIONRULE_ID,SEGMENTATIONVAR_ID) SELECT 407,'TLV_TV_BA',96,SEGMENTATIONVAR_ID FROM SEGMENTION_VARIABLE WHERE NAME='IVR_GROUP';
INSERT INTO SEGMENTION_RULE_VARIABLE (SEGMENTATIONRULEVAR_ID,VALUE,SEGMENTATIONRULE_ID,SEGMENTATIONVAR_ID) SELECT 408,'68',96,SEGMENTATIONVAR_ID FROM SEGMENTION_VARIABLE WHERE NAME='DDD';
INSERT INTO SEGMENTION_RULE_VARIABLE (SEGMENTATIONRULEVAR_ID,VALUE,SEGMENTATIONRULE_ID,SEGMENTATIONVAR_ID) SELECT 409,'OI_TV',96,SEGMENTATIONVAR_ID FROM SEGMENTION_VARIABLE WHERE NAME='PRODUTO';
INSERT INTO CALLGROUP_DEST (CALLGROUP_ID,DESTINATION_ID) SELECT 10, DESTINATION_ID FROM DESTINATION WHERE DESTINATION_NUMBER='27971';
INSERT INTO SEGMENTATION_RULE (SEGMENTATIONRULE_ID,ACTIVE,DESCRIPTION,NAME,PRIORITY,CALLGROUP_ID) VALUES (97,1,'Segmentation Rule 97','Segmentation Rule 97',1,10);
INSERT INTO SEGMENTION_RULE_VARIABLE (SEGMENTATIONRULEVAR_ID,VALUE,SEGMENTATIONRULE_ID,SEGMENTATIONVAR_ID) SELECT 410,'VELOX',97,SEGMENTATIONVAR_ID FROM SEGMENTION_VARIABLE WHERE NAME='COMBINADO_COM';
INSERT INTO SEGMENTION_RULE_VARIABLE (SEGMENTATIONRULEVAR_ID,VALUE,SEGMENTATIONRULE_ID,SEGMENTATIONVAR_ID) SELECT 411,'COMPRA',97,SEGMENTATIONVAR_ID FROM SEGMENTION_VARIABLE WHERE NAME='OPERACAO';
INSERT INTO SEGMENTION_RULE_VARIABLE (SEGMENTATIONRULEVAR_ID,VALUE,SEGMENTATIONRULE_ID,SEGMENTATIONVAR_ID) SELECT 412,'TLV_TV_BA',97,SEGMENTATIONVAR_ID FROM SEGMENTION_VARIABLE WHERE NAME='IVR_GROUP';
INSERT INTO SEGMENTION_RULE_VARIABLE (SEGMENTATIONRULEVAR_ID,VALUE,SEGMENTATIONRULE_ID,SEGMENTATIONVAR_ID) SELECT 413,'68',97,SEGMENTATIONVAR_ID FROM SEGMENTION_VARIABLE WHERE NAME='DDD';
INSERT INTO SEGMENTION_RULE_VARIABLE (SEGMENTATIONRULEVAR_ID,VALUE,SEGMENTATIONRULE_ID,SEGMENTATIONVAR_ID) SELECT 414,'OI_TV',97,SEGMENTATIONVAR_ID FROM SEGMENTION_VARIABLE WHERE NAME='PRODUTO';
INSERT INTO CALLGROUP_DEST (CALLGROUP_ID,DESTINATION_ID) SELECT 10, DESTINATION_ID FROM DESTINATION WHERE DESTINATION_NUMBER='20928';
INSERT INTO SEGMENTATION_RULE (SEGMENTATIONRULE_ID,ACTIVE,DESCRIPTION,NAME,PRIORITY,CALLGROUP_ID) VALUES (98,1,'Segmentation Rule 98','Segmentation Rule 98',1,10);
INSERT INTO SEGMENTION_RULE_VARIABLE (SEGMENTATIONRULEVAR_ID,VALUE,SEGMENTATIONRULE_ID,SEGMENTATIONVAR_ID) SELECT 415,'VELOX',98,SEGMENTATIONVAR_ID FROM SEGMENTION_VARIABLE WHERE NAME='COMBINADO_COM';
INSERT INTO SEGMENTION_RULE_VARIABLE (SEGMENTATIONRULEVAR_ID,VALUE,SEGMENTATIONRULE_ID,SEGMENTATIONVAR_ID) SELECT 416,'COMPRA',98,SEGMENTATIONVAR_ID FROM SEGMENTION_VARIABLE WHERE NAME='OPERACAO';
INSERT INTO SEGMENTION_RULE_VARIABLE (SEGMENTATIONRULEVAR_ID,VALUE,SEGMENTATIONRULE_ID,SEGMENTATIONVAR_ID) SELECT 417,'TLV_TV_BA',98,SEGMENTATIONVAR_ID FROM SEGMENTION_VARIABLE WHERE NAME='IVR_GROUP';
INSERT INTO SEGMENTION_RULE_VARIABLE (SEGMENTATIONRULEVAR_ID,VALUE,SEGMENTATIONRULE_ID,SEGMENTATIONVAR_ID) SELECT 418,'68',98,SEGMENTATIONVAR_ID FROM SEGMENTION_VARIABLE WHERE NAME='DDD';
INSERT INTO SEGMENTION_RULE_VARIABLE (SEGMENTATIONRULEVAR_ID,VALUE,SEGMENTATIONRULE_ID,SEGMENTATIONVAR_ID) SELECT 419,'OI_TV',98,SEGMENTATIONVAR_ID FROM SEGMENTION_VARIABLE WHERE NAME='PRODUTO';
INSERT INTO CALLGROUP_DEST (CALLGROUP_ID,DESTINATION_ID) SELECT 10, DESTINATION_ID FROM DESTINATION WHERE DESTINATION_NUMBER='27950';
INSERT INTO SEGMENTATION_RULE (SEGMENTATIONRULE_ID,ACTIVE,DESCRIPTION,NAME,PRIORITY,CALLGROUP_ID) VALUES (99,1,'Segmentation Rule 99','Segmentation Rule 99',1,10);
INSERT INTO SEGMENTION_RULE_VARIABLE (SEGMENTATIONRULEVAR_ID,VALUE,SEGMENTATIONRULE_ID,SEGMENTATIONVAR_ID) SELECT 420,'VELOX',99,SEGMENTATIONVAR_ID FROM SEGMENTION_VARIABLE WHERE NAME='COMBINADO_COM';
INSERT INTO SEGMENTION_RULE_VARIABLE (SEGMENTATIONRULEVAR_ID,VALUE,SEGMENTATIONRULE_ID,SEGMENTATIONVAR_ID) SELECT 421,'COMPRA',99,SEGMENTATIONVAR_ID FROM SEGMENTION_VARIABLE WHERE NAME='OPERACAO';
INSERT INTO SEGMENTION_RULE_VARIABLE (SEGMENTATIONRULEVAR_ID,VALUE,SEGMENTATIONRULE_ID,SEGMENTATIONVAR_ID) SELECT 422,'TLV_TV_BA',99,SEGMENTATIONVAR_ID FROM SEGMENTION_VARIABLE WHERE NAME='IVR_GROUP';
INSERT INTO SEGMENTION_RULE_VARIABLE (SEGMENTATIONRULEVAR_ID,VALUE,SEGMENTATIONRULE_ID,SEGMENTATIONVAR_ID) SELECT 423,'68',99,SEGMENTATIONVAR_ID FROM SEGMENTION_VARIABLE WHERE NAME='DDD';
INSERT INTO SEGMENTION_RULE_VARIABLE (SEGMENTATIONRULEVAR_ID,VALUE,SEGMENTATIONRULE_ID,SEGMENTATIONVAR_ID) SELECT 424,'OI_TV',99,SEGMENTATIONVAR_ID FROM SEGMENTION_VARIABLE WHERE NAME='PRODUTO';
INSERT INTO CALLGROUP_DEST (CALLGROUP_ID,DESTINATION_ID) SELECT 10, DESTINATION_ID FROM DESTINATION WHERE DESTINATION_NUMBER='20950';
INSERT INTO SEGMENTATION_RULE (SEGMENTATIONRULE_ID,ACTIVE,DESCRIPTION,NAME,PRIORITY,CALLGROUP_ID) VALUES (100,1,'Segmentation Rule 100','Segmentation Rule 100',1,10);
INSERT INTO SEGMENTION_RULE_VARIABLE (SEGMENTATIONRULEVAR_ID,VALUE,SEGMENTATIONRULE_ID,SEGMENTATIONVAR_ID) SELECT 425,'VELOX',100,SEGMENTATIONVAR_ID FROM SEGMENTION_VARIABLE WHERE NAME='COMBINADO_COM';
INSERT INTO SEGMENTION_RULE_VARIABLE (SEGMENTATIONRULEVAR_ID,VALUE,SEGMENTATIONRULE_ID,SEGMENTATIONVAR_ID) SELECT 426,'COMPRA',100,SEGMENTATIONVAR_ID FROM SEGMENTION_VARIABLE WHERE NAME='OPERACAO';
INSERT INTO SEGMENTION_RULE_VARIABLE (SEGMENTATIONRULEVAR_ID,VALUE,SEGMENTATIONRULE_ID,SEGMENTATIONVAR_ID) SELECT 427,'TLV_TV_BA',100,SEGMENTATIONVAR_ID FROM SEGMENTION_VARIABLE WHERE NAME='IVR_GROUP';
INSERT INTO SEGMENTION_RULE_VARIABLE (SEGMENTATIONRULEVAR_ID,VALUE,SEGMENTATIONRULE_ID,SEGMENTATIONVAR_ID) SELECT 428,'68',100,SEGMENTATIONVAR_ID FROM SEGMENTION_VARIABLE WHERE NAME='DDD';
INSERT INTO SEGMENTION_RULE_VARIABLE (SEGMENTATIONRULEVAR_ID,VALUE,SEGMENTATIONRULE_ID,SEGMENTATIONVAR_ID) SELECT 429,'OI_TV',100,SEGMENTATIONVAR_ID FROM SEGMENTION_VARIABLE WHERE NAME='PRODUTO';
INSERT INTO CALLGROUP_DEST (CALLGROUP_ID,DESTINATION_ID) SELECT 10, DESTINATION_ID FROM DESTINATION WHERE DESTINATION_NUMBER='20954';
INSERT INTO SEGMENTATION_RULE (SEGMENTATIONRULE_ID,ACTIVE,DESCRIPTION,NAME,PRIORITY,CALLGROUP_ID) VALUES (101,1,'Segmentation Rule 101','Segmentation Rule 101',1,10);
INSERT INTO SEGMENTION_RULE_VARIABLE (SEGMENTATIONRULEVAR_ID,VALUE,SEGMENTATIONRULE_ID,SEGMENTATIONVAR_ID) SELECT 430,'VELOX',101,SEGMENTATIONVAR_ID FROM SEGMENTION_VARIABLE WHERE NAME='COMBINADO_COM';
INSERT INTO SEGMENTION_RULE_VARIABLE (SEGMENTATIONRULEVAR_ID,VALUE,SEGMENTATIONRULE_ID,SEGMENTATIONVAR_ID) SELECT 431,'COMPRA',101,SEGMENTATIONVAR_ID FROM SEGMENTION_VARIABLE WHERE NAME='OPERACAO';
INSERT INTO SEGMENTION_RULE_VARIABLE (SEGMENTATIONRULEVAR_ID,VALUE,SEGMENTATIONRULE_ID,SEGMENTATIONVAR_ID) SELECT 432,'TLV_TV_BA',101,SEGMENTATIONVAR_ID FROM SEGMENTION_VARIABLE WHERE NAME='IVR_GROUP';
INSERT INTO SEGMENTION_RULE_VARIABLE (SEGMENTATIONRULEVAR_ID,VALUE,SEGMENTATIONRULE_ID,SEGMENTATIONVAR_ID) SELECT 433,'68',101,SEGMENTATIONVAR_ID FROM SEGMENTION_VARIABLE WHERE NAME='DDD';
INSERT INTO SEGMENTION_RULE_VARIABLE (SEGMENTATIONRULEVAR_ID,VALUE,SEGMENTATIONRULE_ID,SEGMENTATIONVAR_ID) SELECT 434,'OI_TV',101,SEGMENTATIONVAR_ID FROM SEGMENTION_VARIABLE WHERE NAME='PRODUTO';
INSERT INTO CALLGROUP_DEST (CALLGROUP_ID,DESTINATION_ID) SELECT 10, DESTINATION_ID FROM DESTINATION WHERE DESTINATION_NUMBER='20949';
INSERT INTO SEGMENTATION_RULE (SEGMENTATIONRULE_ID,ACTIVE,DESCRIPTION,NAME,PRIORITY,CALLGROUP_ID) VALUES (102,1,'Segmentation Rule 102','Segmentation Rule 102',1,10);
INSERT INTO SEGMENTION_RULE_VARIABLE (SEGMENTATIONRULEVAR_ID,VALUE,SEGMENTATIONRULE_ID,SEGMENTATIONVAR_ID) SELECT 435,'VELOX',102,SEGMENTATIONVAR_ID FROM SEGMENTION_VARIABLE WHERE NAME='COMBINADO_COM';
INSERT INTO SEGMENTION_RULE_VARIABLE (SEGMENTATIONRULEVAR_ID,VALUE,SEGMENTATIONRULE_ID,SEGMENTATIONVAR_ID) SELECT 436,'COMPRA',102,SEGMENTATIONVAR_ID FROM SEGMENTION_VARIABLE WHERE NAME='OPERACAO';
INSERT INTO SEGMENTION_RULE_VARIABLE (SEGMENTATIONRULEVAR_ID,VALUE,SEGMENTATIONRULE_ID,SEGMENTATIONVAR_ID) SELECT 437,'TLV_TV_BA',102,SEGMENTATIONVAR_ID FROM SEGMENTION_VARIABLE WHERE NAME='IVR_GROUP';
INSERT INTO SEGMENTION_RULE_VARIABLE (SEGMENTATIONRULEVAR_ID,VALUE,SEGMENTATIONRULE_ID,SEGMENTATIONVAR_ID) SELECT 438,'68',102,SEGMENTATIONVAR_ID FROM SEGMENTION_VARIABLE WHERE NAME='DDD';
INSERT INTO SEGMENTION_RULE_VARIABLE (SEGMENTATIONRULEVAR_ID,VALUE,SEGMENTATIONRULE_ID,SEGMENTATIONVAR_ID) SELECT 439,'OI_TV',102,SEGMENTATIONVAR_ID FROM SEGMENTION_VARIABLE WHERE NAME='PRODUTO';
INSERT INTO CALLGROUP_DEST (CALLGROUP_ID,DESTINATION_ID) SELECT 10, DESTINATION_ID FROM DESTINATION WHERE DESTINATION_NUMBER='20948';
INSERT INTO SEGMENTATION_RULE (SEGMENTATIONRULE_ID,ACTIVE,DESCRIPTION,NAME,PRIORITY,CALLGROUP_ID) VALUES (103,1,'Segmentation Rule 103','Segmentation Rule 103',1,10);
INSERT INTO SEGMENTION_RULE_VARIABLE (SEGMENTATIONRULEVAR_ID,VALUE,SEGMENTATIONRULE_ID,SEGMENTATIONVAR_ID) SELECT 440,'VELOX',103,SEGMENTATIONVAR_ID FROM SEGMENTION_VARIABLE WHERE NAME='COMBINADO_COM';
INSERT INTO SEGMENTION_RULE_VARIABLE (SEGMENTATIONRULEVAR_ID,VALUE,SEGMENTATIONRULE_ID,SEGMENTATIONVAR_ID) SELECT 441,'COMPRA',103,SEGMENTATIONVAR_ID FROM SEGMENTION_VARIABLE WHERE NAME='OPERACAO';
INSERT INTO SEGMENTION_RULE_VARIABLE (SEGMENTATIONRULEVAR_ID,VALUE,SEGMENTATIONRULE_ID,SEGMENTATIONVAR_ID) SELECT 442,'TLV_TV_BA',103,SEGMENTATIONVAR_ID FROM SEGMENTION_VARIABLE WHERE NAME='IVR_GROUP';
INSERT INTO SEGMENTION_RULE_VARIABLE (SEGMENTATIONRULEVAR_ID,VALUE,SEGMENTATIONRULE_ID,SEGMENTATIONVAR_ID) SELECT 443,'68',103,SEGMENTATIONVAR_ID FROM SEGMENTION_VARIABLE WHERE NAME='DDD';
INSERT INTO SEGMENTION_RULE_VARIABLE (SEGMENTATIONRULEVAR_ID,VALUE,SEGMENTATIONRULE_ID,SEGMENTATIONVAR_ID) SELECT 444,'OI_TV',103,SEGMENTATIONVAR_ID FROM SEGMENTION_VARIABLE WHERE NAME='PRODUTO';
INSERT INTO CALLGROUP_DEST (CALLGROUP_ID,DESTINATION_ID) SELECT 10, DESTINATION_ID FROM DESTINATION WHERE DESTINATION_NUMBER='20945';
INSERT INTO SEGMENTATION_RULE (SEGMENTATIONRULE_ID,ACTIVE,DESCRIPTION,NAME,PRIORITY,CALLGROUP_ID) VALUES (104,1,'Segmentation Rule 104','Segmentation Rule 104',1,10);
INSERT INTO SEGMENTION_RULE_VARIABLE (SEGMENTATIONRULEVAR_ID,VALUE,SEGMENTATIONRULE_ID,SEGMENTATIONVAR_ID) SELECT 445,'VELOX',104,SEGMENTATIONVAR_ID FROM SEGMENTION_VARIABLE WHERE NAME='COMBINADO_COM';
INSERT INTO SEGMENTION_RULE_VARIABLE (SEGMENTATIONRULEVAR_ID,VALUE,SEGMENTATIONRULE_ID,SEGMENTATIONVAR_ID) SELECT 446,'COMPRA',104,SEGMENTATIONVAR_ID FROM SEGMENTION_VARIABLE WHERE NAME='OPERACAO';
INSERT INTO SEGMENTION_RULE_VARIABLE (SEGMENTATIONRULEVAR_ID,VALUE,SEGMENTATIONRULE_ID,SEGMENTATIONVAR_ID) SELECT 447,'TLV_TV_BA',104,SEGMENTATIONVAR_ID FROM SEGMENTION_VARIABLE WHERE NAME='IVR_GROUP';
INSERT INTO SEGMENTION_RULE_VARIABLE (SEGMENTATIONRULEVAR_ID,VALUE,SEGMENTATIONRULE_ID,SEGMENTATIONVAR_ID) SELECT 448,'68',104,SEGMENTATIONVAR_ID FROM SEGMENTION_VARIABLE WHERE NAME='DDD';
INSERT INTO SEGMENTION_RULE_VARIABLE (SEGMENTATIONRULEVAR_ID,VALUE,SEGMENTATIONRULE_ID,SEGMENTATIONVAR_ID) SELECT 449,'OI_TV',104,SEGMENTATIONVAR_ID FROM SEGMENTION_VARIABLE WHERE NAME='PRODUTO';
INSERT INTO CALLGROUP_DEST (CALLGROUP_ID,DESTINATION_ID) SELECT 10, DESTINATION_ID FROM DESTINATION WHERE DESTINATION_NUMBER='20944';
INSERT INTO SEGMENTATION_RULE (SEGMENTATIONRULE_ID,ACTIVE,DESCRIPTION,NAME,PRIORITY,CALLGROUP_ID) VALUES (105,1,'Segmentation Rule 105','Segmentation Rule 105',1,10);
INSERT INTO SEGMENTION_RULE_VARIABLE (SEGMENTATIONRULEVAR_ID,VALUE,SEGMENTATIONRULE_ID,SEGMENTATIONVAR_ID) SELECT 450,'VELOX',105,SEGMENTATIONVAR_ID FROM SEGMENTION_VARIABLE WHERE NAME='COMBINADO_COM';
INSERT INTO SEGMENTION_RULE_VARIABLE (SEGMENTATIONRULEVAR_ID,VALUE,SEGMENTATIONRULE_ID,SEGMENTATIONVAR_ID) SELECT 451,'COMPRA',105,SEGMENTATIONVAR_ID FROM SEGMENTION_VARIABLE WHERE NAME='OPERACAO';
INSERT INTO SEGMENTION_RULE_VARIABLE (SEGMENTATIONRULEVAR_ID,VALUE,SEGMENTATIONRULE_ID,SEGMENTATIONVAR_ID) SELECT 452,'TLV_TV_BA',105,SEGMENTATIONVAR_ID FROM SEGMENTION_VARIABLE WHERE NAME='IVR_GROUP';
INSERT INTO SEGMENTION_RULE_VARIABLE (SEGMENTATIONRULEVAR_ID,VALUE,SEGMENTATIONRULE_ID,SEGMENTATIONVAR_ID) SELECT 453,'68',105,SEGMENTATIONVAR_ID FROM SEGMENTION_VARIABLE WHERE NAME='DDD';
INSERT INTO SEGMENTION_RULE_VARIABLE (SEGMENTATIONRULEVAR_ID,VALUE,SEGMENTATIONRULE_ID,SEGMENTATIONVAR_ID) SELECT 454,'OI_TV',105,SEGMENTATIONVAR_ID FROM SEGMENTION_VARIABLE WHERE NAME='PRODUTO';
INSERT INTO CALLGROUP_DEST (CALLGROUP_ID,DESTINATION_ID) SELECT 10, DESTINATION_ID FROM DESTINATION WHERE DESTINATION_NUMBER='20947';
INSERT INTO SEGMENTATION_RULE (SEGMENTATIONRULE_ID,ACTIVE,DESCRIPTION,NAME,PRIORITY,CALLGROUP_ID) VALUES (106,1,'Segmentation Rule 106','Segmentation Rule 106',1,10);
INSERT INTO SEGMENTION_RULE_VARIABLE (SEGMENTATIONRULEVAR_ID,VALUE,SEGMENTATIONRULE_ID,SEGMENTATIONVAR_ID) SELECT 455,'VELOX',106,SEGMENTATIONVAR_ID FROM SEGMENTION_VARIABLE WHERE NAME='COMBINADO_COM';
INSERT INTO SEGMENTION_RULE_VARIABLE (SEGMENTATIONRULEVAR_ID,VALUE,SEGMENTATIONRULE_ID,SEGMENTATIONVAR_ID) SELECT 456,'COMPRA',106,SEGMENTATIONVAR_ID FROM SEGMENTION_VARIABLE WHERE NAME='OPERACAO';
INSERT INTO SEGMENTION_RULE_VARIABLE (SEGMENTATIONRULEVAR_ID,VALUE,SEGMENTATIONRULE_ID,SEGMENTATIONVAR_ID) SELECT 457,'TLV_TV_BA',106,SEGMENTATIONVAR_ID FROM SEGMENTION_VARIABLE WHERE NAME='IVR_GROUP';
INSERT INTO SEGMENTION_RULE_VARIABLE (SEGMENTATIONRULEVAR_ID,VALUE,SEGMENTATIONRULE_ID,SEGMENTATIONVAR_ID) SELECT 458,'68',106,SEGMENTATIONVAR_ID FROM SEGMENTION_VARIABLE WHERE NAME='DDD';
INSERT INTO SEGMENTION_RULE_VARIABLE (SEGMENTATIONRULEVAR_ID,VALUE,SEGMENTATIONRULE_ID,SEGMENTATIONVAR_ID) SELECT 459,'OI_TV',106,SEGMENTATIONVAR_ID FROM SEGMENTION_VARIABLE WHERE NAME='PRODUTO';
INSERT INTO CALLGROUP_DEST (CALLGROUP_ID,DESTINATION_ID) SELECT 10, DESTINATION_ID FROM DESTINATION WHERE DESTINATION_NUMBER='20946';
INSERT INTO SEGMENTATION_RULE (SEGMENTATIONRULE_ID,ACTIVE,DESCRIPTION,NAME,PRIORITY,CALLGROUP_ID) VALUES (107,1,'Segmentation Rule 107','Segmentation Rule 107',1,10);
INSERT INTO SEGMENTION_RULE_VARIABLE (SEGMENTATIONRULEVAR_ID,VALUE,SEGMENTATIONRULE_ID,SEGMENTATIONVAR_ID) SELECT 460,'VELOX',107,SEGMENTATIONVAR_ID FROM SEGMENTION_VARIABLE WHERE NAME='COMBINADO_COM';
INSERT INTO SEGMENTION_RULE_VARIABLE (SEGMENTATIONRULEVAR_ID,VALUE,SEGMENTATIONRULE_ID,SEGMENTATIONVAR_ID) SELECT 461,'COMPRA',107,SEGMENTATIONVAR_ID FROM SEGMENTION_VARIABLE WHERE NAME='OPERACAO';
INSERT INTO SEGMENTION_RULE_VARIABLE (SEGMENTATIONRULEVAR_ID,VALUE,SEGMENTATIONRULE_ID,SEGMENTATIONVAR_ID) SELECT 462,'TLV_TV_BA',107,SEGMENTATIONVAR_ID FROM SEGMENTION_VARIABLE WHERE NAME='IVR_GROUP';
INSERT INTO SEGMENTION_RULE_VARIABLE (SEGMENTATIONRULEVAR_ID,VALUE,SEGMENTATIONRULE_ID,SEGMENTATIONVAR_ID) SELECT 463,'68',107,SEGMENTATIONVAR_ID FROM SEGMENTION_VARIABLE WHERE NAME='DDD';
INSERT INTO SEGMENTION_RULE_VARIABLE (SEGMENTATIONRULEVAR_ID,VALUE,SEGMENTATIONRULE_ID,SEGMENTATIONVAR_ID) SELECT 464,'OI_TV',107,SEGMENTATIONVAR_ID FROM SEGMENTION_VARIABLE WHERE NAME='PRODUTO';
INSERT INTO CALLGROUP_DEST (CALLGROUP_ID,DESTINATION_ID) SELECT 10, DESTINATION_ID FROM DESTINATION WHERE DESTINATION_NUMBER='20941';
INSERT INTO SEGMENTATION_RULE (SEGMENTATIONRULE_ID,ACTIVE,DESCRIPTION,NAME,PRIORITY,CALLGROUP_ID) VALUES (108,1,'Segmentation Rule 108','Segmentation Rule 108',1,10);
INSERT INTO SEGMENTION_RULE_VARIABLE (SEGMENTATIONRULEVAR_ID,VALUE,SEGMENTATIONRULE_ID,SEGMENTATIONVAR_ID) SELECT 465,'VELOX',108,SEGMENTATIONVAR_ID FROM SEGMENTION_VARIABLE WHERE NAME='COMBINADO_COM';
INSERT INTO SEGMENTION_RULE_VARIABLE (SEGMENTATIONRULEVAR_ID,VALUE,SEGMENTATIONRULE_ID,SEGMENTATIONVAR_ID) SELECT 466,'COMPRA',108,SEGMENTATIONVAR_ID FROM SEGMENTION_VARIABLE WHERE NAME='OPERACAO';
INSERT INTO SEGMENTION_RULE_VARIABLE (SEGMENTATIONRULEVAR_ID,VALUE,SEGMENTATIONRULE_ID,SEGMENTATIONVAR_ID) SELECT 467,'TLV_TV_BA',108,SEGMENTATIONVAR_ID FROM SEGMENTION_VARIABLE WHERE NAME='IVR_GROUP';
INSERT INTO SEGMENTION_RULE_VARIABLE (SEGMENTATIONRULEVAR_ID,VALUE,SEGMENTATIONRULE_ID,SEGMENTATIONVAR_ID) SELECT 468,'68',108,SEGMENTATIONVAR_ID FROM SEGMENTION_VARIABLE WHERE NAME='DDD';
INSERT INTO SEGMENTION_RULE_VARIABLE (SEGMENTATIONRULEVAR_ID,VALUE,SEGMENTATIONRULE_ID,SEGMENTATIONVAR_ID) SELECT 469,'OI_TV',108,SEGMENTATIONVAR_ID FROM SEGMENTION_VARIABLE WHERE NAME='PRODUTO';
INSERT INTO CALLGROUP_DEST (CALLGROUP_ID,DESTINATION_ID) SELECT 10, DESTINATION_ID FROM DESTINATION WHERE DESTINATION_NUMBER='20940';
INSERT INTO SEGMENTATION_RULE (SEGMENTATIONRULE_ID,ACTIVE,DESCRIPTION,NAME,PRIORITY,CALLGROUP_ID) VALUES (109,1,'Segmentation Rule 109','Segmentation Rule 109',1,10);
INSERT INTO SEGMENTION_RULE_VARIABLE (SEGMENTATIONRULEVAR_ID,VALUE,SEGMENTATIONRULE_ID,SEGMENTATIONVAR_ID) SELECT 470,'VELOX',109,SEGMENTATIONVAR_ID FROM SEGMENTION_VARIABLE WHERE NAME='COMBINADO_COM';
INSERT INTO SEGMENTION_RULE_VARIABLE (SEGMENTATIONRULEVAR_ID,VALUE,SEGMENTATIONRULE_ID,SEGMENTATIONVAR_ID) SELECT 471,'COMPRA',109,SEGMENTATIONVAR_ID FROM SEGMENTION_VARIABLE WHERE NAME='OPERACAO';
INSERT INTO SEGMENTION_RULE_VARIABLE (SEGMENTATIONRULEVAR_ID,VALUE,SEGMENTATIONRULE_ID,SEGMENTATIONVAR_ID) SELECT 472,'TLV_TV_BA',109,SEGMENTATIONVAR_ID FROM SEGMENTION_VARIABLE WHERE NAME='IVR_GROUP';
INSERT INTO SEGMENTION_RULE_VARIABLE (SEGMENTATIONRULEVAR_ID,VALUE,SEGMENTATIONRULE_ID,SEGMENTATIONVAR_ID) SELECT 473,'68',109,SEGMENTATIONVAR_ID FROM SEGMENTION_VARIABLE WHERE NAME='DDD';
INSERT INTO SEGMENTION_RULE_VARIABLE (SEGMENTATIONRULEVAR_ID,VALUE,SEGMENTATIONRULE_ID,SEGMENTATIONVAR_ID) SELECT 474,'OI_TV',109,SEGMENTATIONVAR_ID FROM SEGMENTION_VARIABLE WHERE NAME='PRODUTO';
INSERT INTO CALLGROUP_DEST (CALLGROUP_ID,DESTINATION_ID) SELECT 10, DESTINATION_ID FROM DESTINATION WHERE DESTINATION_NUMBER='20943';
INSERT INTO SEGMENTATION_RULE (SEGMENTATIONRULE_ID,ACTIVE,DESCRIPTION,NAME,PRIORITY,CALLGROUP_ID) VALUES (110,1,'Segmentation Rule 110','Segmentation Rule 110',1,10);
INSERT INTO SEGMENTION_RULE_VARIABLE (SEGMENTATIONRULEVAR_ID,VALUE,SEGMENTATIONRULE_ID,SEGMENTATIONVAR_ID) SELECT 475,'VELOX',110,SEGMENTATIONVAR_ID FROM SEGMENTION_VARIABLE WHERE NAME='COMBINADO_COM';
INSERT INTO SEGMENTION_RULE_VARIABLE (SEGMENTATIONRULEVAR_ID,VALUE,SEGMENTATIONRULE_ID,SEGMENTATIONVAR_ID) SELECT 476,'COMPRA',110,SEGMENTATIONVAR_ID FROM SEGMENTION_VARIABLE WHERE NAME='OPERACAO';
INSERT INTO SEGMENTION_RULE_VARIABLE (SEGMENTATIONRULEVAR_ID,VALUE,SEGMENTATIONRULE_ID,SEGMENTATIONVAR_ID) SELECT 477,'TLV_TV_BA',110,SEGMENTATIONVAR_ID FROM SEGMENTION_VARIABLE WHERE NAME='IVR_GROUP';
INSERT INTO SEGMENTION_RULE_VARIABLE (SEGMENTATIONRULEVAR_ID,VALUE,SEGMENTATIONRULE_ID,SEGMENTATIONVAR_ID) SELECT 478,'68',110,SEGMENTATIONVAR_ID FROM SEGMENTION_VARIABLE WHERE NAME='DDD';
INSERT INTO SEGMENTION_RULE_VARIABLE (SEGMENTATIONRULEVAR_ID,VALUE,SEGMENTATIONRULE_ID,SEGMENTATIONVAR_ID) SELECT 479,'OI_TV',110,SEGMENTATIONVAR_ID FROM SEGMENTION_VARIABLE WHERE NAME='PRODUTO';
INSERT INTO CALLGROUP_DEST (CALLGROUP_ID,DESTINATION_ID) SELECT 10, DESTINATION_ID FROM DESTINATION WHERE DESTINATION_NUMBER='20942';
INSERT INTO SEGMENTATION_RULE (SEGMENTATIONRULE_ID,ACTIVE,DESCRIPTION,NAME,PRIORITY,CALLGROUP_ID) VALUES (111,1,'Segmentation Rule 111','Segmentation Rule 111',1,10);
INSERT INTO SEGMENTION_RULE_VARIABLE (SEGMENTATIONRULEVAR_ID,VALUE,SEGMENTATIONRULE_ID,SEGMENTATIONVAR_ID) SELECT 480,'VELOX',111,SEGMENTATIONVAR_ID FROM SEGMENTION_VARIABLE WHERE NAME='COMBINADO_COM';
INSERT INTO SEGMENTION_RULE_VARIABLE (SEGMENTATIONRULEVAR_ID,VALUE,SEGMENTATIONRULE_ID,SEGMENTATIONVAR_ID) SELECT 481,'COMPRA',111,SEGMENTATIONVAR_ID FROM SEGMENTION_VARIABLE WHERE NAME='OPERACAO';
INSERT INTO SEGMENTION_RULE_VARIABLE (SEGMENTATIONRULEVAR_ID,VALUE,SEGMENTATIONRULE_ID,SEGMENTATIONVAR_ID) SELECT 482,'TLV_TV_BA',111,SEGMENTATIONVAR_ID FROM SEGMENTION_VARIABLE WHERE NAME='IVR_GROUP';
INSERT INTO SEGMENTION_RULE_VARIABLE (SEGMENTATIONRULEVAR_ID,VALUE,SEGMENTATIONRULE_ID,SEGMENTATIONVAR_ID) SELECT 483,'68',111,SEGMENTATIONVAR_ID FROM SEGMENTION_VARIABLE WHERE NAME='DDD';
INSERT INTO SEGMENTION_RULE_VARIABLE (SEGMENTATIONRULEVAR_ID,VALUE,SEGMENTATIONRULE_ID,SEGMENTATIONVAR_ID) SELECT 484,'OI_TV',111,SEGMENTATIONVAR_ID FROM SEGMENTION_VARIABLE WHERE NAME='PRODUTO';
INSERT INTO CALLGROUP_DEST (CALLGROUP_ID,DESTINATION_ID) SELECT 10, DESTINATION_ID FROM DESTINATION WHERE DESTINATION_NUMBER='27968';
INSERT INTO SEGMENTATION_RULE (SEGMENTATIONRULE_ID,ACTIVE,DESCRIPTION,NAME,PRIORITY,CALLGROUP_ID) VALUES (112,1,'Segmentation Rule 112','Segmentation Rule 112',1,10);
INSERT INTO SEGMENTION_RULE_VARIABLE (SEGMENTATIONRULEVAR_ID,VALUE,SEGMENTATIONRULE_ID,SEGMENTATIONVAR_ID) SELECT 485,'VELOX',112,SEGMENTATIONVAR_ID FROM SEGMENTION_VARIABLE WHERE NAME='COMBINADO_COM';
INSERT INTO SEGMENTION_RULE_VARIABLE (SEGMENTATIONRULEVAR_ID,VALUE,SEGMENTATIONRULE_ID,SEGMENTATIONVAR_ID) SELECT 486,'COMPRA',112,SEGMENTATIONVAR_ID FROM SEGMENTION_VARIABLE WHERE NAME='OPERACAO';
INSERT INTO SEGMENTION_RULE_VARIABLE (SEGMENTATIONRULEVAR_ID,VALUE,SEGMENTATIONRULE_ID,SEGMENTATIONVAR_ID) SELECT 487,'TLV_TV_BA',112,SEGMENTATIONVAR_ID FROM SEGMENTION_VARIABLE WHERE NAME='IVR_GROUP';
INSERT INTO SEGMENTION_RULE_VARIABLE (SEGMENTATIONRULEVAR_ID,VALUE,SEGMENTATIONRULE_ID,SEGMENTATIONVAR_ID) SELECT 488,'68',112,SEGMENTATIONVAR_ID FROM SEGMENTION_VARIABLE WHERE NAME='DDD';
INSERT INTO SEGMENTION_RULE_VARIABLE (SEGMENTATIONRULEVAR_ID,VALUE,SEGMENTATIONRULE_ID,SEGMENTATIONVAR_ID) SELECT 489,'OI_TV',112,SEGMENTATIONVAR_ID FROM SEGMENTION_VARIABLE WHERE NAME='PRODUTO';
INSERT INTO CALLGROUP_DEST (CALLGROUP_ID,DESTINATION_ID) SELECT 10, DESTINATION_ID FROM DESTINATION WHERE DESTINATION_NUMBER='27969';
INSERT INTO SEGMENTATION_RULE (SEGMENTATIONRULE_ID,ACTIVE,DESCRIPTION,NAME,PRIORITY,CALLGROUP_ID) VALUES (113,1,'Segmentation Rule 113','Segmentation Rule 113',1,10);
INSERT INTO SEGMENTION_RULE_VARIABLE (SEGMENTATIONRULEVAR_ID,VALUE,SEGMENTATIONRULE_ID,SEGMENTATIONVAR_ID) SELECT 490,'VELOX',113,SEGMENTATIONVAR_ID FROM SEGMENTION_VARIABLE WHERE NAME='COMBINADO_COM';
INSERT INTO SEGMENTION_RULE_VARIABLE (SEGMENTATIONRULEVAR_ID,VALUE,SEGMENTATIONRULE_ID,SEGMENTATIONVAR_ID) SELECT 491,'COMPRA',113,SEGMENTATIONVAR_ID FROM SEGMENTION_VARIABLE WHERE NAME='OPERACAO';
INSERT INTO SEGMENTION_RULE_VARIABLE (SEGMENTATIONRULEVAR_ID,VALUE,SEGMENTATIONRULE_ID,SEGMENTATIONVAR_ID) SELECT 492,'TLV_TV_BA',113,SEGMENTATIONVAR_ID FROM SEGMENTION_VARIABLE WHERE NAME='IVR_GROUP';
INSERT INTO SEGMENTION_RULE_VARIABLE (SEGMENTATIONRULEVAR_ID,VALUE,SEGMENTATIONRULE_ID,SEGMENTATIONVAR_ID) SELECT 493,'68',113,SEGMENTATIONVAR_ID FROM SEGMENTION_VARIABLE WHERE NAME='DDD';
INSERT INTO SEGMENTION_RULE_VARIABLE (SEGMENTATIONRULEVAR_ID,VALUE,SEGMENTATIONRULE_ID,SEGMENTATIONVAR_ID) SELECT 494,'OI_TV',113,SEGMENTATIONVAR_ID FROM SEGMENTION_VARIABLE WHERE NAME='PRODUTO';
INSERT INTO CALLGROUP_DEST (CALLGROUP_ID,DESTINATION_ID) SELECT 10, DESTINATION_ID FROM DESTINATION WHERE DESTINATION_NUMBER='27980';
INSERT INTO SEGMENTATION_RULE (SEGMENTATIONRULE_ID,ACTIVE,DESCRIPTION,NAME,PRIORITY,CALLGROUP_ID) VALUES (114,1,'Segmentation Rule 114','Segmentation Rule 114',1,10);
INSERT INTO SEGMENTION_RULE_VARIABLE (SEGMENTATIONRULEVAR_ID,VALUE,SEGMENTATIONRULE_ID,SEGMENTATIONVAR_ID) SELECT 495,'VELOX',114,SEGMENTATIONVAR_ID FROM SEGMENTION_VARIABLE WHERE NAME='COMBINADO_COM';
INSERT INTO SEGMENTION_RULE_VARIABLE (SEGMENTATIONRULEVAR_ID,VALUE,SEGMENTATIONRULE_ID,SEGMENTATIONVAR_ID) SELECT 496,'COMPRA',114,SEGMENTATIONVAR_ID FROM SEGMENTION_VARIABLE WHERE NAME='OPERACAO';
INSERT INTO SEGMENTION_RULE_VARIABLE (SEGMENTATIONRULEVAR_ID,VALUE,SEGMENTATIONRULE_ID,SEGMENTATIONVAR_ID) SELECT 497,'TLV_TV_BA',114,SEGMENTATIONVAR_ID FROM SEGMENTION_VARIABLE WHERE NAME='IVR_GROUP';
INSERT INTO SEGMENTION_RULE_VARIABLE (SEGMENTATIONRULEVAR_ID,VALUE,SEGMENTATIONRULE_ID,SEGMENTATIONVAR_ID) SELECT 498,'68',114,SEGMENTATIONVAR_ID FROM SEGMENTION_VARIABLE WHERE NAME='DDD';
INSERT INTO SEGMENTION_RULE_VARIABLE (SEGMENTATIONRULEVAR_ID,VALUE,SEGMENTATIONRULE_ID,SEGMENTATIONVAR_ID) SELECT 499,'OI_TV',114,SEGMENTATIONVAR_ID FROM SEGMENTION_VARIABLE WHERE NAME='PRODUTO';
INSERT INTO CALLGROUP_DEST (CALLGROUP_ID,DESTINATION_ID) SELECT 10, DESTINATION_ID FROM DESTINATION WHERE DESTINATION_NUMBER='20951';
INSERT INTO SEGMENTATION_RULE (SEGMENTATIONRULE_ID,ACTIVE,DESCRIPTION,NAME,PRIORITY,CALLGROUP_ID) VALUES (115,1,'Segmentation Rule 115','Segmentation Rule 115',1,10);
INSERT INTO SEGMENTION_RULE_VARIABLE (SEGMENTATIONRULEVAR_ID,VALUE,SEGMENTATIONRULE_ID,SEGMENTATIONVAR_ID) SELECT 500,'VELOX',115,SEGMENTATIONVAR_ID FROM SEGMENTION_VARIABLE WHERE NAME='COMBINADO_COM';
INSERT INTO SEGMENTION_RULE_VARIABLE (SEGMENTATIONRULEVAR_ID,VALUE,SEGMENTATIONRULE_ID,SEGMENTATIONVAR_ID) SELECT 501,'COMPRA',115,SEGMENTATIONVAR_ID FROM SEGMENTION_VARIABLE WHERE NAME='OPERACAO';
INSERT INTO SEGMENTION_RULE_VARIABLE (SEGMENTATIONRULEVAR_ID,VALUE,SEGMENTATIONRULE_ID,SEGMENTATIONVAR_ID) SELECT 502,'TLV_TV_BA',115,SEGMENTATIONVAR_ID FROM SEGMENTION_VARIABLE WHERE NAME='IVR_GROUP';
INSERT INTO SEGMENTION_RULE_VARIABLE (SEGMENTATIONRULEVAR_ID,VALUE,SEGMENTATIONRULE_ID,SEGMENTATIONVAR_ID) SELECT 503,'68',115,SEGMENTATIONVAR_ID FROM SEGMENTION_VARIABLE WHERE NAME='DDD';
INSERT INTO SEGMENTION_RULE_VARIABLE (SEGMENTATIONRULEVAR_ID,VALUE,SEGMENTATIONRULE_ID,SEGMENTATIONVAR_ID) SELECT 504,'OI_TV',115,SEGMENTATIONVAR_ID FROM SEGMENTION_VARIABLE WHERE NAME='PRODUTO';
INSERT INTO CALLGROUP_DEST (CALLGROUP_ID,DESTINATION_ID) SELECT 10, DESTINATION_ID FROM DESTINATION WHERE DESTINATION_NUMBER='27963';
INSERT INTO SEGMENTATION_RULE (SEGMENTATIONRULE_ID,ACTIVE,DESCRIPTION,NAME,PRIORITY,CALLGROUP_ID) VALUES (116,1,'Segmentation Rule 116','Segmentation Rule 116',1,10);
INSERT INTO SEGMENTION_RULE_VARIABLE (SEGMENTATIONRULEVAR_ID,VALUE,SEGMENTATIONRULE_ID,SEGMENTATIONVAR_ID) SELECT 505,'VELOX',116,SEGMENTATIONVAR_ID FROM SEGMENTION_VARIABLE WHERE NAME='COMBINADO_COM';
INSERT INTO SEGMENTION_RULE_VARIABLE (SEGMENTATIONRULEVAR_ID,VALUE,SEGMENTATIONRULE_ID,SEGMENTATIONVAR_ID) SELECT 506,'COMPRA',116,SEGMENTATIONVAR_ID FROM SEGMENTION_VARIABLE WHERE NAME='OPERACAO';
INSERT INTO SEGMENTION_RULE_VARIABLE (SEGMENTATIONRULEVAR_ID,VALUE,SEGMENTATIONRULE_ID,SEGMENTATIONVAR_ID) SELECT 507,'TLV_TV_BA',116,SEGMENTATIONVAR_ID FROM SEGMENTION_VARIABLE WHERE NAME='IVR_GROUP';
INSERT INTO SEGMENTION_RULE_VARIABLE (SEGMENTATIONRULEVAR_ID,VALUE,SEGMENTATIONRULE_ID,SEGMENTATIONVAR_ID) SELECT 508,'68',116,SEGMENTATIONVAR_ID FROM SEGMENTION_VARIABLE WHERE NAME='DDD';
INSERT INTO SEGMENTION_RULE_VARIABLE (SEGMENTATIONRULEVAR_ID,VALUE,SEGMENTATIONRULE_ID,SEGMENTATIONVAR_ID) SELECT 509,'OI_TV',116,SEGMENTATIONVAR_ID FROM SEGMENTION_VARIABLE WHERE NAME='PRODUTO';
INSERT INTO CALLGROUP_DEST (CALLGROUP_ID,DESTINATION_ID) SELECT 10, DESTINATION_ID FROM DESTINATION WHERE DESTINATION_NUMBER='27960';
INSERT INTO SEGMENTATION_RULE (SEGMENTATIONRULE_ID,ACTIVE,DESCRIPTION,NAME,PRIORITY,CALLGROUP_ID) VALUES (117,1,'Segmentation Rule 117','Segmentation Rule 117',1,10);
INSERT INTO SEGMENTION_RULE_VARIABLE (SEGMENTATIONRULEVAR_ID,VALUE,SEGMENTATIONRULE_ID,SEGMENTATIONVAR_ID) SELECT 510,'VELOX',117,SEGMENTATIONVAR_ID FROM SEGMENTION_VARIABLE WHERE NAME='COMBINADO_COM';
INSERT INTO SEGMENTION_RULE_VARIABLE (SEGMENTATIONRULEVAR_ID,VALUE,SEGMENTATIONRULE_ID,SEGMENTATIONVAR_ID) SELECT 511,'COMPRA',117,SEGMENTATIONVAR_ID FROM SEGMENTION_VARIABLE WHERE NAME='OPERACAO';
INSERT INTO SEGMENTION_RULE_VARIABLE (SEGMENTATIONRULEVAR_ID,VALUE,SEGMENTATIONRULE_ID,SEGMENTATIONVAR_ID) SELECT 512,'TLV_TV_BA',117,SEGMENTATIONVAR_ID FROM SEGMENTION_VARIABLE WHERE NAME='IVR_GROUP';
INSERT INTO SEGMENTION_RULE_VARIABLE (SEGMENTATIONRULEVAR_ID,VALUE,SEGMENTATIONRULE_ID,SEGMENTATIONVAR_ID) SELECT 513,'68',117,SEGMENTATIONVAR_ID FROM SEGMENTION_VARIABLE WHERE NAME='DDD';
INSERT INTO SEGMENTION_RULE_VARIABLE (SEGMENTATIONRULEVAR_ID,VALUE,SEGMENTATIONRULE_ID,SEGMENTATIONVAR_ID) SELECT 514,'OI_TV',117,SEGMENTATIONVAR_ID FROM SEGMENTION_VARIABLE WHERE NAME='PRODUTO';
INSERT INTO CALLGROUP_DEST (CALLGROUP_ID,DESTINATION_ID) SELECT 10, DESTINATION_ID FROM DESTINATION WHERE DESTINATION_NUMBER='27961';
INSERT INTO SEGMENTATION_RULE (SEGMENTATIONRULE_ID,ACTIVE,DESCRIPTION,NAME,PRIORITY,CALLGROUP_ID) VALUES (118,1,'Segmentation Rule 118','Segmentation Rule 118',1,10);
INSERT INTO SEGMENTION_RULE_VARIABLE (SEGMENTATIONRULEVAR_ID,VALUE,SEGMENTATIONRULE_ID,SEGMENTATIONVAR_ID) SELECT 515,'VELOX',118,SEGMENTATIONVAR_ID FROM SEGMENTION_VARIABLE WHERE NAME='COMBINADO_COM';
INSERT INTO SEGMENTION_RULE_VARIABLE (SEGMENTATIONRULEVAR_ID,VALUE,SEGMENTATIONRULE_ID,SEGMENTATIONVAR_ID) SELECT 516,'COMPRA',118,SEGMENTATIONVAR_ID FROM SEGMENTION_VARIABLE WHERE NAME='OPERACAO';
INSERT INTO SEGMENTION_RULE_VARIABLE (SEGMENTATIONRULEVAR_ID,VALUE,SEGMENTATIONRULE_ID,SEGMENTATIONVAR_ID) SELECT 517,'TLV_TV_BA',118,SEGMENTATIONVAR_ID FROM SEGMENTION_VARIABLE WHERE NAME='IVR_GROUP';
INSERT INTO SEGMENTION_RULE_VARIABLE (SEGMENTATIONRULEVAR_ID,VALUE,SEGMENTATIONRULE_ID,SEGMENTATIONVAR_ID) SELECT 518,'68',118,SEGMENTATIONVAR_ID FROM SEGMENTION_VARIABLE WHERE NAME='DDD';
INSERT INTO SEGMENTION_RULE_VARIABLE (SEGMENTATIONRULEVAR_ID,VALUE,SEGMENTATIONRULE_ID,SEGMENTATIONVAR_ID) SELECT 519,'OI_TV',118,SEGMENTATIONVAR_ID FROM SEGMENTION_VARIABLE WHERE NAME='PRODUTO';
INSERT INTO CALLGROUP_DEST (CALLGROUP_ID,DESTINATION_ID) SELECT 10, DESTINATION_ID FROM DESTINATION WHERE DESTINATION_NUMBER='27966';
INSERT INTO SEGMENTATION_RULE (SEGMENTATIONRULE_ID,ACTIVE,DESCRIPTION,NAME,PRIORITY,CALLGROUP_ID) VALUES (119,1,'Segmentation Rule 119','Segmentation Rule 119',1,10);
INSERT INTO SEGMENTION_RULE_VARIABLE (SEGMENTATIONRULEVAR_ID,VALUE,SEGMENTATIONRULE_ID,SEGMENTATIONVAR_ID) SELECT 520,'VELOX',119,SEGMENTATIONVAR_ID FROM SEGMENTION_VARIABLE WHERE NAME='COMBINADO_COM';
INSERT INTO SEGMENTION_RULE_VARIABLE (SEGMENTATIONRULEVAR_ID,VALUE,SEGMENTATIONRULE_ID,SEGMENTATIONVAR_ID) SELECT 521,'COMPRA',119,SEGMENTATIONVAR_ID FROM SEGMENTION_VARIABLE WHERE NAME='OPERACAO';
INSERT INTO SEGMENTION_RULE_VARIABLE (SEGMENTATIONRULEVAR_ID,VALUE,SEGMENTATIONRULE_ID,SEGMENTATIONVAR_ID) SELECT 522,'TLV_TV_BA',119,SEGMENTATIONVAR_ID FROM SEGMENTION_VARIABLE WHERE NAME='IVR_GROUP';
INSERT INTO SEGMENTION_RULE_VARIABLE (SEGMENTATIONRULEVAR_ID,VALUE,SEGMENTATIONRULE_ID,SEGMENTATIONVAR_ID) SELECT 523,'68',119,SEGMENTATIONVAR_ID FROM SEGMENTION_VARIABLE WHERE NAME='DDD';
INSERT INTO SEGMENTION_RULE_VARIABLE (SEGMENTATIONRULEVAR_ID,VALUE,SEGMENTATIONRULE_ID,SEGMENTATIONVAR_ID) SELECT 524,'OI_TV',119,SEGMENTATIONVAR_ID FROM SEGMENTION_VARIABLE WHERE NAME='PRODUTO';
INSERT INTO CALLGROUP_DEST (CALLGROUP_ID,DESTINATION_ID) SELECT 10, DESTINATION_ID FROM DESTINATION WHERE DESTINATION_NUMBER='27964';
INSERT INTO SEGMENTATION_RULE (SEGMENTATIONRULE_ID,ACTIVE,DESCRIPTION,NAME,PRIORITY,CALLGROUP_ID) VALUES (120,1,'Segmentation Rule 120','Segmentation Rule 120',1,10);
INSERT INTO SEGMENTION_RULE_VARIABLE (SEGMENTATIONRULEVAR_ID,VALUE,SEGMENTATIONRULE_ID,SEGMENTATIONVAR_ID) SELECT 525,'VELOX',120,SEGMENTATIONVAR_ID FROM SEGMENTION_VARIABLE WHERE NAME='COMBINADO_COM';
INSERT INTO SEGMENTION_RULE_VARIABLE (SEGMENTATIONRULEVAR_ID,VALUE,SEGMENTATIONRULE_ID,SEGMENTATIONVAR_ID) SELECT 526,'COMPRA',120,SEGMENTATIONVAR_ID FROM SEGMENTION_VARIABLE WHERE NAME='OPERACAO';
INSERT INTO SEGMENTION_RULE_VARIABLE (SEGMENTATIONRULEVAR_ID,VALUE,SEGMENTATIONRULE_ID,SEGMENTATIONVAR_ID) SELECT 527,'TLV_TV_BA',120,SEGMENTATIONVAR_ID FROM SEGMENTION_VARIABLE WHERE NAME='IVR_GROUP';
INSERT INTO SEGMENTION_RULE_VARIABLE (SEGMENTATIONRULEVAR_ID,VALUE,SEGMENTATIONRULE_ID,SEGMENTATIONVAR_ID) SELECT 528,'68',120,SEGMENTATIONVAR_ID FROM SEGMENTION_VARIABLE WHERE NAME='DDD';
INSERT INTO SEGMENTION_RULE_VARIABLE (SEGMENTATIONRULEVAR_ID,VALUE,SEGMENTATIONRULE_ID,SEGMENTATIONVAR_ID) SELECT 529,'OI_TV',120,SEGMENTATIONVAR_ID FROM SEGMENTION_VARIABLE WHERE NAME='PRODUTO';
INSERT INTO CALLGROUP_DEST (CALLGROUP_ID,DESTINATION_ID) SELECT 10, DESTINATION_ID FROM DESTINATION WHERE DESTINATION_NUMBER='27965';
INSERT INTO SEGMENTATION_RULE (SEGMENTATIONRULE_ID,ACTIVE,DESCRIPTION,NAME,PRIORITY,CALLGROUP_ID) VALUES (121,1,'Segmentation Rule 121','Segmentation Rule 121',1,10);
INSERT INTO SEGMENTION_RULE_VARIABLE (SEGMENTATIONRULEVAR_ID,VALUE,SEGMENTATIONRULE_ID,SEGMENTATIONVAR_ID) SELECT 530,'VELOX',121,SEGMENTATIONVAR_ID FROM SEGMENTION_VARIABLE WHERE NAME='COMBINADO_COM';
INSERT INTO SEGMENTION_RULE_VARIABLE (SEGMENTATIONRULEVAR_ID,VALUE,SEGMENTATIONRULE_ID,SEGMENTATIONVAR_ID) SELECT 531,'COMPRA',121,SEGMENTATIONVAR_ID FROM SEGMENTION_VARIABLE WHERE NAME='OPERACAO';
INSERT INTO SEGMENTION_RULE_VARIABLE (SEGMENTATIONRULEVAR_ID,VALUE,SEGMENTATIONRULE_ID,SEGMENTATIONVAR_ID) SELECT 532,'TLV_TV_BA',121,SEGMENTATIONVAR_ID FROM SEGMENTION_VARIABLE WHERE NAME='IVR_GROUP';
INSERT INTO SEGMENTION_RULE_VARIABLE (SEGMENTATIONRULEVAR_ID,VALUE,SEGMENTATIONRULE_ID,SEGMENTATIONVAR_ID) SELECT 533,'68',121,SEGMENTATIONVAR_ID FROM SEGMENTION_VARIABLE WHERE NAME='DDD';
INSERT INTO SEGMENTION_RULE_VARIABLE (SEGMENTATIONRULEVAR_ID,VALUE,SEGMENTATIONRULE_ID,SEGMENTATIONVAR_ID) SELECT 534,'OI_TV',121,SEGMENTATIONVAR_ID FROM SEGMENTION_VARIABLE WHERE NAME='PRODUTO';
INSERT INTO CALLGROUP_DEST (CALLGROUP_ID,DESTINATION_ID) SELECT 10, DESTINATION_ID FROM DESTINATION WHERE DESTINATION_NUMBER='27962';
INSERT INTO SEGMENTATION_RULE (SEGMENTATIONRULE_ID,ACTIVE,DESCRIPTION,NAME,PRIORITY,CALLGROUP_ID) VALUES (122,1,'Segmentation Rule 122','Segmentation Rule 122',1,10);
INSERT INTO SEGMENTION_RULE_VARIABLE (SEGMENTATIONRULEVAR_ID,VALUE,SEGMENTATIONRULE_ID,SEGMENTATIONVAR_ID) SELECT 535,'VELOX',122,SEGMENTATIONVAR_ID FROM SEGMENTION_VARIABLE WHERE NAME='COMBINADO_COM';
INSERT INTO SEGMENTION_RULE_VARIABLE (SEGMENTATIONRULEVAR_ID,VALUE,SEGMENTATIONRULE_ID,SEGMENTATIONVAR_ID) SELECT 536,'COMPRA',122,SEGMENTATIONVAR_ID FROM SEGMENTION_VARIABLE WHERE NAME='OPERACAO';
INSERT INTO SEGMENTION_RULE_VARIABLE (SEGMENTATIONRULEVAR_ID,VALUE,SEGMENTATIONRULE_ID,SEGMENTATIONVAR_ID) SELECT 537,'TLV_TV_BA',122,SEGMENTATIONVAR_ID FROM SEGMENTION_VARIABLE WHERE NAME='IVR_GROUP';
INSERT INTO SEGMENTION_RULE_VARIABLE (SEGMENTATIONRULEVAR_ID,VALUE,SEGMENTATIONRULE_ID,SEGMENTATIONVAR_ID) SELECT 538,'68',122,SEGMENTATIONVAR_ID FROM SEGMENTION_VARIABLE WHERE NAME='DDD';
INSERT INTO SEGMENTION_RULE_VARIABLE (SEGMENTATIONRULEVAR_ID,VALUE,SEGMENTATIONRULE_ID,SEGMENTATIONVAR_ID) SELECT 539,'OI_TV',122,SEGMENTATIONVAR_ID FROM SEGMENTION_VARIABLE WHERE NAME='PRODUTO';
INSERT INTO CALLGROUP_DEST (CALLGROUP_ID,DESTINATION_ID) SELECT 10, DESTINATION_ID FROM DESTINATION WHERE DESTINATION_NUMBER='27943';
INSERT INTO SEGMENTATION_RULE (SEGMENTATIONRULE_ID,ACTIVE,DESCRIPTION,NAME,PRIORITY,CALLGROUP_ID) VALUES (123,1,'Segmentation Rule 123','Segmentation Rule 123',1,10);
INSERT INTO SEGMENTION_RULE_VARIABLE (SEGMENTATIONRULEVAR_ID,VALUE,SEGMENTATIONRULE_ID,SEGMENTATIONVAR_ID) SELECT 540,'VELOX',123,SEGMENTATIONVAR_ID FROM SEGMENTION_VARIABLE WHERE NAME='COMBINADO_COM';
INSERT INTO SEGMENTION_RULE_VARIABLE (SEGMENTATIONRULEVAR_ID,VALUE,SEGMENTATIONRULE_ID,SEGMENTATIONVAR_ID) SELECT 541,'COMPRA',123,SEGMENTATIONVAR_ID FROM SEGMENTION_VARIABLE WHERE NAME='OPERACAO';
INSERT INTO SEGMENTION_RULE_VARIABLE (SEGMENTATIONRULEVAR_ID,VALUE,SEGMENTATIONRULE_ID,SEGMENTATIONVAR_ID) SELECT 542,'TLV_TV_BA',123,SEGMENTATIONVAR_ID FROM SEGMENTION_VARIABLE WHERE NAME='IVR_GROUP';
INSERT INTO SEGMENTION_RULE_VARIABLE (SEGMENTATIONRULEVAR_ID,VALUE,SEGMENTATIONRULE_ID,SEGMENTATIONVAR_ID) SELECT 543,'68',123,SEGMENTATIONVAR_ID FROM SEGMENTION_VARIABLE WHERE NAME='DDD';
INSERT INTO SEGMENTION_RULE_VARIABLE (SEGMENTATIONRULEVAR_ID,VALUE,SEGMENTATIONRULE_ID,SEGMENTATIONVAR_ID) SELECT 544,'OI_TV',123,SEGMENTATIONVAR_ID FROM SEGMENTION_VARIABLE WHERE NAME='PRODUTO';
INSERT INTO CALLGROUP_DEST (CALLGROUP_ID,DESTINATION_ID) SELECT 10, DESTINATION_ID FROM DESTINATION WHERE DESTINATION_NUMBER='27944';
INSERT INTO SEGMENTATION_RULE (SEGMENTATIONRULE_ID,ACTIVE,DESCRIPTION,NAME,PRIORITY,CALLGROUP_ID) VALUES (124,1,'Segmentation Rule 124','Segmentation Rule 124',1,10);
INSERT INTO SEGMENTION_RULE_VARIABLE (SEGMENTATIONRULEVAR_ID,VALUE,SEGMENTATIONRULE_ID,SEGMENTATIONVAR_ID) SELECT 545,'VELOX',124,SEGMENTATIONVAR_ID FROM SEGMENTION_VARIABLE WHERE NAME='COMBINADO_COM';
INSERT INTO SEGMENTION_RULE_VARIABLE (SEGMENTATIONRULEVAR_ID,VALUE,SEGMENTATIONRULE_ID,SEGMENTATIONVAR_ID) SELECT 546,'COMPRA',124,SEGMENTATIONVAR_ID FROM SEGMENTION_VARIABLE WHERE NAME='OPERACAO';
INSERT INTO SEGMENTION_RULE_VARIABLE (SEGMENTATIONRULEVAR_ID,VALUE,SEGMENTATIONRULE_ID,SEGMENTATIONVAR_ID) SELECT 547,'TLV_TV_BA',124,SEGMENTATIONVAR_ID FROM SEGMENTION_VARIABLE WHERE NAME='IVR_GROUP';
INSERT INTO SEGMENTION_RULE_VARIABLE (SEGMENTATIONRULEVAR_ID,VALUE,SEGMENTATIONRULE_ID,SEGMENTATIONVAR_ID) SELECT 548,'68',124,SEGMENTATIONVAR_ID FROM SEGMENTION_VARIABLE WHERE NAME='DDD';
INSERT INTO SEGMENTION_RULE_VARIABLE (SEGMENTATIONRULEVAR_ID,VALUE,SEGMENTATIONRULE_ID,SEGMENTATIONVAR_ID) SELECT 549,'OI_TV',124,SEGMENTATIONVAR_ID FROM SEGMENTION_VARIABLE WHERE NAME='PRODUTO';
INSERT INTO CALLGROUP_DEST (CALLGROUP_ID,DESTINATION_ID) SELECT 10, DESTINATION_ID FROM DESTINATION WHERE DESTINATION_NUMBER='27945';
INSERT INTO SEGMENTATION_RULE (SEGMENTATIONRULE_ID,ACTIVE,DESCRIPTION,NAME,PRIORITY,CALLGROUP_ID) VALUES (125,1,'Segmentation Rule 125','Segmentation Rule 125',1,10);
INSERT INTO SEGMENTION_RULE_VARIABLE (SEGMENTATIONRULEVAR_ID,VALUE,SEGMENTATIONRULE_ID,SEGMENTATIONVAR_ID) SELECT 550,'VELOX',125,SEGMENTATIONVAR_ID FROM SEGMENTION_VARIABLE WHERE NAME='COMBINADO_COM';
INSERT INTO SEGMENTION_RULE_VARIABLE (SEGMENTATIONRULEVAR_ID,VALUE,SEGMENTATIONRULE_ID,SEGMENTATIONVAR_ID) SELECT 551,'COMPRA',125,SEGMENTATIONVAR_ID FROM SEGMENTION_VARIABLE WHERE NAME='OPERACAO';
INSERT INTO SEGMENTION_RULE_VARIABLE (SEGMENTATIONRULEVAR_ID,VALUE,SEGMENTATIONRULE_ID,SEGMENTATIONVAR_ID) SELECT 552,'TLV_TV_BA',125,SEGMENTATIONVAR_ID FROM SEGMENTION_VARIABLE WHERE NAME='IVR_GROUP';
INSERT INTO SEGMENTION_RULE_VARIABLE (SEGMENTATIONRULEVAR_ID,VALUE,SEGMENTATIONRULE_ID,SEGMENTATIONVAR_ID) SELECT 553,'68',125,SEGMENTATIONVAR_ID FROM SEGMENTION_VARIABLE WHERE NAME='DDD';
INSERT INTO SEGMENTION_RULE_VARIABLE (SEGMENTATIONRULEVAR_ID,VALUE,SEGMENTATIONRULE_ID,SEGMENTATIONVAR_ID) SELECT 554,'OI_TV',125,SEGMENTATIONVAR_ID FROM SEGMENTION_VARIABLE WHERE NAME='PRODUTO';
INSERT INTO CALLGROUP_DEST (CALLGROUP_ID,DESTINATION_ID) SELECT 10, DESTINATION_ID FROM DESTINATION WHERE DESTINATION_NUMBER='27946';
INSERT INTO SEGMENTATION_RULE (SEGMENTATIONRULE_ID,ACTIVE,DESCRIPTION,NAME,PRIORITY,CALLGROUP_ID) VALUES (126,1,'Segmentation Rule 126','Segmentation Rule 126',1,10);
INSERT INTO SEGMENTION_RULE_VARIABLE (SEGMENTATIONRULEVAR_ID,VALUE,SEGMENTATIONRULE_ID,SEGMENTATIONVAR_ID) SELECT 555,'VELOX',126,SEGMENTATIONVAR_ID FROM SEGMENTION_VARIABLE WHERE NAME='COMBINADO_COM';
INSERT INTO SEGMENTION_RULE_VARIABLE (SEGMENTATIONRULEVAR_ID,VALUE,SEGMENTATIONRULE_ID,SEGMENTATIONVAR_ID) SELECT 556,'COMPRA',126,SEGMENTATIONVAR_ID FROM SEGMENTION_VARIABLE WHERE NAME='OPERACAO';
INSERT INTO SEGMENTION_RULE_VARIABLE (SEGMENTATIONRULEVAR_ID,VALUE,SEGMENTATIONRULE_ID,SEGMENTATIONVAR_ID) SELECT 557,'TLV_TV_BA',126,SEGMENTATIONVAR_ID FROM SEGMENTION_VARIABLE WHERE NAME='IVR_GROUP';
INSERT INTO SEGMENTION_RULE_VARIABLE (SEGMENTATIONRULEVAR_ID,VALUE,SEGMENTATIONRULE_ID,SEGMENTATIONVAR_ID) SELECT 558,'68',126,SEGMENTATIONVAR_ID FROM SEGMENTION_VARIABLE WHERE NAME='DDD';
INSERT INTO SEGMENTION_RULE_VARIABLE (SEGMENTATIONRULEVAR_ID,VALUE,SEGMENTATIONRULE_ID,SEGMENTATIONVAR_ID) SELECT 559,'OI_TV',126,SEGMENTATIONVAR_ID FROM SEGMENTION_VARIABLE WHERE NAME='PRODUTO';
INSERT INTO CALLGROUP_DEST (CALLGROUP_ID,DESTINATION_ID) SELECT 10, DESTINATION_ID FROM DESTINATION WHERE DESTINATION_NUMBER='27947';
INSERT INTO SEGMENTATION_RULE (SEGMENTATIONRULE_ID,ACTIVE,DESCRIPTION,NAME,PRIORITY,CALLGROUP_ID) VALUES (127,1,'Segmentation Rule 127','Segmentation Rule 127',1,10);
INSERT INTO SEGMENTION_RULE_VARIABLE (SEGMENTATIONRULEVAR_ID,VALUE,SEGMENTATIONRULE_ID,SEGMENTATIONVAR_ID) SELECT 560,'VELOX',127,SEGMENTATIONVAR_ID FROM SEGMENTION_VARIABLE WHERE NAME='COMBINADO_COM';
INSERT INTO SEGMENTION_RULE_VARIABLE (SEGMENTATIONRULEVAR_ID,VALUE,SEGMENTATIONRULE_ID,SEGMENTATIONVAR_ID) SELECT 561,'COMPRA',127,SEGMENTATIONVAR_ID FROM SEGMENTION_VARIABLE WHERE NAME='OPERACAO';
INSERT INTO SEGMENTION_RULE_VARIABLE (SEGMENTATIONRULEVAR_ID,VALUE,SEGMENTATIONRULE_ID,SEGMENTATIONVAR_ID) SELECT 562,'TLV_TV_BA',127,SEGMENTATIONVAR_ID FROM SEGMENTION_VARIABLE WHERE NAME='IVR_GROUP';
INSERT INTO SEGMENTION_RULE_VARIABLE (SEGMENTATIONRULEVAR_ID,VALUE,SEGMENTATIONRULE_ID,SEGMENTATIONVAR_ID) SELECT 563,'68',127,SEGMENTATIONVAR_ID FROM SEGMENTION_VARIABLE WHERE NAME='DDD';
INSERT INTO SEGMENTION_RULE_VARIABLE (SEGMENTATIONRULEVAR_ID,VALUE,SEGMENTATIONRULE_ID,SEGMENTATIONVAR_ID) SELECT 564,'OI_TV',127,SEGMENTATIONVAR_ID FROM SEGMENTION_VARIABLE WHERE NAME='PRODUTO';
INSERT INTO CALLGROUP_DEST (CALLGROUP_ID,DESTINATION_ID) SELECT 10, DESTINATION_ID FROM DESTINATION WHERE DESTINATION_NUMBER='27948';
INSERT INTO SEGMENTATION_RULE (SEGMENTATIONRULE_ID,ACTIVE,DESCRIPTION,NAME,PRIORITY,CALLGROUP_ID) VALUES (128,1,'Segmentation Rule 128','Segmentation Rule 128',1,10);
INSERT INTO SEGMENTION_RULE_VARIABLE (SEGMENTATIONRULEVAR_ID,VALUE,SEGMENTATIONRULE_ID,SEGMENTATIONVAR_ID) SELECT 565,'VELOX',128,SEGMENTATIONVAR_ID FROM SEGMENTION_VARIABLE WHERE NAME='COMBINADO_COM';
INSERT INTO SEGMENTION_RULE_VARIABLE (SEGMENTATIONRULEVAR_ID,VALUE,SEGMENTATIONRULE_ID,SEGMENTATIONVAR_ID) SELECT 566,'COMPRA',128,SEGMENTATIONVAR_ID FROM SEGMENTION_VARIABLE WHERE NAME='OPERACAO';
INSERT INTO SEGMENTION_RULE_VARIABLE (SEGMENTATIONRULEVAR_ID,VALUE,SEGMENTATIONRULE_ID,SEGMENTATIONVAR_ID) SELECT 567,'TLV_TV_BA',128,SEGMENTATIONVAR_ID FROM SEGMENTION_VARIABLE WHERE NAME='IVR_GROUP';
INSERT INTO SEGMENTION_RULE_VARIABLE (SEGMENTATIONRULEVAR_ID,VALUE,SEGMENTATIONRULE_ID,SEGMENTATIONVAR_ID) SELECT 568,'68',128,SEGMENTATIONVAR_ID FROM SEGMENTION_VARIABLE WHERE NAME='DDD';
INSERT INTO SEGMENTION_RULE_VARIABLE (SEGMENTATIONRULEVAR_ID,VALUE,SEGMENTATIONRULE_ID,SEGMENTATIONVAR_ID) SELECT 569,'OI_TV',128,SEGMENTATIONVAR_ID FROM SEGMENTION_VARIABLE WHERE NAME='PRODUTO';
INSERT INTO CALLGROUP_DEST (CALLGROUP_ID,DESTINATION_ID) SELECT 10, DESTINATION_ID FROM DESTINATION WHERE DESTINATION_NUMBER='27949';
INSERT INTO SEGMENTATION_RULE (SEGMENTATIONRULE_ID,ACTIVE,DESCRIPTION,NAME,PRIORITY,CALLGROUP_ID) VALUES (129,1,'Segmentation Rule 129','Segmentation Rule 129',1,10);
INSERT INTO SEGMENTION_RULE_VARIABLE (SEGMENTATIONRULEVAR_ID,VALUE,SEGMENTATIONRULE_ID,SEGMENTATIONVAR_ID) SELECT 570,'VELOX',129,SEGMENTATIONVAR_ID FROM SEGMENTION_VARIABLE WHERE NAME='COMBINADO_COM';
INSERT INTO SEGMENTION_RULE_VARIABLE (SEGMENTATIONRULEVAR_ID,VALUE,SEGMENTATIONRULE_ID,SEGMENTATIONVAR_ID) SELECT 571,'COMPRA',129,SEGMENTATIONVAR_ID FROM SEGMENTION_VARIABLE WHERE NAME='OPERACAO';
INSERT INTO SEGMENTION_RULE_VARIABLE (SEGMENTATIONRULEVAR_ID,VALUE,SEGMENTATIONRULE_ID,SEGMENTATIONVAR_ID) SELECT 572,'TLV_TV_BA',129,SEGMENTATIONVAR_ID FROM SEGMENTION_VARIABLE WHERE NAME='IVR_GROUP';
INSERT INTO SEGMENTION_RULE_VARIABLE (SEGMENTATIONRULEVAR_ID,VALUE,SEGMENTATIONRULE_ID,SEGMENTATIONVAR_ID) SELECT 573,'68',129,SEGMENTATIONVAR_ID FROM SEGMENTION_VARIABLE WHERE NAME='DDD';
INSERT INTO SEGMENTION_RULE_VARIABLE (SEGMENTATIONRULEVAR_ID,VALUE,SEGMENTATIONRULE_ID,SEGMENTATIONVAR_ID) SELECT 574,'OI_TV',129,SEGMENTATIONVAR_ID FROM SEGMENTION_VARIABLE WHERE NAME='PRODUTO';
INSERT INTO LOB (LOB_ID,DESCRIPTION,EMERGENCY_DESTINATION,LAST_UPDATE_TIMESTAMP,NAME) VALUES (4,'Movel','123456',SYSDATE,'Movel');
INSERT INTO ROUTERULE (ROUTERULE_ID,DESCRIPTION,LAST_UPDATE_TIMESTAMP,NAME,LOB_ID) VALUES (4 /*not nullable*/,'Route Rule 4' /*not nullable*/,SYSDATE /*not nullable*/,'Route Rule 4' /*not nullable*/,4 /*not nullable*/);
INSERT INTO ROUTERULEINTERVAL (RRINTERVAL_ID,ENABLED_FRIDAY,ENABLED_MONDAY,ENABLED_SATURDAY,ENABLED_SUNDAY,ENABLED_THURSDAY,ENABLED_TUESDAY,ENABLED_WEDNESDAY,INTERVAL_FROM,LAST_UPDATE_TIMESTAMP,NAME,INTERVAL_TO,ROUTERULE_ID) VALUES (4,1,1,0,0,1,1,1,TO_DATE('1970-01-01 00:00:00','YYYY-MM-DD HH24:MI:SS'),SYSDATE,'Route Rule Interval 4',TO_DATE('2100-12-31 23:59:59','YYYY-MM-DD HH24:MI:SS'),4);
INSERT INTO RRSITESETTINGS (RRSITESETTINGS_ID,LAST_UPDATE_TIMESTAMP,PERCENTAGE_ALLOCATION,ROUTING_TYPE,RRINTERVAL_ID) VALUES (4,SYSDATE,100,'STATIC',4);
INSERT INTO RRSITESETTINGS_SITE (RRSITESETTINGS_ID,SITE_ID) SELECT 4,SITE_ID FROM SITE;
INSERT INTO RR_SITE (ROUTERULE_ID,SITE_ID) SELECT 4,SITE_ID FROM SITE;
INSERT INTO REGION (REGION_ID,DESCRIPTION,LAST_UPDATE_TIMESTAMP,NAME,LOB_ID) VALUES (5,'Region R1',SYSDATE,'Region R1',4);
INSERT INTO STATE (STATE_ID,DESCRIPTION,LAST_UPDATE_TIMESTAMP,NAME,REGION_ID) VALUES (5,'State R1',SYSDATE,'State R1',5);
INSERT INTO CALLGROUP (CALLGROUP_ID,DESCRIPTION,LAST_UPDATE_TIMESTAMP,NAME,STATE_ID) VALUES (11,'Callgroup 11 of State R1',SYSDATE,'Callgroup 11 of State R1',5);
INSERT INTO SCHEDULE (SCHEDULE_ID,ENABLE_TYPE,SCHEDULE_END_DATE,SCHEDULE_END_TIME,SCHEDULE_FRIDAY,LAST_UPDATE_TIMESTAMP,SCHEDULE_MONDAY,SCHEDULE_SATURDAY,SCHEDULE_START_DATE,SCHEDULE_START_TIME,SCHEDULE_SUNDAY,SCHEDULE_THURSDAY,SCHEDULE_TUESDAY,SCHEDULE_WEDNESDAY,CALLGROUP_ID,ROUTERULE_ID) VALUES (11,2,null,TO_DATE('2100-12-31 23:59:59','YYYY-MM-DD HH24:MI:SS'),1,SYSDATE,0,1,null,TO_DATE('1970-01-01 00:00:00','YYYY-MM-DD HH24:MI:SS'),1,0,0,0,11,4);
INSERT INTO CALLGROUP_DEST (CALLGROUP_ID,DESTINATION_ID) SELECT 11, DESTINATION_ID FROM DESTINATION WHERE DESTINATION_NUMBER='27183';
INSERT INTO SEGMENTATION_RULE (SEGMENTATIONRULE_ID,ACTIVE,DESCRIPTION,NAME,PRIORITY,CALLGROUP_ID) VALUES (130,1,'Segmentation Rule 130','Segmentation Rule 130',1,11);
INSERT INTO SEGMENTION_RULE_VARIABLE (SEGMENTATIONRULEVAR_ID,VALUE,SEGMENTATIONRULE_ID,SEGMENTATIONVAR_ID) SELECT 575,'COMPRA',130,SEGMENTATIONVAR_ID FROM SEGMENTION_VARIABLE WHERE NAME='OPERACAO';
INSERT INTO SEGMENTION_RULE_VARIABLE (SEGMENTATIONRULEVAR_ID,VALUE,SEGMENTATIONRULE_ID,SEGMENTATIONVAR_ID) SELECT 576,'TLV_OCT_BA',130,SEGMENTATIONVAR_ID FROM SEGMENTION_VARIABLE WHERE NAME='IVR_GROUP';
INSERT INTO SEGMENTION_RULE_VARIABLE (SEGMENTATIONRULEVAR_ID,VALUE,SEGMENTATIONRULE_ID,SEGMENTATIONVAR_ID) SELECT 577,'OI_OCT',130,SEGMENTATIONVAR_ID FROM SEGMENTION_VARIABLE WHERE NAME='PRODUTO';
INSERT INTO CALLGROUP (CALLGROUP_ID,DESCRIPTION,LAST_UPDATE_TIMESTAMP,NAME,STATE_ID) VALUES (12,'Callgroup 12 of State R1',SYSDATE,'Callgroup 12 of State R1',5);
INSERT INTO SCHEDULE (SCHEDULE_ID,ENABLE_TYPE,SCHEDULE_END_DATE,SCHEDULE_END_TIME,SCHEDULE_FRIDAY,LAST_UPDATE_TIMESTAMP,SCHEDULE_MONDAY,SCHEDULE_SATURDAY,SCHEDULE_START_DATE,SCHEDULE_START_TIME,SCHEDULE_SUNDAY,SCHEDULE_THURSDAY,SCHEDULE_TUESDAY,SCHEDULE_WEDNESDAY,CALLGROUP_ID,ROUTERULE_ID) VALUES (12,2,null,TO_DATE('2100-12-31 23:59:59','YYYY-MM-DD HH24:MI:SS'),1,SYSDATE,0,1,null,TO_DATE('1970-01-01 00:00:00','YYYY-MM-DD HH24:MI:SS'),1,0,0,0,12,4);
INSERT INTO CALLGROUP_DEST (CALLGROUP_ID,DESTINATION_ID) SELECT 12, DESTINATION_ID FROM DESTINATION WHERE DESTINATION_NUMBER='27184';
INSERT INTO SEGMENTATION_RULE (SEGMENTATIONRULE_ID,ACTIVE,DESCRIPTION,NAME,PRIORITY,CALLGROUP_ID) VALUES (131,1,'Segmentation Rule 131','Segmentation Rule 131',1,12);
INSERT INTO SEGMENTION_RULE_VARIABLE (SEGMENTATIONRULEVAR_ID,VALUE,SEGMENTATIONRULE_ID,SEGMENTATIONVAR_ID) SELECT 578,'COMPRA',131,SEGMENTATIONVAR_ID FROM SEGMENTION_VARIABLE WHERE NAME='OPERACAO';
INSERT INTO SEGMENTION_RULE_VARIABLE (SEGMENTATIONRULEVAR_ID,VALUE,SEGMENTATIONRULE_ID,SEGMENTATIONVAR_ID) SELECT 579,'TLV_Pos',131,SEGMENTATIONVAR_ID FROM SEGMENTION_VARIABLE WHERE NAME='IVR_GROUP';
INSERT INTO SEGMENTION_RULE_VARIABLE (SEGMENTATIONRULEVAR_ID,VALUE,SEGMENTATIONRULE_ID,SEGMENTATIONVAR_ID) SELECT 580,'OI_DADOS',131,SEGMENTATIONVAR_ID FROM SEGMENTION_VARIABLE WHERE NAME='PRODUTO';
INSERT INTO CALLGROUP_DEST (CALLGROUP_ID,DESTINATION_ID) SELECT 12, DESTINATION_ID FROM DESTINATION WHERE DESTINATION_NUMBER='27186';
INSERT INTO SEGMENTATION_RULE (SEGMENTATIONRULE_ID,ACTIVE,DESCRIPTION,NAME,PRIORITY,CALLGROUP_ID) VALUES (132,1,'Segmentation Rule 132','Segmentation Rule 132',1,12);
INSERT INTO SEGMENTION_RULE_VARIABLE (SEGMENTATIONRULEVAR_ID,VALUE,SEGMENTATIONRULE_ID,SEGMENTATIONVAR_ID) SELECT 581,'COMPRA',132,SEGMENTATIONVAR_ID FROM SEGMENTION_VARIABLE WHERE NAME='OPERACAO';
INSERT INTO SEGMENTION_RULE_VARIABLE (SEGMENTATIONRULEVAR_ID,VALUE,SEGMENTATIONRULE_ID,SEGMENTATIONVAR_ID) SELECT 582,'TLV_Pos',132,SEGMENTATIONVAR_ID FROM SEGMENTION_VARIABLE WHERE NAME='IVR_GROUP';
INSERT INTO SEGMENTION_RULE_VARIABLE (SEGMENTATIONRULEVAR_ID,VALUE,SEGMENTATIONRULE_ID,SEGMENTATIONVAR_ID) SELECT 583,'OI_DADOS',132,SEGMENTATIONVAR_ID FROM SEGMENTION_VARIABLE WHERE NAME='PRODUTO';
INSERT INTO CALLGROUP_DEST (CALLGROUP_ID,DESTINATION_ID) SELECT 12, DESTINATION_ID FROM DESTINATION WHERE DESTINATION_NUMBER='27181';
INSERT INTO SEGMENTATION_RULE (SEGMENTATIONRULE_ID,ACTIVE,DESCRIPTION,NAME,PRIORITY,CALLGROUP_ID) VALUES (133,1,'Segmentation Rule 133','Segmentation Rule 133',1,12);
INSERT INTO SEGMENTION_RULE_VARIABLE (SEGMENTATIONRULEVAR_ID,VALUE,SEGMENTATIONRULE_ID,SEGMENTATIONVAR_ID) SELECT 584,'COMPRA',133,SEGMENTATIONVAR_ID FROM SEGMENTION_VARIABLE WHERE NAME='OPERACAO';
INSERT INTO SEGMENTION_RULE_VARIABLE (SEGMENTATIONRULEVAR_ID,VALUE,SEGMENTATIONRULE_ID,SEGMENTATIONVAR_ID) SELECT 585,'TLV_Pos',133,SEGMENTATIONVAR_ID FROM SEGMENTION_VARIABLE WHERE NAME='IVR_GROUP';
INSERT INTO SEGMENTION_RULE_VARIABLE (SEGMENTATIONRULEVAR_ID,VALUE,SEGMENTATIONRULE_ID,SEGMENTATIONVAR_ID) SELECT 586,'OI_DADOS',133,SEGMENTATIONVAR_ID FROM SEGMENTION_VARIABLE WHERE NAME='PRODUTO';
INSERT INTO REGION (REGION_ID,DESCRIPTION,LAST_UPDATE_TIMESTAMP,NAME,LOB_ID) VALUES (6,'Region R3',SYSDATE,'Region R3',4);
INSERT INTO STATE (STATE_ID,DESCRIPTION,LAST_UPDATE_TIMESTAMP,NAME,REGION_ID) VALUES (6,'State R3',SYSDATE,'State R3',6);
INSERT INTO CALLGROUP (CALLGROUP_ID,DESCRIPTION,LAST_UPDATE_TIMESTAMP,NAME,STATE_ID) VALUES (13,'Callgroup 13 of State R3',SYSDATE,'Callgroup 13 of State R3',6);
INSERT INTO SCHEDULE (SCHEDULE_ID,ENABLE_TYPE,SCHEDULE_END_DATE,SCHEDULE_END_TIME,SCHEDULE_FRIDAY,LAST_UPDATE_TIMESTAMP,SCHEDULE_MONDAY,SCHEDULE_SATURDAY,SCHEDULE_START_DATE,SCHEDULE_START_TIME,SCHEDULE_SUNDAY,SCHEDULE_THURSDAY,SCHEDULE_TUESDAY,SCHEDULE_WEDNESDAY,CALLGROUP_ID,ROUTERULE_ID) VALUES (13,2,null,TO_DATE('2100-12-31 23:59:59','YYYY-MM-DD HH24:MI:SS'),1,SYSDATE,0,1,null,TO_DATE('1970-01-01 00:00:00','YYYY-MM-DD HH24:MI:SS'),1,0,0,0,13,4);
INSERT INTO CALLGROUP_DEST (CALLGROUP_ID,DESTINATION_ID) SELECT 13, DESTINATION_ID FROM DESTINATION WHERE DESTINATION_NUMBER='27274';
INSERT INTO SEGMENTATION_RULE (SEGMENTATIONRULE_ID,ACTIVE,DESCRIPTION,NAME,PRIORITY,CALLGROUP_ID) VALUES (134,1,'Segmentation Rule 134','Segmentation Rule 134',1,13);
INSERT INTO SEGMENTION_RULE_VARIABLE (SEGMENTATIONRULEVAR_ID,VALUE,SEGMENTATIONRULE_ID,SEGMENTATIONVAR_ID) SELECT 587,'COMPRA',134,SEGMENTATIONVAR_ID FROM SEGMENTION_VARIABLE WHERE NAME='OPERACAO';
INSERT INTO SEGMENTION_RULE_VARIABLE (SEGMENTATIONRULEVAR_ID,VALUE,SEGMENTATIONRULE_ID,SEGMENTATIONVAR_ID) SELECT 588,'TLV_Pos',134,SEGMENTATIONVAR_ID FROM SEGMENTION_VARIABLE WHERE NAME='IVR_GROUP';
INSERT INTO SEGMENTION_RULE_VARIABLE (SEGMENTATIONRULEVAR_ID,VALUE,SEGMENTATIONRULE_ID,SEGMENTATIONVAR_ID) SELECT 589,'OI_DADOS',134,SEGMENTATIONVAR_ID FROM SEGMENTION_VARIABLE WHERE NAME='PRODUTO';
INSERT INTO CALLGROUP_DEST (CALLGROUP_ID,DESTINATION_ID) SELECT 13, DESTINATION_ID FROM DESTINATION WHERE DESTINATION_NUMBER='27278';
INSERT INTO SEGMENTATION_RULE (SEGMENTATIONRULE_ID,ACTIVE,DESCRIPTION,NAME,PRIORITY,CALLGROUP_ID) VALUES (135,1,'Segmentation Rule 135','Segmentation Rule 135',1,13);
INSERT INTO SEGMENTION_RULE_VARIABLE (SEGMENTATIONRULEVAR_ID,VALUE,SEGMENTATIONRULE_ID,SEGMENTATIONVAR_ID) SELECT 590,'COMPRA',135,SEGMENTATIONVAR_ID FROM SEGMENTION_VARIABLE WHERE NAME='OPERACAO';
INSERT INTO SEGMENTION_RULE_VARIABLE (SEGMENTATIONRULEVAR_ID,VALUE,SEGMENTATIONRULE_ID,SEGMENTATIONVAR_ID) SELECT 591,'TLV_Pos',135,SEGMENTATIONVAR_ID FROM SEGMENTION_VARIABLE WHERE NAME='IVR_GROUP';
INSERT INTO SEGMENTION_RULE_VARIABLE (SEGMENTATIONRULEVAR_ID,VALUE,SEGMENTATIONRULE_ID,SEGMENTATIONVAR_ID) SELECT 592,'OI_DADOS',135,SEGMENTATIONVAR_ID FROM SEGMENTION_VARIABLE WHERE NAME='PRODUTO';
INSERT INTO CALLGROUP_DEST (CALLGROUP_ID,DESTINATION_ID) SELECT 13, DESTINATION_ID FROM DESTINATION WHERE DESTINATION_NUMBER='27279';
INSERT INTO SEGMENTATION_RULE (SEGMENTATIONRULE_ID,ACTIVE,DESCRIPTION,NAME,PRIORITY,CALLGROUP_ID) VALUES (136,1,'Segmentation Rule 136','Segmentation Rule 136',1,13);
INSERT INTO SEGMENTION_RULE_VARIABLE (SEGMENTATIONRULEVAR_ID,VALUE,SEGMENTATIONRULE_ID,SEGMENTATIONVAR_ID) SELECT 593,'COMPRA',136,SEGMENTATIONVAR_ID FROM SEGMENTION_VARIABLE WHERE NAME='OPERACAO';
INSERT INTO SEGMENTION_RULE_VARIABLE (SEGMENTATIONRULEVAR_ID,VALUE,SEGMENTATIONRULE_ID,SEGMENTATIONVAR_ID) SELECT 594,'TLV_Pos',136,SEGMENTATIONVAR_ID FROM SEGMENTION_VARIABLE WHERE NAME='IVR_GROUP';
INSERT INTO SEGMENTION_RULE_VARIABLE (SEGMENTATIONRULEVAR_ID,VALUE,SEGMENTATIONRULE_ID,SEGMENTATIONVAR_ID) SELECT 595,'OI_DADOS',136,SEGMENTATIONVAR_ID FROM SEGMENTION_VARIABLE WHERE NAME='PRODUTO';
INSERT INTO REGION (REGION_ID,DESCRIPTION,LAST_UPDATE_TIMESTAMP,NAME,LOB_ID) VALUES (7,'Region R2',SYSDATE,'Region R2',4);
INSERT INTO STATE (STATE_ID,DESCRIPTION,LAST_UPDATE_TIMESTAMP,NAME,REGION_ID) VALUES (7,'State R2',SYSDATE,'State R2',7);
INSERT INTO CALLGROUP (CALLGROUP_ID,DESCRIPTION,LAST_UPDATE_TIMESTAMP,NAME,STATE_ID) VALUES (14,'Callgroup 14 of State R2',SYSDATE,'Callgroup 14 of State R2',7);
INSERT INTO SCHEDULE (SCHEDULE_ID,ENABLE_TYPE,SCHEDULE_END_DATE,SCHEDULE_END_TIME,SCHEDULE_FRIDAY,LAST_UPDATE_TIMESTAMP,SCHEDULE_MONDAY,SCHEDULE_SATURDAY,SCHEDULE_START_DATE,SCHEDULE_START_TIME,SCHEDULE_SUNDAY,SCHEDULE_THURSDAY,SCHEDULE_TUESDAY,SCHEDULE_WEDNESDAY,CALLGROUP_ID,ROUTERULE_ID) VALUES (14,2,null,TO_DATE('2100-12-31 23:59:59','YYYY-MM-DD HH24:MI:SS'),1,SYSDATE,0,1,null,TO_DATE('1970-01-01 00:00:00','YYYY-MM-DD HH24:MI:SS'),1,0,0,0,14,4);
INSERT INTO CALLGROUP_DEST (CALLGROUP_ID,DESTINATION_ID) SELECT 14, DESTINATION_ID FROM DESTINATION WHERE DESTINATION_NUMBER='75819';
INSERT INTO SEGMENTATION_RULE (SEGMENTATIONRULE_ID,ACTIVE,DESCRIPTION,NAME,PRIORITY,CALLGROUP_ID) VALUES (137,1,'Segmentation Rule 137','Segmentation Rule 137',1,14);
INSERT INTO SEGMENTION_RULE_VARIABLE (SEGMENTATIONRULEVAR_ID,VALUE,SEGMENTATIONRULE_ID,SEGMENTATIONVAR_ID) SELECT 596,'R2',137,SEGMENTATIONVAR_ID FROM SEGMENTION_VARIABLE WHERE NAME='DDD';
INSERT INTO SEGMENTION_RULE_VARIABLE (SEGMENTATIONRULEVAR_ID,VALUE,SEGMENTATIONRULE_ID,SEGMENTATIONVAR_ID) SELECT 597,'ANDAMENTO_PEDIDO',137,SEGMENTATIONVAR_ID FROM SEGMENTION_VARIABLE WHERE NAME='OPERACAO';
INSERT INTO SEGMENTION_RULE_VARIABLE (SEGMENTATIONRULEVAR_ID,VALUE,SEGMENTATIONRULE_ID,SEGMENTATIONVAR_ID) SELECT 598,'TLV',137,SEGMENTATIONVAR_ID FROM SEGMENTION_VARIABLE WHERE NAME='ORIGEM';
INSERT INTO SEGMENTION_RULE_VARIABLE (SEGMENTATIONRULEVAR_ID,VALUE,SEGMENTATIONRULE_ID,SEGMENTATIONVAR_ID) SELECT 599,'BANDA_LARGA_3G',137,SEGMENTATIONVAR_ID FROM SEGMENTION_VARIABLE WHERE NAME='IVR_GROUP';
INSERT INTO SEGMENTION_RULE_VARIABLE (SEGMENTATIONRULEVAR_ID,VALUE,SEGMENTATIONRULE_ID,SEGMENTATIONVAR_ID) SELECT 600,'OI_VELOX_3G',137,SEGMENTATIONVAR_ID FROM SEGMENTION_VARIABLE WHERE NAME='PRODUTO';
INSERT INTO CALLGROUP (CALLGROUP_ID,DESCRIPTION,LAST_UPDATE_TIMESTAMP,NAME,STATE_ID) VALUES (15,'Callgroup 15 of State R2',SYSDATE,'Callgroup 15 of State R2',7);
INSERT INTO SCHEDULE (SCHEDULE_ID,ENABLE_TYPE,SCHEDULE_END_DATE,SCHEDULE_END_TIME,SCHEDULE_FRIDAY,LAST_UPDATE_TIMESTAMP,SCHEDULE_MONDAY,SCHEDULE_SATURDAY,SCHEDULE_START_DATE,SCHEDULE_START_TIME,SCHEDULE_SUNDAY,SCHEDULE_THURSDAY,SCHEDULE_TUESDAY,SCHEDULE_WEDNESDAY,CALLGROUP_ID,ROUTERULE_ID) VALUES (15,2,null,TO_DATE('2100-12-31 23:59:59','YYYY-MM-DD HH24:MI:SS'),1,SYSDATE,0,1,null,TO_DATE('1970-01-01 00:00:00','YYYY-MM-DD HH24:MI:SS'),1,0,0,0,15,4);
INSERT INTO CALLGROUP_DEST (CALLGROUP_ID,DESTINATION_ID) SELECT 15, DESTINATION_ID FROM DESTINATION WHERE DESTINATION_NUMBER='75651';
INSERT INTO SEGMENTATION_RULE (SEGMENTATIONRULE_ID,ACTIVE,DESCRIPTION,NAME,PRIORITY,CALLGROUP_ID) VALUES (138,1,'Segmentation Rule 138','Segmentation Rule 138',1,15);
INSERT INTO SEGMENTION_RULE_VARIABLE (SEGMENTATIONRULEVAR_ID,VALUE,SEGMENTATIONRULE_ID,SEGMENTATIONVAR_ID) SELECT 601,'R2',138,SEGMENTATIONVAR_ID FROM SEGMENTION_VARIABLE WHERE NAME='DDD';
INSERT INTO SEGMENTION_RULE_VARIABLE (SEGMENTATIONRULEVAR_ID,VALUE,SEGMENTATIONRULE_ID,SEGMENTATIONVAR_ID) SELECT 602,'COMPRA',138,SEGMENTATIONVAR_ID FROM SEGMENTION_VARIABLE WHERE NAME='OPERACAO';
INSERT INTO SEGMENTION_RULE_VARIABLE (SEGMENTATIONRULEVAR_ID,VALUE,SEGMENTATIONRULE_ID,SEGMENTATIONVAR_ID) SELECT 603,'OCT_TLV-RECEPTIVO',138,SEGMENTATIONVAR_ID FROM SEGMENTION_VARIABLE WHERE NAME='IVR_GROUP';
INSERT INTO SEGMENTION_RULE_VARIABLE (SEGMENTATIONRULEVAR_ID,VALUE,SEGMENTATIONRULE_ID,SEGMENTATIONVAR_ID) SELECT 604,'OI_OCT',138,SEGMENTATIONVAR_ID FROM SEGMENTION_VARIABLE WHERE NAME='PRODUTO';
INSERT INTO CALLGROUP (CALLGROUP_ID,DESCRIPTION,LAST_UPDATE_TIMESTAMP,NAME,STATE_ID) VALUES (16,'Callgroup 16 of State R2',SYSDATE,'Callgroup 16 of State R2',7);
INSERT INTO SCHEDULE (SCHEDULE_ID,ENABLE_TYPE,SCHEDULE_END_DATE,SCHEDULE_END_TIME,SCHEDULE_FRIDAY,LAST_UPDATE_TIMESTAMP,SCHEDULE_MONDAY,SCHEDULE_SATURDAY,SCHEDULE_START_DATE,SCHEDULE_START_TIME,SCHEDULE_SUNDAY,SCHEDULE_THURSDAY,SCHEDULE_TUESDAY,SCHEDULE_WEDNESDAY,CALLGROUP_ID,ROUTERULE_ID) VALUES (16,2,null,TO_DATE('2100-12-31 23:59:59','YYYY-MM-DD HH24:MI:SS'),1,SYSDATE,0,1,null,TO_DATE('1970-01-01 00:00:00','YYYY-MM-DD HH24:MI:SS'),1,0,0,0,16,4);
INSERT INTO CALLGROUP_DEST (CALLGROUP_ID,DESTINATION_ID) SELECT 16, DESTINATION_ID FROM DESTINATION WHERE DESTINATION_NUMBER='27185';
INSERT INTO SEGMENTATION_RULE (SEGMENTATIONRULE_ID,ACTIVE,DESCRIPTION,NAME,PRIORITY,CALLGROUP_ID) VALUES (139,1,'Segmentation Rule 139','Segmentation Rule 139',1,16);
INSERT INTO SEGMENTION_RULE_VARIABLE (SEGMENTATIONRULEVAR_ID,VALUE,SEGMENTATIONRULE_ID,SEGMENTATIONVAR_ID) SELECT 605,'COMPRA',139,SEGMENTATIONVAR_ID FROM SEGMENTION_VARIABLE WHERE NAME='OPERACAO';
INSERT INTO SEGMENTION_RULE_VARIABLE (SEGMENTATIONRULEVAR_ID,VALUE,SEGMENTATIONRULE_ID,SEGMENTATIONVAR_ID) SELECT 606,'TLV_Pos',139,SEGMENTATIONVAR_ID FROM SEGMENTION_VARIABLE WHERE NAME='IVR_GROUP';
INSERT INTO SEGMENTION_RULE_VARIABLE (SEGMENTATIONRULEVAR_ID,VALUE,SEGMENTATIONRULE_ID,SEGMENTATIONVAR_ID) SELECT 607,'OI_DADOS',139,SEGMENTATIONVAR_ID FROM SEGMENTION_VARIABLE WHERE NAME='PRODUTO';
INSERT INTO CALLGROUP_DEST (CALLGROUP_ID,DESTINATION_ID) SELECT 16, DESTINATION_ID FROM DESTINATION WHERE DESTINATION_NUMBER='27187';
INSERT INTO SEGMENTATION_RULE (SEGMENTATIONRULE_ID,ACTIVE,DESCRIPTION,NAME,PRIORITY,CALLGROUP_ID) VALUES (140,1,'Segmentation Rule 140','Segmentation Rule 140',1,16);
INSERT INTO SEGMENTION_RULE_VARIABLE (SEGMENTATIONRULEVAR_ID,VALUE,SEGMENTATIONRULE_ID,SEGMENTATIONVAR_ID) SELECT 608,'COMPRA',140,SEGMENTATIONVAR_ID FROM SEGMENTION_VARIABLE WHERE NAME='OPERACAO';
INSERT INTO SEGMENTION_RULE_VARIABLE (SEGMENTATIONRULEVAR_ID,VALUE,SEGMENTATIONRULE_ID,SEGMENTATIONVAR_ID) SELECT 609,'TLV_Pos',140,SEGMENTATIONVAR_ID FROM SEGMENTION_VARIABLE WHERE NAME='IVR_GROUP';
INSERT INTO SEGMENTION_RULE_VARIABLE (SEGMENTATIONRULEVAR_ID,VALUE,SEGMENTATIONRULE_ID,SEGMENTATIONVAR_ID) SELECT 610,'OI_DADOS',140,SEGMENTATIONVAR_ID FROM SEGMENTION_VARIABLE WHERE NAME='PRODUTO';
INSERT INTO CALLGROUP_DEST (CALLGROUP_ID,DESTINATION_ID) SELECT 16, DESTINATION_ID FROM DESTINATION WHERE DESTINATION_NUMBER='27182';
INSERT INTO SEGMENTATION_RULE (SEGMENTATIONRULE_ID,ACTIVE,DESCRIPTION,NAME,PRIORITY,CALLGROUP_ID) VALUES (141,1,'Segmentation Rule 141','Segmentation Rule 141',1,16);
INSERT INTO SEGMENTION_RULE_VARIABLE (SEGMENTATIONRULEVAR_ID,VALUE,SEGMENTATIONRULE_ID,SEGMENTATIONVAR_ID) SELECT 611,'COMPRA',141,SEGMENTATIONVAR_ID FROM SEGMENTION_VARIABLE WHERE NAME='OPERACAO';
INSERT INTO SEGMENTION_RULE_VARIABLE (SEGMENTATIONRULEVAR_ID,VALUE,SEGMENTATIONRULE_ID,SEGMENTATIONVAR_ID) SELECT 612,'TLV_Pos',141,SEGMENTATIONVAR_ID FROM SEGMENTION_VARIABLE WHERE NAME='IVR_GROUP';
INSERT INTO SEGMENTION_RULE_VARIABLE (SEGMENTATIONRULEVAR_ID,VALUE,SEGMENTATIONRULE_ID,SEGMENTATIONVAR_ID) SELECT 613,'OI_DADOS',141,SEGMENTATIONVAR_ID FROM SEGMENTION_VARIABLE WHERE NAME='PRODUTO';
INSERT INTO LOB (LOB_ID,DESCRIPTION,EMERGENCY_DESTINATION,LAST_UPDATE_TIMESTAMP,NAME) VALUES (5,'URASACEmpresarial','123456',SYSDATE,'URASACEmpresarial');
INSERT INTO ROUTERULE (ROUTERULE_ID,DESCRIPTION,LAST_UPDATE_TIMESTAMP,NAME,LOB_ID) VALUES (5 /*not nullable*/,'Route Rule 5' /*not nullable*/,SYSDATE /*not nullable*/,'Route Rule 5' /*not nullable*/,5 /*not nullable*/);
INSERT INTO ROUTERULEINTERVAL (RRINTERVAL_ID,ENABLED_FRIDAY,ENABLED_MONDAY,ENABLED_SATURDAY,ENABLED_SUNDAY,ENABLED_THURSDAY,ENABLED_TUESDAY,ENABLED_WEDNESDAY,INTERVAL_FROM,LAST_UPDATE_TIMESTAMP,NAME,INTERVAL_TO,ROUTERULE_ID) VALUES (5,1,1,0,0,1,1,1,TO_DATE('1970-01-01 00:00:00','YYYY-MM-DD HH24:MI:SS'),SYSDATE,'Route Rule Interval 5',TO_DATE('2100-12-31 23:59:59','YYYY-MM-DD HH24:MI:SS'),5);
INSERT INTO RRSITESETTINGS (RRSITESETTINGS_ID,LAST_UPDATE_TIMESTAMP,PERCENTAGE_ALLOCATION,ROUTING_TYPE,RRINTERVAL_ID) VALUES (5,SYSDATE,100,'STATIC',5);
INSERT INTO RRSITESETTINGS_SITE (RRSITESETTINGS_ID,SITE_ID) SELECT 5,SITE_ID FROM SITE;
INSERT INTO RR_SITE (ROUTERULE_ID,SITE_ID) SELECT 5,SITE_ID FROM SITE;
INSERT INTO REGION (REGION_ID,DESCRIPTION,LAST_UPDATE_TIMESTAMP,NAME,LOB_ID) VALUES (8,'Region R1',SYSDATE,'Region R1',5);
INSERT INTO STATE (STATE_ID,DESCRIPTION,LAST_UPDATE_TIMESTAMP,NAME,REGION_ID) VALUES (8,'State R1',SYSDATE,'State R1',8);
INSERT INTO CALLGROUP (CALLGROUP_ID,DESCRIPTION,LAST_UPDATE_TIMESTAMP,NAME,STATE_ID) VALUES (17,'Callgroup 17 of State R1',SYSDATE,'Callgroup 17 of State R1',8);
INSERT INTO SCHEDULE (SCHEDULE_ID,ENABLE_TYPE,SCHEDULE_END_DATE,SCHEDULE_END_TIME,SCHEDULE_FRIDAY,LAST_UPDATE_TIMESTAMP,SCHEDULE_MONDAY,SCHEDULE_SATURDAY,SCHEDULE_START_DATE,SCHEDULE_START_TIME,SCHEDULE_SUNDAY,SCHEDULE_THURSDAY,SCHEDULE_TUESDAY,SCHEDULE_WEDNESDAY,CALLGROUP_ID,ROUTERULE_ID) VALUES (17,2,null,TO_DATE('2100-12-31 23:59:59','YYYY-MM-DD HH24:MI:SS'),1,SYSDATE,0,1,null,TO_DATE('1970-01-01 00:00:00','YYYY-MM-DD HH24:MI:SS'),1,0,0,0,17,5);
INSERT INTO CALLGROUP_DEST (CALLGROUP_ID,DESTINATION_ID) SELECT 17, DESTINATION_ID FROM DESTINATION WHERE DESTINATION_NUMBER='21621';
INSERT INTO SEGMENTATION_RULE (SEGMENTATIONRULE_ID,ACTIVE,DESCRIPTION,NAME,PRIORITY,CALLGROUP_ID) VALUES (142,1,'Segmentation Rule 142','Segmentation Rule 142',1,17);
INSERT INTO SEGMENTION_RULE_VARIABLE (SEGMENTATIONRULEVAR_ID,VALUE,SEGMENTATIONRULE_ID,SEGMENTATIONVAR_ID) SELECT 614,'ATENDIMENTO',142,SEGMENTATIONVAR_ID FROM SEGMENTION_VARIABLE WHERE NAME='OPERACAO';
INSERT INTO SEGMENTION_RULE_VARIABLE (SEGMENTATIONRULEVAR_ID,VALUE,SEGMENTATIONRULE_ID,SEGMENTATIONVAR_ID) SELECT 615,'EMPRESARIAL',142,SEGMENTATIONVAR_ID FROM SEGMENTION_VARIABLE WHERE NAME='CLIENTE';
INSERT INTO SEGMENTION_RULE_VARIABLE (SEGMENTATIONRULEVAR_ID,VALUE,SEGMENTATIONRULE_ID,SEGMENTATIONVAR_ID) SELECT 616,'AtendimentoSACEmpresarial',142,SEGMENTATIONVAR_ID FROM SEGMENTION_VARIABLE WHERE NAME='IVR_GROUP';
INSERT INTO REGION (REGION_ID,DESCRIPTION,LAST_UPDATE_TIMESTAMP,NAME,LOB_ID) VALUES (9,'Region R3',SYSDATE,'Region R3',5);
INSERT INTO STATE (STATE_ID,DESCRIPTION,LAST_UPDATE_TIMESTAMP,NAME,REGION_ID) VALUES (9,'State R3',SYSDATE,'State R3',9);
INSERT INTO CALLGROUP (CALLGROUP_ID,DESCRIPTION,LAST_UPDATE_TIMESTAMP,NAME,STATE_ID) VALUES (18,'Callgroup 18 of State R3',SYSDATE,'Callgroup 18 of State R3',9);
INSERT INTO SCHEDULE (SCHEDULE_ID,ENABLE_TYPE,SCHEDULE_END_DATE,SCHEDULE_END_TIME,SCHEDULE_FRIDAY,LAST_UPDATE_TIMESTAMP,SCHEDULE_MONDAY,SCHEDULE_SATURDAY,SCHEDULE_START_DATE,SCHEDULE_START_TIME,SCHEDULE_SUNDAY,SCHEDULE_THURSDAY,SCHEDULE_TUESDAY,SCHEDULE_WEDNESDAY,CALLGROUP_ID,ROUTERULE_ID) VALUES (18,2,null,TO_DATE('2100-12-31 23:59:59','YYYY-MM-DD HH24:MI:SS'),1,SYSDATE,0,1,null,TO_DATE('1970-01-01 00:00:00','YYYY-MM-DD HH24:MI:SS'),1,0,0,0,18,5);
INSERT INTO CALLGROUP_DEST (CALLGROUP_ID,DESTINATION_ID) SELECT 18, DESTINATION_ID FROM DESTINATION WHERE DESTINATION_NUMBER='21621';
INSERT INTO SEGMENTATION_RULE (SEGMENTATIONRULE_ID,ACTIVE,DESCRIPTION,NAME,PRIORITY,CALLGROUP_ID) VALUES (143,1,'Segmentation Rule 143','Segmentation Rule 143',1,18);
INSERT INTO SEGMENTION_RULE_VARIABLE (SEGMENTATIONRULEVAR_ID,VALUE,SEGMENTATIONRULE_ID,SEGMENTATIONVAR_ID) SELECT 617,'ATENDIMENTO',143,SEGMENTATIONVAR_ID FROM SEGMENTION_VARIABLE WHERE NAME='OPERACAO';
INSERT INTO SEGMENTION_RULE_VARIABLE (SEGMENTATIONRULEVAR_ID,VALUE,SEGMENTATIONRULE_ID,SEGMENTATIONVAR_ID) SELECT 618,'EMPRESARIAL',143,SEGMENTATIONVAR_ID FROM SEGMENTION_VARIABLE WHERE NAME='CLIENTE';
INSERT INTO SEGMENTION_RULE_VARIABLE (SEGMENTATIONRULEVAR_ID,VALUE,SEGMENTATIONRULE_ID,SEGMENTATIONVAR_ID) SELECT 619,'AtendimentoSACEmpresarial',143,SEGMENTATIONVAR_ID FROM SEGMENTION_VARIABLE WHERE NAME='IVR_GROUP';
INSERT INTO REGION (REGION_ID,DESCRIPTION,LAST_UPDATE_TIMESTAMP,NAME,LOB_ID) VALUES (10,'Region R2',SYSDATE,'Region R2',5);
INSERT INTO STATE (STATE_ID,DESCRIPTION,LAST_UPDATE_TIMESTAMP,NAME,REGION_ID) VALUES (10,'State R2',SYSDATE,'State R2',10);
INSERT INTO CALLGROUP (CALLGROUP_ID,DESCRIPTION,LAST_UPDATE_TIMESTAMP,NAME,STATE_ID) VALUES (19,'Callgroup 19 of State R2',SYSDATE,'Callgroup 19 of State R2',10);
INSERT INTO SCHEDULE (SCHEDULE_ID,ENABLE_TYPE,SCHEDULE_END_DATE,SCHEDULE_END_TIME,SCHEDULE_FRIDAY,LAST_UPDATE_TIMESTAMP,SCHEDULE_MONDAY,SCHEDULE_SATURDAY,SCHEDULE_START_DATE,SCHEDULE_START_TIME,SCHEDULE_SUNDAY,SCHEDULE_THURSDAY,SCHEDULE_TUESDAY,SCHEDULE_WEDNESDAY,CALLGROUP_ID,ROUTERULE_ID) VALUES (19,2,null,TO_DATE('2100-12-31 23:59:59','YYYY-MM-DD HH24:MI:SS'),1,SYSDATE,0,1,null,TO_DATE('1970-01-01 00:00:00','YYYY-MM-DD HH24:MI:SS'),1,0,0,0,19,5);
INSERT INTO CALLGROUP_DEST (CALLGROUP_ID,DESTINATION_ID) SELECT 19, DESTINATION_ID FROM DESTINATION WHERE DESTINATION_NUMBER='21621';
INSERT INTO SEGMENTATION_RULE (SEGMENTATIONRULE_ID,ACTIVE,DESCRIPTION,NAME,PRIORITY,CALLGROUP_ID) VALUES (144,1,'Segmentation Rule 144','Segmentation Rule 144',1,19);
INSERT INTO SEGMENTION_RULE_VARIABLE (SEGMENTATIONRULEVAR_ID,VALUE,SEGMENTATIONRULE_ID,SEGMENTATIONVAR_ID) SELECT 620,'ATENDIMENTO',144,SEGMENTATIONVAR_ID FROM SEGMENTION_VARIABLE WHERE NAME='OPERACAO';
INSERT INTO SEGMENTION_RULE_VARIABLE (SEGMENTATIONRULEVAR_ID,VALUE,SEGMENTATIONRULE_ID,SEGMENTATIONVAR_ID) SELECT 621,'EMPRESARIAL',144,SEGMENTATIONVAR_ID FROM SEGMENTION_VARIABLE WHERE NAME='CLIENTE';
INSERT INTO SEGMENTION_RULE_VARIABLE (SEGMENTATIONRULEVAR_ID,VALUE,SEGMENTATIONRULE_ID,SEGMENTATIONVAR_ID) SELECT 622,'AtendimentoSACEmpresarial',144,SEGMENTATIONVAR_ID FROM SEGMENTION_VARIABLE WHERE NAME='IVR_GROUP';
INSERT INTO LOB (LOB_ID,DESCRIPTION,EMERGENCY_DESTINATION,LAST_UPDATE_TIMESTAMP,NAME) VALUES (6,'URAEmpresarialBRT','123456',SYSDATE,'URAEmpresarialBRT');
INSERT INTO ROUTERULE (ROUTERULE_ID,DESCRIPTION,LAST_UPDATE_TIMESTAMP,NAME,LOB_ID) VALUES (6 /*not nullable*/,'Route Rule 6' /*not nullable*/,SYSDATE /*not nullable*/,'Route Rule 6' /*not nullable*/,6 /*not nullable*/);
INSERT INTO ROUTERULEINTERVAL (RRINTERVAL_ID,ENABLED_FRIDAY,ENABLED_MONDAY,ENABLED_SATURDAY,ENABLED_SUNDAY,ENABLED_THURSDAY,ENABLED_TUESDAY,ENABLED_WEDNESDAY,INTERVAL_FROM,LAST_UPDATE_TIMESTAMP,NAME,INTERVAL_TO,ROUTERULE_ID) VALUES (6,1,1,0,0,1,1,1,TO_DATE('1970-01-01 00:00:00','YYYY-MM-DD HH24:MI:SS'),SYSDATE,'Route Rule Interval 6',TO_DATE('2100-12-31 23:59:59','YYYY-MM-DD HH24:MI:SS'),6);
INSERT INTO RRSITESETTINGS (RRSITESETTINGS_ID,LAST_UPDATE_TIMESTAMP,PERCENTAGE_ALLOCATION,ROUTING_TYPE,RRINTERVAL_ID) VALUES (6,SYSDATE,100,'STATIC',6);
INSERT INTO RRSITESETTINGS_SITE (RRSITESETTINGS_ID,SITE_ID) SELECT 6,SITE_ID FROM SITE;
INSERT INTO RR_SITE (ROUTERULE_ID,SITE_ID) SELECT 6,SITE_ID FROM SITE;
INSERT INTO REGION (REGION_ID,DESCRIPTION,LAST_UPDATE_TIMESTAMP,NAME,LOB_ID) VALUES (11,'Region R2',SYSDATE,'Region R2',6);
INSERT INTO STATE (STATE_ID,DESCRIPTION,LAST_UPDATE_TIMESTAMP,NAME,REGION_ID) VALUES (11,'State R2',SYSDATE,'State R2',11);
INSERT INTO CALLGROUP (CALLGROUP_ID,DESCRIPTION,LAST_UPDATE_TIMESTAMP,NAME,STATE_ID) VALUES (20,'Callgroup 20 of State R2',SYSDATE,'Callgroup 20 of State R2',11);
INSERT INTO SCHEDULE (SCHEDULE_ID,ENABLE_TYPE,SCHEDULE_END_DATE,SCHEDULE_END_TIME,SCHEDULE_FRIDAY,LAST_UPDATE_TIMESTAMP,SCHEDULE_MONDAY,SCHEDULE_SATURDAY,SCHEDULE_START_DATE,SCHEDULE_START_TIME,SCHEDULE_SUNDAY,SCHEDULE_THURSDAY,SCHEDULE_TUESDAY,SCHEDULE_WEDNESDAY,CALLGROUP_ID,ROUTERULE_ID) VALUES (20,2,null,TO_DATE('2100-12-31 23:59:59','YYYY-MM-DD HH24:MI:SS'),1,SYSDATE,0,1,null,TO_DATE('1970-01-01 00:00:00','YYYY-MM-DD HH24:MI:SS'),1,0,0,0,20,6);
INSERT INTO CALLGROUP_DEST (CALLGROUP_ID,DESTINATION_ID) SELECT 20, DESTINATION_ID FROM DESTINATION WHERE DESTINATION_NUMBER='21353';
INSERT INTO SEGMENTATION_RULE (SEGMENTATIONRULE_ID,ACTIVE,DESCRIPTION,NAME,PRIORITY,CALLGROUP_ID) VALUES (145,1,'Segmentation Rule 145','Segmentation Rule 145',1,20);
INSERT INTO SEGMENTION_RULE_VARIABLE (SEGMENTATIONRULEVAR_ID,VALUE,SEGMENTATIONRULE_ID,SEGMENTATIONVAR_ID) SELECT 623,'COMPRA',145,SEGMENTATIONVAR_ID FROM SEGMENTION_VARIABLE WHERE NAME='OPERACAO';
INSERT INTO SEGMENTION_RULE_VARIABLE (SEGMENTATIONRULEVAR_ID,VALUE,SEGMENTATIONRULE_ID,SEGMENTATIONVAR_ID) SELECT 624,'EMPRESARIAL',145,SEGMENTATIONVAR_ID FROM SEGMENTION_VARIABLE WHERE NAME='CLIENTE';
INSERT INTO SEGMENTION_RULE_VARIABLE (SEGMENTATIONRULEVAR_ID,VALUE,SEGMENTATIONRULE_ID,SEGMENTATIONVAR_ID) SELECT 625,'AtendimentoEmpresarialBRT',145,SEGMENTATIONVAR_ID FROM SEGMENTION_VARIABLE WHERE NAME='IVR_GROUP';
INSERT INTO LOB (LOB_ID,DESCRIPTION,EMERGENCY_DESTINATION,LAST_UPDATE_TIMESTAMP,NAME) VALUES (7,'AndamentoPedido','123456',SYSDATE,'AndamentoPedido');
INSERT INTO ROUTERULE (ROUTERULE_ID,DESCRIPTION,LAST_UPDATE_TIMESTAMP,NAME,LOB_ID) VALUES (7 /*not nullable*/,'Route Rule 7' /*not nullable*/,SYSDATE /*not nullable*/,'Route Rule 7' /*not nullable*/,7 /*not nullable*/);
INSERT INTO ROUTERULEINTERVAL (RRINTERVAL_ID,ENABLED_FRIDAY,ENABLED_MONDAY,ENABLED_SATURDAY,ENABLED_SUNDAY,ENABLED_THURSDAY,ENABLED_TUESDAY,ENABLED_WEDNESDAY,INTERVAL_FROM,LAST_UPDATE_TIMESTAMP,NAME,INTERVAL_TO,ROUTERULE_ID) VALUES (7,1,1,0,0,1,1,1,TO_DATE('1970-01-01 00:00:00','YYYY-MM-DD HH24:MI:SS'),SYSDATE,'Route Rule Interval 7',TO_DATE('2100-12-31 23:59:59','YYYY-MM-DD HH24:MI:SS'),7);
INSERT INTO RRSITESETTINGS (RRSITESETTINGS_ID,LAST_UPDATE_TIMESTAMP,PERCENTAGE_ALLOCATION,ROUTING_TYPE,RRINTERVAL_ID) VALUES (7,SYSDATE,100,'STATIC',7);
INSERT INTO RRSITESETTINGS_SITE (RRSITESETTINGS_ID,SITE_ID) SELECT 7,SITE_ID FROM SITE;
INSERT INTO RR_SITE (ROUTERULE_ID,SITE_ID) SELECT 7,SITE_ID FROM SITE;
INSERT INTO REGION (REGION_ID,DESCRIPTION,LAST_UPDATE_TIMESTAMP,NAME,LOB_ID) VALUES (12,'Region R1',SYSDATE,'Region R1',7);
INSERT INTO STATE (STATE_ID,DESCRIPTION,LAST_UPDATE_TIMESTAMP,NAME,REGION_ID) VALUES (12,'State R1',SYSDATE,'State R1',12);
INSERT INTO CALLGROUP (CALLGROUP_ID,DESCRIPTION,LAST_UPDATE_TIMESTAMP,NAME,STATE_ID) VALUES (21,'Callgroup 21 of State R1',SYSDATE,'Callgroup 21 of State R1',12);
INSERT INTO SCHEDULE (SCHEDULE_ID,ENABLE_TYPE,SCHEDULE_END_DATE,SCHEDULE_END_TIME,SCHEDULE_FRIDAY,LAST_UPDATE_TIMESTAMP,SCHEDULE_MONDAY,SCHEDULE_SATURDAY,SCHEDULE_START_DATE,SCHEDULE_START_TIME,SCHEDULE_SUNDAY,SCHEDULE_THURSDAY,SCHEDULE_TUESDAY,SCHEDULE_WEDNESDAY,CALLGROUP_ID,ROUTERULE_ID) VALUES (21,2,null,TO_DATE('2100-12-31 23:59:59','YYYY-MM-DD HH24:MI:SS'),1,SYSDATE,0,1,null,TO_DATE('1970-01-01 00:00:00','YYYY-MM-DD HH24:MI:SS'),1,0,0,0,21,7);
INSERT INTO CALLGROUP_DEST (CALLGROUP_ID,DESTINATION_ID) SELECT 21, DESTINATION_ID FROM DESTINATION WHERE DESTINATION_NUMBER='21401';
INSERT INTO SEGMENTATION_RULE (SEGMENTATIONRULE_ID,ACTIVE,DESCRIPTION,NAME,PRIORITY,CALLGROUP_ID) VALUES (146,1,'Segmentation Rule 146','Segmentation Rule 146',1,21);
INSERT INTO SEGMENTION_RULE_VARIABLE (SEGMENTATIONRULEVAR_ID,VALUE,SEGMENTATIONRULE_ID,SEGMENTATIONVAR_ID) SELECT 626,'R1',146,SEGMENTATIONVAR_ID FROM SEGMENTION_VARIABLE WHERE NAME='DDD';
INSERT INTO SEGMENTION_RULE_VARIABLE (SEGMENTATIONRULEVAR_ID,VALUE,SEGMENTATIONRULE_ID,SEGMENTATIONVAR_ID) SELECT 627,'ANDAMENTO_PEDIDO',146,SEGMENTATIONVAR_ID FROM SEGMENTION_VARIABLE WHERE NAME='OPERACAO';
INSERT INTO SEGMENTION_RULE_VARIABLE (SEGMENTATIONRULEVAR_ID,VALUE,SEGMENTATIONRULE_ID,SEGMENTATIONVAR_ID) SELECT 628,'MOVEL_ACOMP_PED',146,SEGMENTATIONVAR_ID FROM SEGMENTION_VARIABLE WHERE NAME='IVR_GROUP';
INSERT INTO SEGMENTION_RULE_VARIABLE (SEGMENTATIONRULEVAR_ID,VALUE,SEGMENTATIONRULE_ID,SEGMENTATIONVAR_ID) SELECT 629,'POS_PAGO',146,SEGMENTATIONVAR_ID FROM SEGMENTION_VARIABLE WHERE NAME='PRODUTO';
INSERT INTO REGION (REGION_ID,DESCRIPTION,LAST_UPDATE_TIMESTAMP,NAME,LOB_ID) VALUES (13,'Region R3',SYSDATE,'Region R3',7);
INSERT INTO STATE (STATE_ID,DESCRIPTION,LAST_UPDATE_TIMESTAMP,NAME,REGION_ID) VALUES (13,'State R3',SYSDATE,'State R3',13);
INSERT INTO CALLGROUP (CALLGROUP_ID,DESCRIPTION,LAST_UPDATE_TIMESTAMP,NAME,STATE_ID) VALUES (22,'Callgroup 22 of State R3',SYSDATE,'Callgroup 22 of State R3',13);
INSERT INTO SCHEDULE (SCHEDULE_ID,ENABLE_TYPE,SCHEDULE_END_DATE,SCHEDULE_END_TIME,SCHEDULE_FRIDAY,LAST_UPDATE_TIMESTAMP,SCHEDULE_MONDAY,SCHEDULE_SATURDAY,SCHEDULE_START_DATE,SCHEDULE_START_TIME,SCHEDULE_SUNDAY,SCHEDULE_THURSDAY,SCHEDULE_TUESDAY,SCHEDULE_WEDNESDAY,CALLGROUP_ID,ROUTERULE_ID) VALUES (22,2,null,TO_DATE('2100-12-31 23:59:59','YYYY-MM-DD HH24:MI:SS'),1,SYSDATE,0,1,null,TO_DATE('1970-01-01 00:00:00','YYYY-MM-DD HH24:MI:SS'),1,0,0,0,22,7);
INSERT INTO CALLGROUP_DEST (CALLGROUP_ID,DESTINATION_ID) SELECT 22, DESTINATION_ID FROM DESTINATION WHERE DESTINATION_NUMBER='27262';
INSERT INTO SEGMENTATION_RULE (SEGMENTATIONRULE_ID,ACTIVE,DESCRIPTION,NAME,PRIORITY,CALLGROUP_ID) VALUES (147,1,'Segmentation Rule 147','Segmentation Rule 147',1,22);
INSERT INTO SEGMENTION_RULE_VARIABLE (SEGMENTATIONRULEVAR_ID,VALUE,SEGMENTATIONRULE_ID,SEGMENTATIONVAR_ID) SELECT 630,'R3',147,SEGMENTATIONVAR_ID FROM SEGMENTION_VARIABLE WHERE NAME='DDD';
INSERT INTO SEGMENTION_RULE_VARIABLE (SEGMENTATIONRULEVAR_ID,VALUE,SEGMENTATIONRULE_ID,SEGMENTATIONVAR_ID) SELECT 631,'ANDAMENTO_PEDIDO',147,SEGMENTATIONVAR_ID FROM SEGMENTION_VARIABLE WHERE NAME='OPERACAO';
INSERT INTO SEGMENTION_RULE_VARIABLE (SEGMENTATIONRULEVAR_ID,VALUE,SEGMENTATIONRULE_ID,SEGMENTATIONVAR_ID) SELECT 632,'TLV_Movel_R3',147,SEGMENTATIONVAR_ID FROM SEGMENTION_VARIABLE WHERE NAME='IVR_GROUP';
INSERT INTO SEGMENTION_RULE_VARIABLE (SEGMENTATIONRULEVAR_ID,VALUE,SEGMENTATIONRULE_ID,SEGMENTATIONVAR_ID) SELECT 633,'POS_PAGO',147,SEGMENTATIONVAR_ID FROM SEGMENTION_VARIABLE WHERE NAME='PRODUTO';
INSERT INTO REGION (REGION_ID,DESCRIPTION,LAST_UPDATE_TIMESTAMP,NAME,LOB_ID) VALUES (14,'Region R2',SYSDATE,'Region R2',7);
INSERT INTO STATE (STATE_ID,DESCRIPTION,LAST_UPDATE_TIMESTAMP,NAME,REGION_ID) VALUES (14,'State R2',SYSDATE,'State R2',14);
INSERT INTO CALLGROUP (CALLGROUP_ID,DESCRIPTION,LAST_UPDATE_TIMESTAMP,NAME,STATE_ID) VALUES (23,'Callgroup 23 of State R2',SYSDATE,'Callgroup 23 of State R2',14);
INSERT INTO SCHEDULE (SCHEDULE_ID,ENABLE_TYPE,SCHEDULE_END_DATE,SCHEDULE_END_TIME,SCHEDULE_FRIDAY,LAST_UPDATE_TIMESTAMP,SCHEDULE_MONDAY,SCHEDULE_SATURDAY,SCHEDULE_START_DATE,SCHEDULE_START_TIME,SCHEDULE_SUNDAY,SCHEDULE_THURSDAY,SCHEDULE_TUESDAY,SCHEDULE_WEDNESDAY,CALLGROUP_ID,ROUTERULE_ID) VALUES (23,2,null,TO_DATE('2100-12-31 23:59:59','YYYY-MM-DD HH24:MI:SS'),1,SYSDATE,0,1,null,TO_DATE('1970-01-01 00:00:00','YYYY-MM-DD HH24:MI:SS'),1,0,0,0,23,7);
INSERT INTO CALLGROUP_DEST (CALLGROUP_ID,DESTINATION_ID) SELECT 23, DESTINATION_ID FROM DESTINATION WHERE DESTINATION_NUMBER='75339';
INSERT INTO SEGMENTATION_RULE (SEGMENTATIONRULE_ID,ACTIVE,DESCRIPTION,NAME,PRIORITY,CALLGROUP_ID) VALUES (148,1,'Segmentation Rule 148','Segmentation Rule 148',1,23);
INSERT INTO SEGMENTION_RULE_VARIABLE (SEGMENTATIONRULEVAR_ID,VALUE,SEGMENTATIONRULE_ID,SEGMENTATIONVAR_ID) SELECT 634,'ANDAMENTO_PEDIDO',148,SEGMENTATIONVAR_ID FROM SEGMENTION_VARIABLE WHERE NAME='OPERACAO';
INSERT INTO SEGMENTION_RULE_VARIABLE (SEGMENTATIONRULEVAR_ID,VALUE,SEGMENTATIONRULE_ID,SEGMENTATIONVAR_ID) SELECT 635,'FIXA_ACOMP_PED_CTA',148,SEGMENTATIONVAR_ID FROM SEGMENTION_VARIABLE WHERE NAME='IVR_GROUP';
INSERT INTO SEGMENTION_RULE_VARIABLE (SEGMENTATIONRULEVAR_ID,VALUE,SEGMENTATIONRULE_ID,SEGMENTATIONVAR_ID) SELECT 636,'OI_FIXO',148,SEGMENTATIONVAR_ID FROM SEGMENTION_VARIABLE WHERE NAME='PRODUTO';
INSERT INTO CALLGROUP (CALLGROUP_ID,DESCRIPTION,LAST_UPDATE_TIMESTAMP,NAME,STATE_ID) VALUES (24,'Callgroup 24 of State R2',SYSDATE,'Callgroup 24 of State R2',14);
INSERT INTO SCHEDULE (SCHEDULE_ID,ENABLE_TYPE,SCHEDULE_END_DATE,SCHEDULE_END_TIME,SCHEDULE_FRIDAY,LAST_UPDATE_TIMESTAMP,SCHEDULE_MONDAY,SCHEDULE_SATURDAY,SCHEDULE_START_DATE,SCHEDULE_START_TIME,SCHEDULE_SUNDAY,SCHEDULE_THURSDAY,SCHEDULE_TUESDAY,SCHEDULE_WEDNESDAY,CALLGROUP_ID,ROUTERULE_ID) VALUES (24,2,null,TO_DATE('2100-12-31 23:59:59','YYYY-MM-DD HH24:MI:SS'),1,SYSDATE,0,1,null,TO_DATE('1970-01-01 00:00:00','YYYY-MM-DD HH24:MI:SS'),1,0,0,0,24,7);
INSERT INTO CALLGROUP_DEST (CALLGROUP_ID,DESTINATION_ID) SELECT 24, DESTINATION_ID FROM DESTINATION WHERE DESTINATION_NUMBER='75336';
INSERT INTO SEGMENTATION_RULE (SEGMENTATIONRULE_ID,ACTIVE,DESCRIPTION,NAME,PRIORITY,CALLGROUP_ID) VALUES (149,1,'Segmentation Rule 149','Segmentation Rule 149',1,24);
INSERT INTO SEGMENTION_RULE_VARIABLE (SEGMENTATIONRULEVAR_ID,VALUE,SEGMENTATIONRULE_ID,SEGMENTATIONVAR_ID) SELECT 637,'ANDAMENTO_PEDIDO',149,SEGMENTATIONVAR_ID FROM SEGMENTION_VARIABLE WHERE NAME='OPERACAO';
INSERT INTO SEGMENTION_RULE_VARIABLE (SEGMENTATIONRULEVAR_ID,VALUE,SEGMENTATIONRULE_ID,SEGMENTATIONVAR_ID) SELECT 638,'TURBO_ACOMP_PED_CTA',149,SEGMENTATIONVAR_ID FROM SEGMENTION_VARIABLE WHERE NAME='IVR_GROUP';
INSERT INTO SEGMENTION_RULE_VARIABLE (SEGMENTATIONRULEVAR_ID,VALUE,SEGMENTATIONRULE_ID,SEGMENTATIONVAR_ID) SELECT 639,'OI_FIXO',149,SEGMENTATIONVAR_ID FROM SEGMENTION_VARIABLE WHERE NAME='PRODUTO';
INSERT INTO CALLGROUP (CALLGROUP_ID,DESCRIPTION,LAST_UPDATE_TIMESTAMP,NAME,STATE_ID) VALUES (25,'Callgroup 25 of State R2',SYSDATE,'Callgroup 25 of State R2',14);
INSERT INTO SCHEDULE (SCHEDULE_ID,ENABLE_TYPE,SCHEDULE_END_DATE,SCHEDULE_END_TIME,SCHEDULE_FRIDAY,LAST_UPDATE_TIMESTAMP,SCHEDULE_MONDAY,SCHEDULE_SATURDAY,SCHEDULE_START_DATE,SCHEDULE_START_TIME,SCHEDULE_SUNDAY,SCHEDULE_THURSDAY,SCHEDULE_TUESDAY,SCHEDULE_WEDNESDAY,CALLGROUP_ID,ROUTERULE_ID) VALUES (25,2,null,TO_DATE('2100-12-31 23:59:59','YYYY-MM-DD HH24:MI:SS'),1,SYSDATE,0,1,null,TO_DATE('1970-01-01 00:00:00','YYYY-MM-DD HH24:MI:SS'),1,0,0,0,25,7);
INSERT INTO CALLGROUP_DEST (CALLGROUP_ID,DESTINATION_ID) SELECT 25, DESTINATION_ID FROM DESTINATION WHERE DESTINATION_NUMBER='21401';
INSERT INTO SEGMENTATION_RULE (SEGMENTATIONRULE_ID,ACTIVE,DESCRIPTION,NAME,PRIORITY,CALLGROUP_ID) VALUES (150,1,'Segmentation Rule 150','Segmentation Rule 150',1,25);
INSERT INTO SEGMENTION_RULE_VARIABLE (SEGMENTATIONRULEVAR_ID,VALUE,SEGMENTATIONRULE_ID,SEGMENTATIONVAR_ID) SELECT 640,'R2',150,SEGMENTATIONVAR_ID FROM SEGMENTION_VARIABLE WHERE NAME='DDD';
INSERT INTO SEGMENTION_RULE_VARIABLE (SEGMENTATIONRULEVAR_ID,VALUE,SEGMENTATIONRULE_ID,SEGMENTATIONVAR_ID) SELECT 641,'ANDAMENTO_PEDIDO',150,SEGMENTATIONVAR_ID FROM SEGMENTION_VARIABLE WHERE NAME='OPERACAO';
INSERT INTO SEGMENTION_RULE_VARIABLE (SEGMENTATIONRULEVAR_ID,VALUE,SEGMENTATIONRULE_ID,SEGMENTATIONVAR_ID) SELECT 642,'MOVEL_ACOMP_PED',150,SEGMENTATIONVAR_ID FROM SEGMENTION_VARIABLE WHERE NAME='IVR_GROUP';
INSERT INTO SEGMENTION_RULE_VARIABLE (SEGMENTATIONRULEVAR_ID,VALUE,SEGMENTATIONRULE_ID,SEGMENTATIONVAR_ID) SELECT 643,'POS_PAGO',150,SEGMENTATIONVAR_ID FROM SEGMENTION_VARIABLE WHERE NAME='PRODUTO';
INSERT INTO LOB (LOB_ID,DESCRIPTION,EMERGENCY_DESTINATION,LAST_UPDATE_TIMESTAMP,NAME) VALUES (8,'Empresarial','123456',SYSDATE,'Empresarial');
INSERT INTO ROUTERULE (ROUTERULE_ID,DESCRIPTION,LAST_UPDATE_TIMESTAMP,NAME,LOB_ID) VALUES (8 /*not nullable*/,'Route Rule 8' /*not nullable*/,SYSDATE /*not nullable*/,'Route Rule 8' /*not nullable*/,8 /*not nullable*/);
INSERT INTO ROUTERULEINTERVAL (RRINTERVAL_ID,ENABLED_FRIDAY,ENABLED_MONDAY,ENABLED_SATURDAY,ENABLED_SUNDAY,ENABLED_THURSDAY,ENABLED_TUESDAY,ENABLED_WEDNESDAY,INTERVAL_FROM,LAST_UPDATE_TIMESTAMP,NAME,INTERVAL_TO,ROUTERULE_ID) VALUES (8,1,1,0,0,1,1,1,TO_DATE('1970-01-01 00:00:00','YYYY-MM-DD HH24:MI:SS'),SYSDATE,'Route Rule Interval 8',TO_DATE('2100-12-31 23:59:59','YYYY-MM-DD HH24:MI:SS'),8);
INSERT INTO RRSITESETTINGS (RRSITESETTINGS_ID,LAST_UPDATE_TIMESTAMP,PERCENTAGE_ALLOCATION,ROUTING_TYPE,RRINTERVAL_ID) VALUES (8,SYSDATE,100,'STATIC',8);
INSERT INTO RRSITESETTINGS_SITE (RRSITESETTINGS_ID,SITE_ID) SELECT 8,SITE_ID FROM SITE;
INSERT INTO RR_SITE (ROUTERULE_ID,SITE_ID) SELECT 8,SITE_ID FROM SITE;
INSERT INTO REGION (REGION_ID,DESCRIPTION,LAST_UPDATE_TIMESTAMP,NAME,LOB_ID) VALUES (15,'Region R1',SYSDATE,'Region R1',8);
INSERT INTO STATE (STATE_ID,DESCRIPTION,LAST_UPDATE_TIMESTAMP,NAME,REGION_ID) VALUES (15,'State R1',SYSDATE,'State R1',15);
INSERT INTO CALLGROUP (CALLGROUP_ID,DESCRIPTION,LAST_UPDATE_TIMESTAMP,NAME,STATE_ID) VALUES (26,'Callgroup 26 of State R1',SYSDATE,'Callgroup 26 of State R1',15);
INSERT INTO SCHEDULE (SCHEDULE_ID,ENABLE_TYPE,SCHEDULE_END_DATE,SCHEDULE_END_TIME,SCHEDULE_FRIDAY,LAST_UPDATE_TIMESTAMP,SCHEDULE_MONDAY,SCHEDULE_SATURDAY,SCHEDULE_START_DATE,SCHEDULE_START_TIME,SCHEDULE_SUNDAY,SCHEDULE_THURSDAY,SCHEDULE_TUESDAY,SCHEDULE_WEDNESDAY,CALLGROUP_ID,ROUTERULE_ID) VALUES (26,2,null,TO_DATE('2100-12-31 23:59:59','YYYY-MM-DD HH24:MI:SS'),1,SYSDATE,0,1,null,TO_DATE('1970-01-01 00:00:00','YYYY-MM-DD HH24:MI:SS'),1,0,0,0,26,8);
INSERT INTO CALLGROUP_DEST (CALLGROUP_ID,DESTINATION_ID) SELECT 26, DESTINATION_ID FROM DESTINATION WHERE DESTINATION_NUMBER='24996';
INSERT INTO SEGMENTATION_RULE (SEGMENTATIONRULE_ID,ACTIVE,DESCRIPTION,NAME,PRIORITY,CALLGROUP_ID) VALUES (151,1,'Segmentation Rule 151','Segmentation Rule 151',1,26);
INSERT INTO SEGMENTION_RULE_VARIABLE (SEGMENTATIONRULEVAR_ID,VALUE,SEGMENTATIONRULE_ID,SEGMENTATIONVAR_ID) SELECT 644,'COMPRA',151,SEGMENTATIONVAR_ID FROM SEGMENTION_VARIABLE WHERE NAME='OPERACAO';
INSERT INTO SEGMENTION_RULE_VARIABLE (SEGMENTATIONRULEVAR_ID,VALUE,SEGMENTATIONRULE_ID,SEGMENTATIONVAR_ID) SELECT 645,'S',151,SEGMENTATIONVAR_ID FROM SEGMENTION_VARIABLE WHERE NAME='POSSUI_OI_FIXO';
INSERT INTO SEGMENTION_RULE_VARIABLE (SEGMENTATIONRULEVAR_ID,VALUE,SEGMENTATIONRULE_ID,SEGMENTATIONVAR_ID) SELECT 646,'TLV_Empresarial_OCTPF',151,SEGMENTATIONVAR_ID FROM SEGMENTION_VARIABLE WHERE NAME='IVR_GROUP';
INSERT INTO SEGMENTION_RULE_VARIABLE (SEGMENTATIONRULEVAR_ID,VALUE,SEGMENTATIONRULE_ID,SEGMENTATIONVAR_ID) SELECT 647,'OI_OCT',151,SEGMENTATIONVAR_ID FROM SEGMENTION_VARIABLE WHERE NAME='PRODUTO';
INSERT INTO CALLGROUP_DEST (CALLGROUP_ID,DESTINATION_ID) SELECT 26, DESTINATION_ID FROM DESTINATION WHERE DESTINATION_NUMBER='24997';
INSERT INTO SEGMENTATION_RULE (SEGMENTATIONRULE_ID,ACTIVE,DESCRIPTION,NAME,PRIORITY,CALLGROUP_ID) VALUES (152,1,'Segmentation Rule 152','Segmentation Rule 152',1,26);
INSERT INTO SEGMENTION_RULE_VARIABLE (SEGMENTATIONRULEVAR_ID,VALUE,SEGMENTATIONRULE_ID,SEGMENTATIONVAR_ID) SELECT 648,'COMPRA',152,SEGMENTATIONVAR_ID FROM SEGMENTION_VARIABLE WHERE NAME='OPERACAO';
INSERT INTO SEGMENTION_RULE_VARIABLE (SEGMENTATIONRULEVAR_ID,VALUE,SEGMENTATIONRULE_ID,SEGMENTATIONVAR_ID) SELECT 649,'S',152,SEGMENTATIONVAR_ID FROM SEGMENTION_VARIABLE WHERE NAME='POSSUI_OI_FIXO';
INSERT INTO SEGMENTION_RULE_VARIABLE (SEGMENTATIONRULEVAR_ID,VALUE,SEGMENTATIONRULE_ID,SEGMENTATIONVAR_ID) SELECT 650,'TLV_Empresarial_OCTPF',152,SEGMENTATIONVAR_ID FROM SEGMENTION_VARIABLE WHERE NAME='IVR_GROUP';
INSERT INTO SEGMENTION_RULE_VARIABLE (SEGMENTATIONRULEVAR_ID,VALUE,SEGMENTATIONRULE_ID,SEGMENTATIONVAR_ID) SELECT 651,'OI_OCT',152,SEGMENTATIONVAR_ID FROM SEGMENTION_VARIABLE WHERE NAME='PRODUTO';
INSERT INTO CALLGROUP_DEST (CALLGROUP_ID,DESTINATION_ID) SELECT 26, DESTINATION_ID FROM DESTINATION WHERE DESTINATION_NUMBER='24995';
INSERT INTO SEGMENTATION_RULE (SEGMENTATIONRULE_ID,ACTIVE,DESCRIPTION,NAME,PRIORITY,CALLGROUP_ID) VALUES (153,1,'Segmentation Rule 153','Segmentation Rule 153',1,26);
INSERT INTO SEGMENTION_RULE_VARIABLE (SEGMENTATIONRULEVAR_ID,VALUE,SEGMENTATIONRULE_ID,SEGMENTATIONVAR_ID) SELECT 652,'COMPRA',153,SEGMENTATIONVAR_ID FROM SEGMENTION_VARIABLE WHERE NAME='OPERACAO';
INSERT INTO SEGMENTION_RULE_VARIABLE (SEGMENTATIONRULEVAR_ID,VALUE,SEGMENTATIONRULE_ID,SEGMENTATIONVAR_ID) SELECT 653,'S',153,SEGMENTATIONVAR_ID FROM SEGMENTION_VARIABLE WHERE NAME='POSSUI_OI_FIXO';
INSERT INTO SEGMENTION_RULE_VARIABLE (SEGMENTATIONRULEVAR_ID,VALUE,SEGMENTATIONRULE_ID,SEGMENTATIONVAR_ID) SELECT 654,'TLV_Empresarial_OCTPF',153,SEGMENTATIONVAR_ID FROM SEGMENTION_VARIABLE WHERE NAME='IVR_GROUP';
INSERT INTO SEGMENTION_RULE_VARIABLE (SEGMENTATIONRULEVAR_ID,VALUE,SEGMENTATIONRULE_ID,SEGMENTATIONVAR_ID) SELECT 655,'OI_OCT',153,SEGMENTATIONVAR_ID FROM SEGMENTION_VARIABLE WHERE NAME='PRODUTO';
INSERT INTO CALLGROUP (CALLGROUP_ID,DESCRIPTION,LAST_UPDATE_TIMESTAMP,NAME,STATE_ID) VALUES (27,'Callgroup 27 of State R1',SYSDATE,'Callgroup 27 of State R1',15);
INSERT INTO SCHEDULE (SCHEDULE_ID,ENABLE_TYPE,SCHEDULE_END_DATE,SCHEDULE_END_TIME,SCHEDULE_FRIDAY,LAST_UPDATE_TIMESTAMP,SCHEDULE_MONDAY,SCHEDULE_SATURDAY,SCHEDULE_START_DATE,SCHEDULE_START_TIME,SCHEDULE_SUNDAY,SCHEDULE_THURSDAY,SCHEDULE_TUESDAY,SCHEDULE_WEDNESDAY,CALLGROUP_ID,ROUTERULE_ID) VALUES (27,2,null,TO_DATE('2100-12-31 23:59:59','YYYY-MM-DD HH24:MI:SS'),1,SYSDATE,0,1,null,TO_DATE('1970-01-01 00:00:00','YYYY-MM-DD HH24:MI:SS'),1,0,0,0,27,8);
INSERT INTO CALLGROUP_DEST (CALLGROUP_ID,DESTINATION_ID) SELECT 27, DESTINATION_ID FROM DESTINATION WHERE DESTINATION_NUMBER='24998';
INSERT INTO SEGMENTATION_RULE (SEGMENTATIONRULE_ID,ACTIVE,DESCRIPTION,NAME,PRIORITY,CALLGROUP_ID) VALUES (154,1,'Segmentation Rule 154','Segmentation Rule 154',1,27);
INSERT INTO SEGMENTION_RULE_VARIABLE (SEGMENTATIONRULEVAR_ID,VALUE,SEGMENTATIONRULE_ID,SEGMENTATIONVAR_ID) SELECT 656,'COMPRA',154,SEGMENTATIONVAR_ID FROM SEGMENTION_VARIABLE WHERE NAME='OPERACAO';
INSERT INTO SEGMENTION_RULE_VARIABLE (SEGMENTATIONRULEVAR_ID,VALUE,SEGMENTATIONRULE_ID,SEGMENTATIONVAR_ID) SELECT 657,'SAC_Empresarial_-_BH',154,SEGMENTATIONVAR_ID FROM SEGMENTION_VARIABLE WHERE NAME='IVR_GROUP';
INSERT INTO SEGMENTION_RULE_VARIABLE (SEGMENTATIONRULEVAR_ID,VALUE,SEGMENTATIONRULE_ID,SEGMENTATIONVAR_ID) SELECT 658,'OUTROS',154,SEGMENTATIONVAR_ID FROM SEGMENTION_VARIABLE WHERE NAME='PRODUTO';
INSERT INTO CALLGROUP (CALLGROUP_ID,DESCRIPTION,LAST_UPDATE_TIMESTAMP,NAME,STATE_ID) VALUES (28,'Callgroup 28 of State R1',SYSDATE,'Callgroup 28 of State R1',15);
INSERT INTO SCHEDULE (SCHEDULE_ID,ENABLE_TYPE,SCHEDULE_END_DATE,SCHEDULE_END_TIME,SCHEDULE_FRIDAY,LAST_UPDATE_TIMESTAMP,SCHEDULE_MONDAY,SCHEDULE_SATURDAY,SCHEDULE_START_DATE,SCHEDULE_START_TIME,SCHEDULE_SUNDAY,SCHEDULE_THURSDAY,SCHEDULE_TUESDAY,SCHEDULE_WEDNESDAY,CALLGROUP_ID,ROUTERULE_ID) VALUES (28,2,null,TO_DATE('2100-12-31 23:59:59','YYYY-MM-DD HH24:MI:SS'),1,SYSDATE,0,1,null,TO_DATE('1970-01-01 00:00:00','YYYY-MM-DD HH24:MI:SS'),1,0,0,0,28,8);
INSERT INTO CALLGROUP_DEST (CALLGROUP_ID,DESTINATION_ID) SELECT 28, DESTINATION_ID FROM DESTINATION WHERE DESTINATION_NUMBER='24994';
INSERT INTO SEGMENTATION_RULE (SEGMENTATIONRULE_ID,ACTIVE,DESCRIPTION,NAME,PRIORITY,CALLGROUP_ID) VALUES (155,1,'Segmentation Rule 155','Segmentation Rule 155',1,28);
INSERT INTO SEGMENTION_RULE_VARIABLE (SEGMENTATIONRULEVAR_ID,VALUE,SEGMENTATIONRULE_ID,SEGMENTATIONVAR_ID) SELECT 659,'COMPRA',155,SEGMENTATIONVAR_ID FROM SEGMENTION_VARIABLE WHERE NAME='OPERACAO';
INSERT INTO SEGMENTION_RULE_VARIABLE (SEGMENTATIONRULEVAR_ID,VALUE,SEGMENTATIONRULE_ID,SEGMENTATIONVAR_ID) SELECT 660,'TLV_Empresarial',155,SEGMENTATIONVAR_ID FROM SEGMENTION_VARIABLE WHERE NAME='IVR_GROUP';
INSERT INTO SEGMENTION_RULE_VARIABLE (SEGMENTATIONRULEVAR_ID,VALUE,SEGMENTATIONRULE_ID,SEGMENTATIONVAR_ID) SELECT 661,'OI_FIXO',155,SEGMENTATIONVAR_ID FROM SEGMENTION_VARIABLE WHERE NAME='PRODUTO';
INSERT INTO CALLGROUP_DEST (CALLGROUP_ID,DESTINATION_ID) SELECT 28, DESTINATION_ID FROM DESTINATION WHERE DESTINATION_NUMBER='24992';
INSERT INTO SEGMENTATION_RULE (SEGMENTATIONRULE_ID,ACTIVE,DESCRIPTION,NAME,PRIORITY,CALLGROUP_ID) VALUES (156,1,'Segmentation Rule 156','Segmentation Rule 156',1,28);
INSERT INTO SEGMENTION_RULE_VARIABLE (SEGMENTATIONRULEVAR_ID,VALUE,SEGMENTATIONRULE_ID,SEGMENTATIONVAR_ID) SELECT 662,'COMPRA',156,SEGMENTATIONVAR_ID FROM SEGMENTION_VARIABLE WHERE NAME='OPERACAO';
INSERT INTO SEGMENTION_RULE_VARIABLE (SEGMENTATIONRULEVAR_ID,VALUE,SEGMENTATIONRULE_ID,SEGMENTATIONVAR_ID) SELECT 663,'TLV_Empresarial',156,SEGMENTATIONVAR_ID FROM SEGMENTION_VARIABLE WHERE NAME='IVR_GROUP';
INSERT INTO SEGMENTION_RULE_VARIABLE (SEGMENTATIONRULEVAR_ID,VALUE,SEGMENTATIONRULE_ID,SEGMENTATIONVAR_ID) SELECT 664,'OI_FIXO',156,SEGMENTATIONVAR_ID FROM SEGMENTION_VARIABLE WHERE NAME='PRODUTO';
INSERT INTO CALLGROUP_DEST (CALLGROUP_ID,DESTINATION_ID) SELECT 28, DESTINATION_ID FROM DESTINATION WHERE DESTINATION_NUMBER='24993';
INSERT INTO SEGMENTATION_RULE (SEGMENTATIONRULE_ID,ACTIVE,DESCRIPTION,NAME,PRIORITY,CALLGROUP_ID) VALUES (157,1,'Segmentation Rule 157','Segmentation Rule 157',1,28);
INSERT INTO SEGMENTION_RULE_VARIABLE (SEGMENTATIONRULEVAR_ID,VALUE,SEGMENTATIONRULE_ID,SEGMENTATIONVAR_ID) SELECT 665,'COMPRA',157,SEGMENTATIONVAR_ID FROM SEGMENTION_VARIABLE WHERE NAME='OPERACAO';
INSERT INTO SEGMENTION_RULE_VARIABLE (SEGMENTATIONRULEVAR_ID,VALUE,SEGMENTATIONRULE_ID,SEGMENTATIONVAR_ID) SELECT 666,'TLV_Empresarial',157,SEGMENTATIONVAR_ID FROM SEGMENTION_VARIABLE WHERE NAME='IVR_GROUP';
INSERT INTO SEGMENTION_RULE_VARIABLE (SEGMENTATIONRULEVAR_ID,VALUE,SEGMENTATIONRULE_ID,SEGMENTATIONVAR_ID) SELECT 667,'OI_FIXO',157,SEGMENTATIONVAR_ID FROM SEGMENTION_VARIABLE WHERE NAME='PRODUTO';
INSERT INTO CALLGROUP_DEST (CALLGROUP_ID,DESTINATION_ID) SELECT 28, DESTINATION_ID FROM DESTINATION WHERE DESTINATION_NUMBER='24991';
INSERT INTO SEGMENTATION_RULE (SEGMENTATIONRULE_ID,ACTIVE,DESCRIPTION,NAME,PRIORITY,CALLGROUP_ID) VALUES (158,1,'Segmentation Rule 158','Segmentation Rule 158',1,28);
INSERT INTO SEGMENTION_RULE_VARIABLE (SEGMENTATIONRULEVAR_ID,VALUE,SEGMENTATIONRULE_ID,SEGMENTATIONVAR_ID) SELECT 668,'COMPRA',158,SEGMENTATIONVAR_ID FROM SEGMENTION_VARIABLE WHERE NAME='OPERACAO';
INSERT INTO SEGMENTION_RULE_VARIABLE (SEGMENTATIONRULEVAR_ID,VALUE,SEGMENTATIONRULE_ID,SEGMENTATIONVAR_ID) SELECT 669,'TLV_Empresarial',158,SEGMENTATIONVAR_ID FROM SEGMENTION_VARIABLE WHERE NAME='IVR_GROUP';
INSERT INTO SEGMENTION_RULE_VARIABLE (SEGMENTATIONRULEVAR_ID,VALUE,SEGMENTATIONRULE_ID,SEGMENTATIONVAR_ID) SELECT 670,'OI_FIXO',158,SEGMENTATIONVAR_ID FROM SEGMENTION_VARIABLE WHERE NAME='PRODUTO';
INSERT INTO CALLGROUP_DEST (CALLGROUP_ID,DESTINATION_ID) SELECT 28, DESTINATION_ID FROM DESTINATION WHERE DESTINATION_NUMBER='24999';
INSERT INTO SEGMENTATION_RULE (SEGMENTATIONRULE_ID,ACTIVE,DESCRIPTION,NAME,PRIORITY,CALLGROUP_ID) VALUES (159,1,'Segmentation Rule 159','Segmentation Rule 159',1,28);
INSERT INTO SEGMENTION_RULE_VARIABLE (SEGMENTATIONRULEVAR_ID,VALUE,SEGMENTATIONRULE_ID,SEGMENTATIONVAR_ID) SELECT 671,'COMPRA',159,SEGMENTATIONVAR_ID FROM SEGMENTION_VARIABLE WHERE NAME='OPERACAO';
INSERT INTO SEGMENTION_RULE_VARIABLE (SEGMENTATIONRULEVAR_ID,VALUE,SEGMENTATIONRULE_ID,SEGMENTATIONVAR_ID) SELECT 672,'TLV_Empresarial',159,SEGMENTATIONVAR_ID FROM SEGMENTION_VARIABLE WHERE NAME='IVR_GROUP';
INSERT INTO SEGMENTION_RULE_VARIABLE (SEGMENTATIONRULEVAR_ID,VALUE,SEGMENTATIONRULE_ID,SEGMENTATIONVAR_ID) SELECT 673,'OI_FIXO',159,SEGMENTATIONVAR_ID FROM SEGMENTION_VARIABLE WHERE NAME='PRODUTO';
INSERT INTO CALLGROUP_DEST (CALLGROUP_ID,DESTINATION_ID) SELECT 28, DESTINATION_ID FROM DESTINATION WHERE DESTINATION_NUMBER='27538';
INSERT INTO SEGMENTATION_RULE (SEGMENTATIONRULE_ID,ACTIVE,DESCRIPTION,NAME,PRIORITY,CALLGROUP_ID) VALUES (160,1,'Segmentation Rule 160','Segmentation Rule 160',1,28);
INSERT INTO SEGMENTION_RULE_VARIABLE (SEGMENTATIONRULEVAR_ID,VALUE,SEGMENTATIONRULE_ID,SEGMENTATIONVAR_ID) SELECT 674,'COMPRA',160,SEGMENTATIONVAR_ID FROM SEGMENTION_VARIABLE WHERE NAME='OPERACAO';
INSERT INTO SEGMENTION_RULE_VARIABLE (SEGMENTATIONRULEVAR_ID,VALUE,SEGMENTATIONRULE_ID,SEGMENTATIONVAR_ID) SELECT 675,'TLV_Empresarial',160,SEGMENTATIONVAR_ID FROM SEGMENTION_VARIABLE WHERE NAME='IVR_GROUP';
INSERT INTO SEGMENTION_RULE_VARIABLE (SEGMENTATIONRULEVAR_ID,VALUE,SEGMENTATIONRULE_ID,SEGMENTATIONVAR_ID) SELECT 676,'OI_FIXO',160,SEGMENTATIONVAR_ID FROM SEGMENTION_VARIABLE WHERE NAME='PRODUTO';
INSERT INTO LOB (LOB_ID,DESCRIPTION,EMERGENCY_DESTINATION,LAST_UPDATE_TIMESTAMP,NAME) VALUES (9,'AndamentoPedidoEmpresarial','123456',SYSDATE,'AndamentoPedidoEmpresarial');
INSERT INTO ROUTERULE (ROUTERULE_ID,DESCRIPTION,LAST_UPDATE_TIMESTAMP,NAME,LOB_ID) VALUES (9 /*not nullable*/,'Route Rule 9' /*not nullable*/,SYSDATE /*not nullable*/,'Route Rule 9' /*not nullable*/,9 /*not nullable*/);
INSERT INTO ROUTERULEINTERVAL (RRINTERVAL_ID,ENABLED_FRIDAY,ENABLED_MONDAY,ENABLED_SATURDAY,ENABLED_SUNDAY,ENABLED_THURSDAY,ENABLED_TUESDAY,ENABLED_WEDNESDAY,INTERVAL_FROM,LAST_UPDATE_TIMESTAMP,NAME,INTERVAL_TO,ROUTERULE_ID) VALUES (9,1,1,0,0,1,1,1,TO_DATE('1970-01-01 00:00:00','YYYY-MM-DD HH24:MI:SS'),SYSDATE,'Route Rule Interval 9',TO_DATE('2100-12-31 23:59:59','YYYY-MM-DD HH24:MI:SS'),9);
INSERT INTO RRSITESETTINGS (RRSITESETTINGS_ID,LAST_UPDATE_TIMESTAMP,PERCENTAGE_ALLOCATION,ROUTING_TYPE,RRINTERVAL_ID) VALUES (9,SYSDATE,100,'STATIC',9);
INSERT INTO RRSITESETTINGS_SITE (RRSITESETTINGS_ID,SITE_ID) SELECT 9,SITE_ID FROM SITE;
INSERT INTO RR_SITE (ROUTERULE_ID,SITE_ID) SELECT 9,SITE_ID FROM SITE;
INSERT INTO REGION (REGION_ID,DESCRIPTION,LAST_UPDATE_TIMESTAMP,NAME,LOB_ID) VALUES (16,'Region R1',SYSDATE,'Region R1',9);
INSERT INTO STATE (STATE_ID,DESCRIPTION,LAST_UPDATE_TIMESTAMP,NAME,REGION_ID) VALUES (16,'State R1',SYSDATE,'State R1',16);
INSERT INTO CALLGROUP (CALLGROUP_ID,DESCRIPTION,LAST_UPDATE_TIMESTAMP,NAME,STATE_ID) VALUES (29,'Callgroup 29 of State R1',SYSDATE,'Callgroup 29 of State R1',16);
INSERT INTO SCHEDULE (SCHEDULE_ID,ENABLE_TYPE,SCHEDULE_END_DATE,SCHEDULE_END_TIME,SCHEDULE_FRIDAY,LAST_UPDATE_TIMESTAMP,SCHEDULE_MONDAY,SCHEDULE_SATURDAY,SCHEDULE_START_DATE,SCHEDULE_START_TIME,SCHEDULE_SUNDAY,SCHEDULE_THURSDAY,SCHEDULE_TUESDAY,SCHEDULE_WEDNESDAY,CALLGROUP_ID,ROUTERULE_ID) VALUES (29,2,null,TO_DATE('2100-12-31 23:59:59','YYYY-MM-DD HH24:MI:SS'),1,SYSDATE,0,1,null,TO_DATE('1970-01-01 00:00:00','YYYY-MM-DD HH24:MI:SS'),1,0,0,0,29,9);
INSERT INTO CALLGROUP_DEST (CALLGROUP_ID,DESTINATION_ID) SELECT 29, DESTINATION_ID FROM DESTINATION WHERE DESTINATION_NUMBER='27520';
INSERT INTO SEGMENTATION_RULE (SEGMENTATIONRULE_ID,ACTIVE,DESCRIPTION,NAME,PRIORITY,CALLGROUP_ID) VALUES (161,1,'Segmentation Rule 161','Segmentation Rule 161',1,29);
INSERT INTO SEGMENTION_RULE_VARIABLE (SEGMENTATIONRULEVAR_ID,VALUE,SEGMENTATIONRULE_ID,SEGMENTATIONVAR_ID) SELECT 677,'ANDAMENTO_PEDIDO',161,SEGMENTATIONVAR_ID FROM SEGMENTION_VARIABLE WHERE NAME='OPERACAO';
INSERT INTO SEGMENTION_RULE_VARIABLE (SEGMENTATIONRULEVAR_ID,VALUE,SEGMENTATIONRULE_ID,SEGMENTATIONVAR_ID) SELECT 678,'AC_Empresarial_3G',161,SEGMENTATIONVAR_ID FROM SEGMENTION_VARIABLE WHERE NAME='IVR_GROUP';
INSERT INTO SEGMENTION_RULE_VARIABLE (SEGMENTATIONRULEVAR_ID,VALUE,SEGMENTATIONRULE_ID,SEGMENTATIONVAR_ID) SELECT 679,'OI_INTERNET_3G',161,SEGMENTATIONVAR_ID FROM SEGMENTION_VARIABLE WHERE NAME='PRODUTO';
INSERT INTO CALLGROUP (CALLGROUP_ID,DESCRIPTION,LAST_UPDATE_TIMESTAMP,NAME,STATE_ID) VALUES (30,'Callgroup 30 of State R1',SYSDATE,'Callgroup 30 of State R1',16);
INSERT INTO SCHEDULE (SCHEDULE_ID,ENABLE_TYPE,SCHEDULE_END_DATE,SCHEDULE_END_TIME,SCHEDULE_FRIDAY,LAST_UPDATE_TIMESTAMP,SCHEDULE_MONDAY,SCHEDULE_SATURDAY,SCHEDULE_START_DATE,SCHEDULE_START_TIME,SCHEDULE_SUNDAY,SCHEDULE_THURSDAY,SCHEDULE_TUESDAY,SCHEDULE_WEDNESDAY,CALLGROUP_ID,ROUTERULE_ID) VALUES (30,2,null,TO_DATE('2100-12-31 23:59:59','YYYY-MM-DD HH24:MI:SS'),1,SYSDATE,0,1,null,TO_DATE('1970-01-01 00:00:00','YYYY-MM-DD HH24:MI:SS'),1,0,0,0,30,9);
INSERT INTO CALLGROUP_DEST (CALLGROUP_ID,DESTINATION_ID) SELECT 30, DESTINATION_ID FROM DESTINATION WHERE DESTINATION_NUMBER='24987';
INSERT INTO SEGMENTATION_RULE (SEGMENTATIONRULE_ID,ACTIVE,DESCRIPTION,NAME,PRIORITY,CALLGROUP_ID) VALUES (162,1,'Segmentation Rule 162','Segmentation Rule 162',1,30);
INSERT INTO SEGMENTION_RULE_VARIABLE (SEGMENTATIONRULEVAR_ID,VALUE,SEGMENTATIONRULE_ID,SEGMENTATIONVAR_ID) SELECT 680,'ANDAMENTO_PEDIDO',162,SEGMENTATIONVAR_ID FROM SEGMENTION_VARIABLE WHERE NAME='OPERACAO';
INSERT INTO SEGMENTION_RULE_VARIABLE (SEGMENTATIONRULEVAR_ID,VALUE,SEGMENTATIONRULE_ID,SEGMENTATIONVAR_ID) SELECT 681,'AC_Empresarial_Movel',162,SEGMENTATIONVAR_ID FROM SEGMENTION_VARIABLE WHERE NAME='IVR_GROUP';
INSERT INTO SEGMENTION_RULE_VARIABLE (SEGMENTATIONRULEVAR_ID,VALUE,SEGMENTATIONRULE_ID,SEGMENTATIONVAR_ID) SELECT 682,'OI_VELOX',162,SEGMENTATIONVAR_ID FROM SEGMENTION_VARIABLE WHERE NAME='PRODUTO';
INSERT INTO CALLGROUP_DEST (CALLGROUP_ID,DESTINATION_ID) SELECT 30, DESTINATION_ID FROM DESTINATION WHERE DESTINATION_NUMBER='24988';
INSERT INTO SEGMENTATION_RULE (SEGMENTATIONRULE_ID,ACTIVE,DESCRIPTION,NAME,PRIORITY,CALLGROUP_ID) VALUES (163,1,'Segmentation Rule 163','Segmentation Rule 163',1,30);
INSERT INTO SEGMENTION_RULE_VARIABLE (SEGMENTATIONRULEVAR_ID,VALUE,SEGMENTATIONRULE_ID,SEGMENTATIONVAR_ID) SELECT 683,'ANDAMENTO_PEDIDO',163,SEGMENTATIONVAR_ID FROM SEGMENTION_VARIABLE WHERE NAME='OPERACAO';
INSERT INTO SEGMENTION_RULE_VARIABLE (SEGMENTATIONRULEVAR_ID,VALUE,SEGMENTATIONRULE_ID,SEGMENTATIONVAR_ID) SELECT 684,'AC_Empresarial_Movel',163,SEGMENTATIONVAR_ID FROM SEGMENTION_VARIABLE WHERE NAME='IVR_GROUP';
INSERT INTO SEGMENTION_RULE_VARIABLE (SEGMENTATIONRULEVAR_ID,VALUE,SEGMENTATIONRULE_ID,SEGMENTATIONVAR_ID) SELECT 685,'OI_VELOX',163,SEGMENTATIONVAR_ID FROM SEGMENTION_VARIABLE WHERE NAME='PRODUTO';
INSERT INTO CALLGROUP (CALLGROUP_ID,DESCRIPTION,LAST_UPDATE_TIMESTAMP,NAME,STATE_ID) VALUES (31,'Callgroup 31 of State R1',SYSDATE,'Callgroup 31 of State R1',16);
INSERT INTO SCHEDULE (SCHEDULE_ID,ENABLE_TYPE,SCHEDULE_END_DATE,SCHEDULE_END_TIME,SCHEDULE_FRIDAY,LAST_UPDATE_TIMESTAMP,SCHEDULE_MONDAY,SCHEDULE_SATURDAY,SCHEDULE_START_DATE,SCHEDULE_START_TIME,SCHEDULE_SUNDAY,SCHEDULE_THURSDAY,SCHEDULE_TUESDAY,SCHEDULE_WEDNESDAY,CALLGROUP_ID,ROUTERULE_ID) VALUES (31,2,null,TO_DATE('2100-12-31 23:59:59','YYYY-MM-DD HH24:MI:SS'),1,SYSDATE,0,1,null,TO_DATE('1970-01-01 00:00:00','YYYY-MM-DD HH24:MI:SS'),1,0,0,0,31,9);
INSERT INTO CALLGROUP_DEST (CALLGROUP_ID,DESTINATION_ID) SELECT 31, DESTINATION_ID FROM DESTINATION WHERE DESTINATION_NUMBER='24986';
INSERT INTO SEGMENTATION_RULE (SEGMENTATIONRULE_ID,ACTIVE,DESCRIPTION,NAME,PRIORITY,CALLGROUP_ID) VALUES (164,1,'Segmentation Rule 164','Segmentation Rule 164',1,31);
INSERT INTO SEGMENTION_RULE_VARIABLE (SEGMENTATIONRULEVAR_ID,VALUE,SEGMENTATIONRULE_ID,SEGMENTATIONVAR_ID) SELECT 686,'ANDAMENTO_PEDIDO',164,SEGMENTATIONVAR_ID FROM SEGMENTION_VARIABLE WHERE NAME='OPERACAO';
INSERT INTO SEGMENTION_RULE_VARIABLE (SEGMENTATIONRULEVAR_ID,VALUE,SEGMENTATIONRULE_ID,SEGMENTATIONVAR_ID) SELECT 687,'AC_Empresarial_Fixo',164,SEGMENTATIONVAR_ID FROM SEGMENTION_VARIABLE WHERE NAME='IVR_GROUP';
INSERT INTO SEGMENTION_RULE_VARIABLE (SEGMENTATIONRULEVAR_ID,VALUE,SEGMENTATIONRULE_ID,SEGMENTATIONVAR_ID) SELECT 688,'OI_FIXO',164,SEGMENTATIONVAR_ID FROM SEGMENTION_VARIABLE WHERE NAME='PRODUTO';
INSERT INTO CALLGROUP (CALLGROUP_ID,DESCRIPTION,LAST_UPDATE_TIMESTAMP,NAME,STATE_ID) VALUES (32,'Callgroup 32 of State R1',SYSDATE,'Callgroup 32 of State R1',16);
INSERT INTO SCHEDULE (SCHEDULE_ID,ENABLE_TYPE,SCHEDULE_END_DATE,SCHEDULE_END_TIME,SCHEDULE_FRIDAY,LAST_UPDATE_TIMESTAMP,SCHEDULE_MONDAY,SCHEDULE_SATURDAY,SCHEDULE_START_DATE,SCHEDULE_START_TIME,SCHEDULE_SUNDAY,SCHEDULE_THURSDAY,SCHEDULE_TUESDAY,SCHEDULE_WEDNESDAY,CALLGROUP_ID,ROUTERULE_ID) VALUES (32,2,null,TO_DATE('2100-12-31 23:59:59','YYYY-MM-DD HH24:MI:SS'),1,SYSDATE,0,1,null,TO_DATE('1970-01-01 00:00:00','YYYY-MM-DD HH24:MI:SS'),1,0,0,0,32,9);
INSERT INTO CALLGROUP_DEST (CALLGROUP_ID,DESTINATION_ID) SELECT 32, DESTINATION_ID FROM DESTINATION WHERE DESTINATION_NUMBER='24989';
INSERT INTO SEGMENTATION_RULE (SEGMENTATIONRULE_ID,ACTIVE,DESCRIPTION,NAME,PRIORITY,CALLGROUP_ID) VALUES (165,1,'Segmentation Rule 165','Segmentation Rule 165',1,32);
INSERT INTO SEGMENTION_RULE_VARIABLE (SEGMENTATIONRULEVAR_ID,VALUE,SEGMENTATIONRULE_ID,SEGMENTATIONVAR_ID) SELECT 689,'ANDAMENTO_PEDIDO',165,SEGMENTATIONVAR_ID FROM SEGMENTION_VARIABLE WHERE NAME='OPERACAO';
INSERT INTO SEGMENTION_RULE_VARIABLE (SEGMENTATIONRULEVAR_ID,VALUE,SEGMENTATIONRULE_ID,SEGMENTATIONVAR_ID) SELECT 690,'AC_Empresarial_OCT',165,SEGMENTATIONVAR_ID FROM SEGMENTION_VARIABLE WHERE NAME='IVR_GROUP';
INSERT INTO SEGMENTION_RULE_VARIABLE (SEGMENTATIONRULEVAR_ID,VALUE,SEGMENTATIONRULE_ID,SEGMENTATIONVAR_ID) SELECT 691,'OI_OCT',165,SEGMENTATIONVAR_ID FROM SEGMENTION_VARIABLE WHERE NAME='PRODUTO';
INSERT INTO CALLGROUP_DEST (CALLGROUP_ID,DESTINATION_ID) SELECT 32, DESTINATION_ID FROM DESTINATION WHERE DESTINATION_NUMBER='24990';
INSERT INTO SEGMENTATION_RULE (SEGMENTATIONRULE_ID,ACTIVE,DESCRIPTION,NAME,PRIORITY,CALLGROUP_ID) VALUES (166,1,'Segmentation Rule 166','Segmentation Rule 166',1,32);
INSERT INTO SEGMENTION_RULE_VARIABLE (SEGMENTATIONRULEVAR_ID,VALUE,SEGMENTATIONRULE_ID,SEGMENTATIONVAR_ID) SELECT 692,'ANDAMENTO_PEDIDO',166,SEGMENTATIONVAR_ID FROM SEGMENTION_VARIABLE WHERE NAME='OPERACAO';
INSERT INTO SEGMENTION_RULE_VARIABLE (SEGMENTATIONRULEVAR_ID,VALUE,SEGMENTATIONRULE_ID,SEGMENTATIONVAR_ID) SELECT 693,'AC_Empresarial_OCT',166,SEGMENTATIONVAR_ID FROM SEGMENTION_VARIABLE WHERE NAME='IVR_GROUP';
INSERT INTO SEGMENTION_RULE_VARIABLE (SEGMENTATIONRULEVAR_ID,VALUE,SEGMENTATIONRULE_ID,SEGMENTATIONVAR_ID) SELECT 694,'OI_OCT',166,SEGMENTATIONVAR_ID FROM SEGMENTION_VARIABLE WHERE NAME='PRODUTO';
INSERT INTO LOB (LOB_ID,DESCRIPTION,EMERGENCY_DESTINATION,LAST_UPDATE_TIMESTAMP,NAME) VALUES (10,'ContingenciaGeral','123456',SYSDATE,'ContingenciaGeral');
INSERT INTO ROUTERULE (ROUTERULE_ID,DESCRIPTION,LAST_UPDATE_TIMESTAMP,NAME,LOB_ID) VALUES (10 /*not nullable*/,'Route Rule 10' /*not nullable*/,SYSDATE /*not nullable*/,'Route Rule 10' /*not nullable*/,10 /*not nullable*/);
INSERT INTO ROUTERULEINTERVAL (RRINTERVAL_ID,ENABLED_FRIDAY,ENABLED_MONDAY,ENABLED_SATURDAY,ENABLED_SUNDAY,ENABLED_THURSDAY,ENABLED_TUESDAY,ENABLED_WEDNESDAY,INTERVAL_FROM,LAST_UPDATE_TIMESTAMP,NAME,INTERVAL_TO,ROUTERULE_ID) VALUES (10,1,1,0,0,1,1,1,TO_DATE('1970-01-01 00:00:00','YYYY-MM-DD HH24:MI:SS'),SYSDATE,'Route Rule Interval 10',TO_DATE('2100-12-31 23:59:59','YYYY-MM-DD HH24:MI:SS'),10);
INSERT INTO RRSITESETTINGS (RRSITESETTINGS_ID,LAST_UPDATE_TIMESTAMP,PERCENTAGE_ALLOCATION,ROUTING_TYPE,RRINTERVAL_ID) VALUES (10,SYSDATE,100,'STATIC',10);
INSERT INTO RRSITESETTINGS_SITE (RRSITESETTINGS_ID,SITE_ID) SELECT 10,SITE_ID FROM SITE;
INSERT INTO RR_SITE (ROUTERULE_ID,SITE_ID) SELECT 10,SITE_ID FROM SITE;
INSERT INTO REGION (REGION_ID,DESCRIPTION,LAST_UPDATE_TIMESTAMP,NAME,LOB_ID) VALUES (17,'Region R1',SYSDATE,'Region R1',10);
INSERT INTO STATE (STATE_ID,DESCRIPTION,LAST_UPDATE_TIMESTAMP,NAME,REGION_ID) VALUES (17,'State R1',SYSDATE,'State R1',17);
INSERT INTO CALLGROUP (CALLGROUP_ID,DESCRIPTION,LAST_UPDATE_TIMESTAMP,NAME,STATE_ID) VALUES (33,'Callgroup 33 of State R1',SYSDATE,'Callgroup 33 of State R1',17);
INSERT INTO SCHEDULE (SCHEDULE_ID,ENABLE_TYPE,SCHEDULE_END_DATE,SCHEDULE_END_TIME,SCHEDULE_FRIDAY,LAST_UPDATE_TIMESTAMP,SCHEDULE_MONDAY,SCHEDULE_SATURDAY,SCHEDULE_START_DATE,SCHEDULE_START_TIME,SCHEDULE_SUNDAY,SCHEDULE_THURSDAY,SCHEDULE_TUESDAY,SCHEDULE_WEDNESDAY,CALLGROUP_ID,ROUTERULE_ID) VALUES (33,2,null,TO_DATE('2100-12-31 23:59:59','YYYY-MM-DD HH24:MI:SS'),1,SYSDATE,0,1,null,TO_DATE('1970-01-01 00:00:00','YYYY-MM-DD HH24:MI:SS'),1,0,0,0,33,10);
INSERT INTO CALLGROUP_DEST (CALLGROUP_ID,DESTINATION_ID) SELECT 33, DESTINATION_ID FROM DESTINATION WHERE DESTINATION_NUMBER='27192';
INSERT INTO SEGMENTATION_RULE (SEGMENTATIONRULE_ID,ACTIVE,DESCRIPTION,NAME,PRIORITY,CALLGROUP_ID) VALUES (167,1,'Segmentation Rule 167','Segmentation Rule 167',1,33);
INSERT INTO SEGMENTION_RULE_VARIABLE (SEGMENTATIONRULEVAR_ID,VALUE,SEGMENTATIONRULE_ID,SEGMENTATIONVAR_ID) SELECT 695,'R1',167,SEGMENTATIONVAR_ID FROM SEGMENTION_VARIABLE WHERE NAME='DDD';
INSERT INTO SEGMENTION_RULE_VARIABLE (SEGMENTATIONRULEVAR_ID,VALUE,SEGMENTATIONRULE_ID,SEGMENTATIONVAR_ID) SELECT 696,'CANAL_FIXO',167,SEGMENTATIONVAR_ID FROM SEGMENTION_VARIABLE WHERE NAME='ORIGEM';
INSERT INTO SEGMENTION_RULE_VARIABLE (SEGMENTATIONRULEVAR_ID,VALUE,SEGMENTATIONRULE_ID,SEGMENTATIONVAR_ID) SELECT 697,'TLV_Fixo_-_Velox_BA',167,SEGMENTATIONVAR_ID FROM SEGMENTION_VARIABLE WHERE NAME='IVR_GROUP';
INSERT INTO CALLGROUP (CALLGROUP_ID,DESCRIPTION,LAST_UPDATE_TIMESTAMP,NAME,STATE_ID) VALUES (34,'Callgroup 34 of State R1',SYSDATE,'Callgroup 34 of State R1',17);
INSERT INTO SCHEDULE (SCHEDULE_ID,ENABLE_TYPE,SCHEDULE_END_DATE,SCHEDULE_END_TIME,SCHEDULE_FRIDAY,LAST_UPDATE_TIMESTAMP,SCHEDULE_MONDAY,SCHEDULE_SATURDAY,SCHEDULE_START_DATE,SCHEDULE_START_TIME,SCHEDULE_SUNDAY,SCHEDULE_THURSDAY,SCHEDULE_TUESDAY,SCHEDULE_WEDNESDAY,CALLGROUP_ID,ROUTERULE_ID) VALUES (34,2,null,TO_DATE('2100-12-31 23:59:59','YYYY-MM-DD HH24:MI:SS'),1,SYSDATE,0,1,null,TO_DATE('1970-01-01 00:00:00','YYYY-MM-DD HH24:MI:SS'),1,0,0,0,34,10);
INSERT INTO CALLGROUP_DEST (CALLGROUP_ID,DESTINATION_ID) SELECT 34, DESTINATION_ID FROM DESTINATION WHERE DESTINATION_NUMBER='27184';
INSERT INTO SEGMENTATION_RULE (SEGMENTATIONRULE_ID,ACTIVE,DESCRIPTION,NAME,PRIORITY,CALLGROUP_ID) VALUES (168,1,'Segmentation Rule 168','Segmentation Rule 168',1,34);
INSERT INTO SEGMENTION_RULE_VARIABLE (SEGMENTATIONRULEVAR_ID,VALUE,SEGMENTATIONRULE_ID,SEGMENTATIONVAR_ID) SELECT 698,'R1',168,SEGMENTATIONVAR_ID FROM SEGMENTION_VARIABLE WHERE NAME='DDD';
INSERT INTO SEGMENTION_RULE_VARIABLE (SEGMENTATIONRULEVAR_ID,VALUE,SEGMENTATIONRULE_ID,SEGMENTATIONVAR_ID) SELECT 699,'CANAL_MOVEL',168,SEGMENTATIONVAR_ID FROM SEGMENTION_VARIABLE WHERE NAME='ORIGEM';
INSERT INTO SEGMENTION_RULE_VARIABLE (SEGMENTATIONRULEVAR_ID,VALUE,SEGMENTATIONRULE_ID,SEGMENTATIONVAR_ID) SELECT 700,'TLV_Pos',168,SEGMENTATIONVAR_ID FROM SEGMENTION_VARIABLE WHERE NAME='IVR_GROUP';
INSERT INTO CALLGROUP (CALLGROUP_ID,DESCRIPTION,LAST_UPDATE_TIMESTAMP,NAME,STATE_ID) VALUES (35,'Callgroup 35 of State R1',SYSDATE,'Callgroup 35 of State R1',17);
INSERT INTO SCHEDULE (SCHEDULE_ID,ENABLE_TYPE,SCHEDULE_END_DATE,SCHEDULE_END_TIME,SCHEDULE_FRIDAY,LAST_UPDATE_TIMESTAMP,SCHEDULE_MONDAY,SCHEDULE_SATURDAY,SCHEDULE_START_DATE,SCHEDULE_START_TIME,SCHEDULE_SUNDAY,SCHEDULE_THURSDAY,SCHEDULE_TUESDAY,SCHEDULE_WEDNESDAY,CALLGROUP_ID,ROUTERULE_ID) VALUES (35,2,null,TO_DATE('2100-12-31 23:59:59','YYYY-MM-DD HH24:MI:SS'),1,SYSDATE,0,1,null,TO_DATE('1970-01-01 00:00:00','YYYY-MM-DD HH24:MI:SS'),1,0,0,0,35,10);
INSERT INTO CALLGROUP_DEST (CALLGROUP_ID,DESTINATION_ID) SELECT 35, DESTINATION_ID FROM DESTINATION WHERE DESTINATION_NUMBER='27961';
INSERT INTO SEGMENTATION_RULE (SEGMENTATIONRULE_ID,ACTIVE,DESCRIPTION,NAME,PRIORITY,CALLGROUP_ID) VALUES (169,1,'Segmentation Rule 169','Segmentation Rule 169',1,35);
INSERT INTO SEGMENTION_RULE_VARIABLE (SEGMENTATIONRULEVAR_ID,VALUE,SEGMENTATIONRULE_ID,SEGMENTATIONVAR_ID) SELECT 701,'CANAL_TV',169,SEGMENTATIONVAR_ID FROM SEGMENTION_VARIABLE WHERE NAME='ORIGEM';
INSERT INTO SEGMENTION_RULE_VARIABLE (SEGMENTATIONRULEVAR_ID,VALUE,SEGMENTATIONRULE_ID,SEGMENTATIONVAR_ID) SELECT 702,'TLV_TV_BA',169,SEGMENTATIONVAR_ID FROM SEGMENTION_VARIABLE WHERE NAME='IVR_GROUP';
INSERT INTO REGION (REGION_ID,DESCRIPTION,LAST_UPDATE_TIMESTAMP,NAME,LOB_ID) VALUES (18,'Region R3',SYSDATE,'Region R3',10);
INSERT INTO STATE (STATE_ID,DESCRIPTION,LAST_UPDATE_TIMESTAMP,NAME,REGION_ID) VALUES (18,'State R3',SYSDATE,'State R3',18);
INSERT INTO CALLGROUP (CALLGROUP_ID,DESCRIPTION,LAST_UPDATE_TIMESTAMP,NAME,STATE_ID) VALUES (36,'Callgroup 36 of State R3',SYSDATE,'Callgroup 36 of State R3',18);
INSERT INTO SCHEDULE (SCHEDULE_ID,ENABLE_TYPE,SCHEDULE_END_DATE,SCHEDULE_END_TIME,SCHEDULE_FRIDAY,LAST_UPDATE_TIMESTAMP,SCHEDULE_MONDAY,SCHEDULE_SATURDAY,SCHEDULE_START_DATE,SCHEDULE_START_TIME,SCHEDULE_SUNDAY,SCHEDULE_THURSDAY,SCHEDULE_TUESDAY,SCHEDULE_WEDNESDAY,CALLGROUP_ID,ROUTERULE_ID) VALUES (36,2,null,TO_DATE('2100-12-31 23:59:59','YYYY-MM-DD HH24:MI:SS'),1,SYSDATE,0,1,null,TO_DATE('1970-01-01 00:00:00','YYYY-MM-DD HH24:MI:SS'),1,0,0,0,36,10);
INSERT INTO CALLGROUP_DEST (CALLGROUP_ID,DESTINATION_ID) SELECT 36, DESTINATION_ID FROM DESTINATION WHERE DESTINATION_NUMBER='27278';
INSERT INTO SEGMENTATION_RULE (SEGMENTATIONRULE_ID,ACTIVE,DESCRIPTION,NAME,PRIORITY,CALLGROUP_ID) VALUES (170,1,'Segmentation Rule 170','Segmentation Rule 170',1,36);
INSERT INTO SEGMENTION_RULE_VARIABLE (SEGMENTATIONRULEVAR_ID,VALUE,SEGMENTATIONRULE_ID,SEGMENTATIONVAR_ID) SELECT 703,'R3',170,SEGMENTATIONVAR_ID FROM SEGMENTION_VARIABLE WHERE NAME='DDD';
INSERT INTO SEGMENTION_RULE_VARIABLE (SEGMENTATIONRULEVAR_ID,VALUE,SEGMENTATIONRULE_ID,SEGMENTATIONVAR_ID) SELECT 704,'CANAL_MOVEL',170,SEGMENTATIONVAR_ID FROM SEGMENTION_VARIABLE WHERE NAME='ORIGEM';
INSERT INTO SEGMENTION_RULE_VARIABLE (SEGMENTATIONRULEVAR_ID,VALUE,SEGMENTATIONRULE_ID,SEGMENTATIONVAR_ID) SELECT 705,'TLV_Pos',170,SEGMENTATIONVAR_ID FROM SEGMENTION_VARIABLE WHERE NAME='IVR_GROUP';
INSERT INTO REGION (REGION_ID,DESCRIPTION,LAST_UPDATE_TIMESTAMP,NAME,LOB_ID) VALUES (19,'Region R2',SYSDATE,'Region R2',10);
INSERT INTO STATE (STATE_ID,DESCRIPTION,LAST_UPDATE_TIMESTAMP,NAME,REGION_ID) VALUES (19,'State R2',SYSDATE,'State R2',19);
INSERT INTO CALLGROUP (CALLGROUP_ID,DESCRIPTION,LAST_UPDATE_TIMESTAMP,NAME,STATE_ID) VALUES (37,'Callgroup 37 of State R2',SYSDATE,'Callgroup 37 of State R2',19);
INSERT INTO SCHEDULE (SCHEDULE_ID,ENABLE_TYPE,SCHEDULE_END_DATE,SCHEDULE_END_TIME,SCHEDULE_FRIDAY,LAST_UPDATE_TIMESTAMP,SCHEDULE_MONDAY,SCHEDULE_SATURDAY,SCHEDULE_START_DATE,SCHEDULE_START_TIME,SCHEDULE_SUNDAY,SCHEDULE_THURSDAY,SCHEDULE_TUESDAY,SCHEDULE_WEDNESDAY,CALLGROUP_ID,ROUTERULE_ID) VALUES (37,2,null,TO_DATE('2100-12-31 23:59:59','YYYY-MM-DD HH24:MI:SS'),1,SYSDATE,0,1,null,TO_DATE('1970-01-01 00:00:00','YYYY-MM-DD HH24:MI:SS'),1,0,0,0,37,10);
INSERT INTO CALLGROUP_DEST (CALLGROUP_ID,DESTINATION_ID) SELECT 37, DESTINATION_ID FROM DESTINATION WHERE DESTINATION_NUMBER='27185';
INSERT INTO SEGMENTATION_RULE (SEGMENTATIONRULE_ID,ACTIVE,DESCRIPTION,NAME,PRIORITY,CALLGROUP_ID) VALUES (171,1,'Segmentation Rule 171','Segmentation Rule 171',1,37);
INSERT INTO SEGMENTION_RULE_VARIABLE (SEGMENTATIONRULEVAR_ID,VALUE,SEGMENTATIONRULE_ID,SEGMENTATIONVAR_ID) SELECT 706,'R2',171,SEGMENTATIONVAR_ID FROM SEGMENTION_VARIABLE WHERE NAME='DDD';
INSERT INTO SEGMENTION_RULE_VARIABLE (SEGMENTATIONRULEVAR_ID,VALUE,SEGMENTATIONRULE_ID,SEGMENTATIONVAR_ID) SELECT 707,'CANAL_MOVEL',171,SEGMENTATIONVAR_ID FROM SEGMENTION_VARIABLE WHERE NAME='ORIGEM';
INSERT INTO SEGMENTION_RULE_VARIABLE (SEGMENTATIONRULEVAR_ID,VALUE,SEGMENTATIONRULE_ID,SEGMENTATIONVAR_ID) SELECT 708,'TLV_Pos',171,SEGMENTATIONVAR_ID FROM SEGMENTION_VARIABLE WHERE NAME='IVR_GROUP';
INSERT INTO CALLGROUP (CALLGROUP_ID,DESCRIPTION,LAST_UPDATE_TIMESTAMP,NAME,STATE_ID) VALUES (38,'Callgroup 38 of State R2',SYSDATE,'Callgroup 38 of State R2',19);
INSERT INTO SCHEDULE (SCHEDULE_ID,ENABLE_TYPE,SCHEDULE_END_DATE,SCHEDULE_END_TIME,SCHEDULE_FRIDAY,LAST_UPDATE_TIMESTAMP,SCHEDULE_MONDAY,SCHEDULE_SATURDAY,SCHEDULE_START_DATE,SCHEDULE_START_TIME,SCHEDULE_SUNDAY,SCHEDULE_THURSDAY,SCHEDULE_TUESDAY,SCHEDULE_WEDNESDAY,CALLGROUP_ID,ROUTERULE_ID) VALUES (38,2,null,TO_DATE('2100-12-31 23:59:59','YYYY-MM-DD HH24:MI:SS'),1,SYSDATE,0,1,null,TO_DATE('1970-01-01 00:00:00','YYYY-MM-DD HH24:MI:SS'),1,0,0,0,38,10);
INSERT INTO CALLGROUP_DEST (CALLGROUP_ID,DESTINATION_ID) SELECT 38, DESTINATION_ID FROM DESTINATION WHERE DESTINATION_NUMBER='27961';
INSERT INTO SEGMENTATION_RULE (SEGMENTATIONRULE_ID,ACTIVE,DESCRIPTION,NAME,PRIORITY,CALLGROUP_ID) VALUES (172,1,'Segmentation Rule 172','Segmentation Rule 172',1,38);
INSERT INTO SEGMENTION_RULE_VARIABLE (SEGMENTATIONRULEVAR_ID,VALUE,SEGMENTATIONRULE_ID,SEGMENTATIONVAR_ID) SELECT 709,'CANAL_TV',172,SEGMENTATIONVAR_ID FROM SEGMENTION_VARIABLE WHERE NAME='ORIGEM';
INSERT INTO SEGMENTION_RULE_VARIABLE (SEGMENTATIONRULEVAR_ID,VALUE,SEGMENTATIONRULE_ID,SEGMENTATIONVAR_ID) SELECT 710,'TLV_TV_BA',172,SEGMENTATIONVAR_ID FROM SEGMENTION_VARIABLE WHERE NAME='IVR_GROUP';
